x1,x2,x3,x4,x5,x6,x7,x8,x9,x10,y
0.002125542,0.46737957,-0.766088425,1.162486951,-1.193971183,1.164347495,0.010943115,-0.810940805,-1.322537932,-1.262450605,9.021328395
0.504257244,-0.31519206,-0.67571153,0.694096747,-0.666619277,2.938188067,-0.595168999,0.491557919,-1.086410953,-0.291406361,-14.58690035
0.437767088,0.810414667,0.345756636,-0.855052657,-0.537443766,0.197656293,-1.206383562,-0.006579586,0.843147983,1.180124298,-84.07918962
-0.580504677,-0.917578385,0.618702622,1.113014444,-1.520694273,-0.905419251,2.120143134,0.83317137,0.767372161,-1.474048392,124.2284001
-1.34564742,0.521030275,0.494383934,0.108321369,-0.753817654,-0.053488455,0.760320439,-0.411508044,-0.501643079,1.652453374,42.03858327
-1.113328566,-1.113480661,0.399796741,-1.004024613,0.174371863,1.472746558,0.729215183,-2.133995392,-0.324434858,0.763928132,-45.16925409
-0.295444886,2.066548794,1.15208955,1.005167112,0.701985639,-1.569569421,-0.252713057,-0.48174411,1.539654611,-1.363156598,227.7756532
0.425489933,1.197246924,-0.58653127,0.224216404,0.156972961,0.61021617,0.714609791,-0.336254739,1.159074065,-2.049941279,-12.17047569
1.420184939,0.5921139,-0.486676323,0.943597776,-0.606083832,-0.382817481,0.706505464,-1.34964967,-0.545961927,-0.01912218,21.43896117
0.985986888,-1.099924837,-0.688894,1.001693477,0.342631897,0.339793842,-1.89532164,-1.022301642,-1.29407734,0.207707037,27.94029608
-1.799029278,-2.396549482,-0.746172407,0.539050329,-1.764631094,-1.757214759,0.288924861,0.341132221,-0.884588486,-0.016435359,-84.09926964
-0.76852146,-0.760439738,0.037082104,0.034415844,-0.839383504,-1.101077458,-0.553290275,-0.491800011,-0.539568235,-0.300480411,-33.09486762
1.019928605,0.53470395,0.698425134,0.460197681,0.456498035,0.281934303,0.006984916,1.854987357,0.401138261,-0.636198441,117.6640865
0.135524298,-0.127675044,-0.964694307,-0.822871073,-0.336409869,0.460027501,-0.783884202,-1.247428615,-1.55613518,-0.002970312,-172.1813325
-0.976831542,-0.36143127,-0.97475017,1.965859893,0.062361964,-0.857362112,0.098173026,1.393135224,-0.428815553,-1.346379119,101.181021
-0.015447039,0.521988326,0.580614434,1.682895509,0.259040477,-0.760212076,-0.93734889,-0.617113991,-0.266790604,-1.447874204,215.6758826
-0.224561968,0.887756584,0.294528325,0.645612146,1.028282471,-0.098391827,-0.692566395,1.100927922,0.6219137,-1.917355009,127.463868
0.692867714,-0.74723738,-1.626991378,-1.29618902,1.23381473,0.939398379,0.762453697,0.241820794,1.028713687,-0.172392295,-218.331204
1.275390738,-0.151714434,0.178694717,1.229214784,-0.393529856,-1.119546128,0.603094685,0.264775311,2.485189917,-0.850535279,121.5152187
1.685744192,1.232728342,0.113160011,0.794641204,-2.181175238,-1.058858009,-0.108333883,-0.083332201,0.464502165,-0.534854323,0.386998593
0.722826895,0.111799158,0.409636119,0.356972759,0.592530307,-0.608350765,0.081278422,1.184256645,2.388371993,-0.037893082,95.25099557
1.164464693,-0.15818938,0.74422912,0.85599729,-0.163278385,1.973733443,-0.462830523,-0.990426362,-0.604138287,0.672452775,139.3309451
0.135826835,-0.902180963,-0.29860016,-1.221575491,0.964631255,-1.28518643,2.206012462,-0.769314101,0.879491511,-1.053172594,-92.70100159
-0.983376723,-0.952398385,-0.250407994,-0.498322973,-0.808053429,-0.841913041,-0.034256819,1.520277989,-1.875809093,-0.08233055,-103.6909927
0.342501501,1.272091382,-0.749158526,0.276621292,0.624056732,-1.23252025,0.747906441,0.310637499,-0.353424541,1.171342412,-24.16567518
-1.177031631,1.562354509,-1.115126263,0.07321945,-1.618822572,-0.697541942,-0.655327523,-1.058146431,-0.552924016,0.194967706,-169.2465954
-0.083885857,0.872735201,0.196665326,-2.190647694,0.906694852,0.183352038,0.759753186,0.198431365,-0.71524039,-1.348990868,-153.1808951
-0.874437523,-0.293753085,-0.795648075,-0.49226368,-1.036936702,2.644988062,-0.520846206,-1.189550602,-0.489898704,0.122951182,-167.7552062
-0.754343191,-1.191407547,-0.369019782,-0.269981014,1.432037229,-0.482011918,-0.036038775,-1.041703335,1.277262127,-0.242942777,-3.629572485
-0.890715316,-1.178218826,-0.796560194,1.320806534,0.048453495,-1.503339397,0.150146661,0.20128029,-0.248788666,0.56210284,61.67130956
-0.875044694,1.375908419,-0.187609145,-1.016894514,0.352749609,-0.799136201,0.900915762,-2.882013363,-1.700072165,-0.614131809,-90.63612289
-0.364512637,-1.407940016,-0.16196305,-0.060339275,0.30560001,0.176744756,1.218710271,0.182202078,0.169295053,0.145906031,-12.5073389
-0.935435405,-0.187598821,0.379833455,0.567305625,0.99578351,-1.193711854,1.688311811,0.326670922,-0.12614155,-0.605962984,132.750673
-0.065408278,0.430129294,0.135688305,-1.101839177,0.11613578,2.204998844,-2.070399891,1.343758714,1.481668169,-0.359115596,-79.80875613
0.276994331,1.703727155,0.850004268,0.601936237,-0.532793213,-1.23735369,-0.041457962,-0.516767568,-0.682540046,-1.137600205,128.1656335
-0.182518293,-0.384575802,-0.626059846,1.224298285,0.62814422,-1.461421747,0.60029698,0.40107325,0.41979591,1.937999526,97.55114517
1.41830747,-1.410612006,-1.294804821,1.512985311,0.673544162,0.82511636,1.306860516,-0.231079737,0.200286441,-1.283717239,67.52998092
0.642121789,0.006251174,-0.244299405,-0.327275154,0.047448531,-1.114989502,-0.982756693,0.027110953,2.007781718,-1.405584083,-45.89471567
-0.871507592,0.509230233,0.2566812,-0.201237577,0.810563391,-0.570308855,1.702496561,0.491772516,-0.145979217,-0.921812584,60.44362098
1.131299145,0.367466853,0.988462347,0.607577503,0.510154193,-1.762472671,-1.253975614,0.407652708,-0.990203974,0.480188745,155.6468749
-0.142146537,0.338687318,0.37334856,0.31237821,-0.728077098,-0.360039269,1.192735165,0.590422061,0.731380253,-1.257868156,33.94046489
-1.951101864,0.143587937,-1.967069704,-1.117186462,0.14035987,1.200531658,-0.185845752,1.21897079,-0.056588489,0.309998983,-273.644878
0.941748855,0.528260761,-0.950845334,-0.323262259,-1.045717274,1.006883579,0.684493025,-0.592743729,-0.60732691,-1.260007898,-157.2554938
0.358917584,-1.039793225,0.987861582,0.459204182,-1.116450855,-0.440902189,0.917768198,-1.078315067,-0.656835469,-0.310396136,91.62373903
0.105752179,-0.429592946,-0.052814248,-0.606917967,-0.851527046,-0.942835,2.629238202,-0.110892997,1.084639913,0.835894151,-79.26046303
-0.57364256,-0.127723033,0.998634764,-0.51687546,0.236262334,0.157403715,-0.061214328,-0.535047754,-0.516785931,0.169964282,41.49896931
-0.819655383,-1.1002513,0.756818405,1.208666715,-1.878731321,-0.611234082,-0.692942262,-0.218259886,-0.479306929,-0.162014956,111.0689301
0.554045571,-0.115570842,0.155570357,0.087950095,-0.226866427,-1.662326583,-0.122200953,-1.378047323,-1.068628031,-1.22088752,30.82724637
-0.147340227,0.963925423,0.199610418,1.094179548,0.446536507,-0.058720427,0.479003143,0.194333463,2.178562174,-0.86130958,137.2006899
0.289744027,-0.990175039,-1.138462591,-1.889697787,0.252398207,-0.760733847,0.219601682,-1.282696623,-0.571170016,0.021233066,-274.8103679
-0.400119661,-0.583165717,-2.458169431,-0.980764844,-1.139061508,-0.43884999,-0.113656842,0.305085405,0.673133692,1.599123241,-369.8627615
1.422595198,0.486894811,-0.943601716,-1.171167668,0.526547779,2.022212563,1.253063727,-2.756462797,1.853834158,-1.037441696,-163.7242748
-1.182652631,0.653283441,-1.868336184,1.122644395,0.701508774,0.766602063,0.420338366,0.794332137,1.829876269,0.804265741,-33.9637439
-0.551978921,-2.272451717,0.88657217,-1.589963442,1.653610975,1.020049299,-0.283778036,-1.619340869,-0.119544946,0.876995651,-10.27539883
-0.391322078,-0.931756782,-0.762948073,-0.762692626,0.303949667,0.200124064,0.711026547,-0.470582656,0.702262372,0.913392024,-130.0251434
1.251579383,-0.456234005,1.56102293,0.831364254,-0.790331382,-1.909582767,-0.546220415,0.514140991,0.100622111,-0.518837043,176.1464413
0.719791422,-1.992392014,-0.436375943,1.402239356,-0.334098176,-2.901070629,-0.603223103,-0.590320024,-0.079228777,-0.266357059,77.58768917
0.370169635,0.426442716,-0.368795865,0.35330644,0.71465398,-0.335117068,-0.518497337,0.512074819,-1.566265367,-0.493052496,18.93168206
0.47200515,-1.229808951,-0.42274374,-0.702562621,-1.51378433,-0.798381363,-0.086373155,0.184807196,-0.282471312,0.476379403,-155.7364664
0.092376792,-1.564622127,-0.77302971,-0.870727772,-0.883719141,1.892191761,0.724591779,-0.918019062,-0.158537692,0.448485454,-184.5270419
0.762510581,-0.57934057,2.35033912,1.27081223,0.17695925,-1.878856914,1.116564269,-2.423747318,0.35952316,0.245602817,339.508352
-1.582427974,0.816837011,-0.039894384,-1.404239566,2.539381623,-0.480647941,-0.134180211,-0.5894524,1.673363946,0.519358746,-36.23590654
-0.174362836,-0.725617457,0.592102983,0.623011029,0.990124787,0.413626378,0.535654051,-1.324861304,0.367529048,-1.102084565,154.6052055
-0.015677959,0.610284086,0.232034679,0.003551273,2.023879617,-1.043291206,-0.426383407,0.974422739,-0.194417642,-1.030702651,97.47657624
0.111220915,1.229781527,0.950279283,0.322047204,1.394339052,-0.656873282,-0.399553056,1.57039184,-0.464468633,1.064275872,177.3203715
-0.30737032,1.243941925,-0.610149746,-0.052611873,-0.114170268,-0.717263906,0.698432782,-1.139182124,1.109371569,-1.6540355,-65.67189201
1.208257637,0.132616383,-0.223644242,1.170967767,-1.458150843,-0.006227679,-1.884254673,2.652242335,0.575462035,-0.094036327,19.1521079
0.091760777,-1.987568915,-0.035826039,1.564643656,1.538036566,0.361395606,-2.619745104,-0.29900735,0.087047068,0.821902504,198.3818191
0.713173242,-0.022411243,0.792138426,-0.157572601,-0.545273726,0.524107003,-0.221673472,-0.526699333,-2.428118057,-0.248913117,43.50451642
0.02012113,0.891700581,-0.843298311,0.702030324,0.10649398,1.143566045,0.197675567,0.391828708,0.428352914,-2.521604801,-2.635361489
-0.42924442,0.58855327,-0.180391682,1.372848475,-0.357445423,-0.190039035,-2.211861911,-0.266652329,-1.423957152,1.533433701,76.35308173
-1.150760867,0.729934089,-0.632914386,-0.89091409,-0.819332642,-0.161979184,-1.997574875,-0.060467301,-1.599037897,-0.817521801,-193.7438165
0.905355113,1.631218819,0.297905957,0.061990835,0.545971837,0.971910993,2.530632093,-1.173060858,-0.696886373,-0.157409778,59.51212887
-0.229208925,-0.165015811,-0.715047798,-0.079343747,-0.616763379,-0.762444182,0.120681036,0.760491624,-0.221322935,-0.148161141,-91.54104484
-1.782875016,0.072399599,1.570886474,0.640337111,-0.368484914,0.478530831,0.07770846,-0.606204077,0.977908269,-0.122653672,185.9432249
0.424066862,0.039447048,-0.916320919,-0.836920704,1.452616745,1.065171966,-0.140375059,1.352202679,-0.524567014,0.307612668,-98.44800973
-0.347186495,0.77080222,0.256170606,1.193311006,-0.25494697,-0.538760837,-0.771740815,-0.80152759,-0.512534111,-0.497961847,120.4018684
0.852134023,0.885043397,0.003313782,0.588611846,-0.118380256,0.65269752,1.74610532,-0.187092513,-1.356736983,0.3036418,57.52452521
2.200923818,0.21789739,0.782416705,-1.137794331,0.699185252,-0.525183357,-0.260989334,-0.47120304,0.79995243,-0.752921869,-25.94033132
0.27331125,-1.204329827,-0.160904938,-1.188384671,0.169944711,-2.021002321,0.193798714,0.26816695,-0.215567943,1.027070301,-107.1146389
0.460788848,-0.393392438,-0.328830827,1.034799131,0.809054289,0.554254476,-1.084470624,0.99501758,0.835969924,-0.005330573,87.06606202
0.986915193,1.811221387,0.490433417,0.774141316,-0.366755766,-0.460900984,-0.366414158,0.73833686,0.340816394,0.344309828,92.08076584
0.551141902,1.248342161,-1.334286501,-0.758351984,-0.210791318,2.068547584,-1.508890862,0.739479575,1.080448327,1.359426918,-211.4118799
1.494624986,-0.359291091,0.277983277,0.622496539,-0.341823565,-1.269101722,0.266016183,2.673803107,1.339512477,-0.510207804,83.51440827
1.052181263,-1.597325341,-0.038171505,-0.495280949,-1.572782833,0.113866894,1.034011254,-0.191450718,0.473192846,0.244412759,-114.5573566
1.781399717,0.566607833,1.277876521,-0.372775794,-0.874776224,-0.435193332,-0.724914154,0.625110546,-1.380352935,0.70695501,63.58291797
-0.115188329,-1.183085515,0.180305051,-0.956135703,0.335317256,0.822682427,-0.590818348,0.375359696,-0.051509194,1.245041008,-62.18861161
-0.720824713,-1.227721601,0.030063752,0.680299495,-0.891001585,-0.693759539,-0.074913332,1.01165367,0.260707291,1.134425276,50.89734332
0.388647246,-0.268621624,-1.208482204,0.412083465,-0.521766657,-1.848110112,-1.113064101,-0.479353943,-0.186436416,0.433063947,-93.46655299
0.055396912,0.435048372,1.371098814,0.017969915,-0.825769095,-0.744243367,0.565247124,1.278873765,-2.358464142,1.5142476,106.4069542
0.143423188,-1.86181926,-0.139878681,0.488661537,-0.097965732,-2.447495142,-0.523143746,-1.612368118,-0.007774944,-0.771036314,15.77018397
-1.724985434,-2.424264871,0.446446783,-0.105001503,-0.468477651,-0.43117972,-0.753264212,0.435415653,0.140425867,1.104263067,17.2275017
-0.300980312,-0.631437027,0.612332214,-0.97858839,-0.470203339,0.243134655,-1.381591718,-0.518069019,-2.223574168,-1.798214739,-57.53521883
-0.759994528,1.101674679,-0.849317005,0.245900551,1.076617589,2.301517677,-0.264716768,2.031951025,1.25143756,2.064476317,-6.694428884
-1.482231424,1.151665583,-0.070905363,-0.335166973,-1.128634514,0.422324797,-1.744532889,-0.114950931,-0.183540322,-0.690276233,-112.411484
2.189802933,-0.808298285,1.451143608,0.959270826,0.497998291,0.024510174,2.153182458,0.183342006,0.872320637,-0.767347563,271.3807173
1.68600695,2.411640192,-0.850008255,-0.27879498,-0.596772476,-1.383859019,0.067470025,-0.877355735,-0.346973453,0.430013524,-112.8419113
-1.807041395,-0.274845301,0.167570106,1.162259598,0.375455858,0.613770856,-0.539591221,-0.904947833,-1.632014885,0.894910556,151.986301
2.03721064,0.147076827,-1.68727908,0.831211103,0.10254144,-1.124121859,0.871555966,1.380138939,-1.121134013,0.327170553,-64.97061182
0.271859148,-0.13526668,0.738445166,1.387498332,-0.174484169,3.602415024,-0.195999343,-0.885465626,-0.502830894,-0.114941886,197.6332468
1.288210471,0.838146897,-0.720162904,0.070697022,0.013835723,-0.703736957,-0.380468536,0.839247845,0.878205565,0.167650155,-60.50598958
-0.437737322,0.181989883,-0.365677083,0.504270748,-0.814010669,0.33011379,0.521449399,0.306450863,-0.0822537,1.336969074,-18.4159598
-0.868031778,-1.411067608,-1.332976236,-0.978367876,0.475056731,0.95624915,0.657456627,-1.331176797,0.33870386,-2.003684112,-194.2965886
0.381352835,1.365526463,-1.307776565,-0.345104097,0.078007418,1.282794969,0.044062567,0.142377913,1.38866452,-1.835768756,-142.9871229
0.501063248,-0.677362423,-0.048560115,0.763642584,0.447701348,0.21330816,1.618010573,1.547033064,1.084617991,-2.475065283,100.1743734
0.712383345,-0.787661592,0.303692594,1.586197265,0.455902633,-0.765884068,-0.041679778,2.138055212,0.646870465,-1.754758418,199.7791512
-1.259562729,0.357192879,-1.831651229,-0.901103287,2.239965192,-0.204860634,-0.136096459,-0.080987909,-0.549544591,-0.197529337,-166.7240413
0.793537634,1.214872853,-0.313376261,-1.05585564,-1.365626806,-2.769028882,-0.831666596,-0.694668188,1.028813324,1.390570158,-182.6435206
-0.278667945,-0.229514187,0.114033888,1.424089097,1.229381794,0.092366561,-0.980028577,0.388636064,-0.593399569,-0.127640069,204.8010254
-2.265547792,1.113737514,0.140078456,-0.140530528,0.041701005,-0.780467988,-0.021818797,1.169118043,0.481036813,0.126218468,-8.666248278
-0.813259321,-0.389843054,-0.289737087,-0.198581323,0.837853795,0.919560547,0.726263938,0.486936557,-1.930908201,-0.200663143,3.394272941
-0.092599395,-1.868974076,1.511283124,-1.312660561,-0.051918359,0.271940591,1.021458104,1.116979428,0.698399121,0.822342299,23.02228461
0.17165377,1.8540238,-0.171825045,-0.45902325,-0.827892867,0.404747505,0.435358127,0.348198828,0.891078677,0.550303674,-78.16294663
-1.124799201,0.754719239,0.170812854,-0.339043664,0.141572135,0.512030257,-0.060548522,-0.491101519,-0.004766039,-1.107461328,-11.34216755
-0.332283443,1.441772856,-0.343293318,0.996342208,0.055865321,-0.175549875,0.39173569,-0.014812973,-0.51255834,-0.558485161,83.23977164
0.028318376,0.029756139,0.271578837,-1.276748576,0.207687687,0.429618219,-1.08105654,0.681500697,-0.039555154,1.053152853,-89.02382348
-0.326293224,0.023865018,0.765504084,1.093099883,0.971738013,-0.522212227,-0.023133519,-0.257565935,-0.586136264,0.883024558,197.1135475
-0.078939127,-0.667487831,0.370828126,0.656964104,1.271215052,0.468651688,0.710132527,-0.899903835,-0.0328278,1.144786543,152.9134818
-0.373769093,-1.566901408,0.914502275,-1.882583338,0.201054246,-1.021206509,0.026230613,0.085973194,0.667484253,-1.65317784,-86.21316067
1.022036056,-1.56025613,-1.047316627,1.43303262,-2.209349818,1.590840569,-0.469719905,-1.431814697,1.512037142,-1.30145988,-41.33348251
-0.243406475,0.115239867,-0.586744761,0.076732859,1.361760913,1.160082512,0.183454226,0.190210959,0.014381996,0.619349295,21.54354359
1.015612059,1.351234431,0.436283838,-0.010054952,-1.49094031,-2.264218639,1.284280451,0.309081124,-0.740588292,0.072924396,-13.08041595
0.246906063,-1.125197828,1.14336153,0.184858654,-0.770424799,1.617044925,0.252194854,-0.22056594,-2.202913353,-1.970308581,99.58928775
1.521388096,1.260144955,0.868152611,-0.465814222,-0.815087653,1.14712929,-1.698709526,1.560801157,-0.021988836,-2.100250564,14.5754765
0.510678883,-1.609287087,1.28548695,-1.204814341,-0.204785258,0.756594119,-0.093952366,1.031761904,-1.17051493,0.399584553,4.80013067
0.34361829,-1.763040155,-0.115648282,-0.301103696,0.171368281,0.73846658,-1.47852199,1.057122226,-0.460638771,-0.719844208,-27.37697203
-0.195183951,0.409869989,-0.122331052,0.263291248,0.116538428,-0.75323999,1.561870121,-1.665797303,-0.468844654,-0.546183013,17.98501939
0.787068356,0.006417142,-1.453932005,-0.502766321,-1.682252097,-0.695806565,-1.612523488,0.919272581,-0.082831163,1.550372565,-240.9901678
1.181064011,-0.687728122,0.836614897,-1.06623572,1.194744949,-1.664320692,-0.094267148,1.799856823,0.578599346,-0.854377838,0.668294488
1.347090893,-1.473647181,1.003005943,-0.52116069,0.189283742,-0.403067783,1.723093446,-0.239163034,0.164143665,-1.298822379,51.05415622
1.017957052,-1.296048693,-0.855482696,-0.27362761,-1.036329197,0.324345711,-1.05232947,-1.833170452,-1.193375769,-0.475534447,-163.4841422
1.335104617,0.938611079,-0.943705431,-0.505017271,-0.282312042,-0.790623991,-0.163925977,-0.463784371,0.949257302,0.402262345,-161.3283527
-0.021355288,1.215723919,-0.614771114,0.811561325,-1.6905066,-1.176728683,1.152455659,-0.332045636,0.080031089,0.181397737,-43.53556157
0.027999545,-1.060884256,1.154590248,-0.247086497,1.247496724,1.13242311,-1.003476561,1.947256739,-1.365054443,0.988922917,119.4594676
-1.912610843,0.449335053,1.328661405,-1.340122002,-1.116586029,-0.318339189,0.629366903,1.010600853,0.917873303,-1.597393944,-45.16729534
-1.459523374,0.097794783,-0.595052706,0.043083742,1.763537502,0.381726647,-0.647848453,-0.525442991,-0.568469501,0.294698361,13.83845056
0.032835809,1.535630979,1.558628017,-2.193647926,0.579577847,1.444850287,0.461228261,1.546398687,1.756377988,-0.515434865,-30.47808402
0.095344199,-0.263448216,0.260442263,-0.538841856,0.582026567,-0.696771818,-1.008554684,-1.564802771,0.349650047,-1.962625692,-1.173294223
0.265698337,-0.385897619,-0.316420721,-1.053592515,-0.454551176,-0.904820385,-0.386096156,0.33334072,0.591127942,-1.451964087,-144.186166
1.924037844,0.912659138,0.937013937,-1.091880572,2.210959211,1.395861697,1.763519333,0.054777767,-0.304491454,-1.56143226,88.55159438
1.480309601,-1.374965648,-0.612253862,-1.110603718,-0.431545803,0.55243681,0.193486848,1.15176037,0.734845193,0.623120098,-161.17531
-0.002277841,-0.518744527,0.202773647,-2.510596255,-1.145438547,0.344231605,-0.670581549,-2.128014713,1.755446618,0.106099088,-272.0546977
1.585774568,1.055798238,-1.15502984,0.759912843,0.148531016,-0.322676465,-0.996867095,1.203958965,0.648801816,-0.605569655,-37.8961451
-0.492096223,0.639976094,0.20798328,-0.601362679,0.779143806,0.913249686,0.563757359,1.104756382,-0.671881984,-1.646326952,-3.51226673
-0.019063398,1.207288311,1.933632703,-1.137678865,0.357294558,-1.550310586,0.738055412,0.06582268,1.133149537,-0.811599615,100.1088512
-0.18166957,-1.386970448,-1.287223181,0.781511726,1.72633531,-0.825092973,-1.40516386,-0.486695349,0.093309938,-0.315705552,21.03490223
0.190835298,0.344497787,-0.709350038,-0.522783473,-0.66398028,0.416621186,0.580063047,-0.883034587,0.157379444,-2.30221368,-147.1368631
-0.444653839,0.987349972,-0.843934598,0.93259245,-1.615505852,-0.476492678,-0.962632808,-0.791062218,1.386404098,0.663654475,-50.03946473
-0.908024076,-1.412303701,0.241962272,-1.913280245,-0.465729754,-0.463417693,-1.724917833,0.314247333,-1.01283112,-0.562287529,-189.9285289
2.171993209,-0.353705042,-0.856100827,-0.954709834,0.829343925,-0.027947771,-0.266572285,1.830468475,-0.803341975,-0.491879455,-143.6911843
1.188823314,-1.534868109,0.75763789,-0.060659082,-1.084690365,0.512349567,0.501204182,0.182715526,1.045911589,-0.801551501,16.04149161
-1.117638596,-1.040159394,-0.4355109,0.114626418,-0.413705636,0.823120026,-1.378111257,-0.701798016,0.9340682,1.90078194,-64.91848706
1.043995191,0.928790598,-0.819708801,-1.466809465,-1.035230843,-0.28997678,0.14056955,-0.127590681,-0.495322982,-0.862138782,-244.2154979
2.116178536,0.577844528,0.897683676,0.143323395,0.433389489,0.040727332,0.364795269,-0.01928201,0.439752288,0.176031892,102.8056941
0.169532383,0.21449162,0.637429222,0.560503236,1.049033379,0.75638996,-0.99060115,0.028568439,0.830892778,-1.415257925,150.2439989
-0.258958835,-1.561878572,0.59252101,0.630107996,0.146632588,-1.030095076,-0.058607076,0.26652165,0.451547491,-0.240702572,98.41625076
0.025388421,-1.919673156,1.992515353,-0.766656588,1.719377906,-0.605860821,-0.549557136,-0.045411218,-0.38713065,0.859587887,179.95713
-0.517692573,-0.088091244,-0.984993126,0.19868001,-1.405563054,0.022630853,-0.079067342,0.696167997,-0.48083379,-0.57912411,-126.3166271
-0.334529433,-0.288764547,1.103905756,-0.678409744,0.831114781,-0.404175238,1.767130781,-0.454379547,-1.507113346,-1.784216733,76.57294013
-0.605775415,-1.72434368,1.553131204,1.772811724,-0.361597382,-0.882537059,-0.575493435,-0.286872979,-0.55227449,0.577786631,295.4673754
0.108784906,-1.068437486,-0.367143571,1.122969372,-1.610169798,-0.835939776,0.655960552,-0.389762136,-0.416705484,-0.001571807,5.625434602
0.784049337,1.986584314,-0.901406888,1.138857446,-0.175665766,1.18707341,0.801002204,-0.540531968,2.514305095,-1.051741115,8.087393266
0.654688493,0.565200217,0.464487606,-0.359755017,0.63695254,-1.243673114,-0.291332006,-0.28279321,1.19036142,0.470392742,25.15106615
0.186527574,1.10916985,-0.175729296,0.827451084,0.968014464,-1.209087464,0.031891582,1.480024286,0.163944953,0.008676042,98.57873252
-0.882389303,0.549669813,1.109207983,-0.610220693,0.278079596,0.289811196,0.688285108,-0.800391104,1.983272656,-0.830882664,50.81773444
-1.179369122,0.172254386,-0.346426506,-1.611567359,0.224234745,1.855503315,-0.26265952,0.462483624,0.960304796,-0.336386945,-178.4203639
0.385684921,0.301972494,0.94756976,-1.395904584,-0.437293997,-2.490388895,-0.333453176,0.007375192,-0.784276782,0.319661931,-69.11016404
1.271881638,0.520420695,0.105384861,-0.716439896,-0.627106108,0.723820016,-1.089388757,0.013782765,0.955725193,-0.896373651,-76.48347207
0.534547801,0.234039659,0.674733983,-0.072899459,-1.061626945,-1.528938905,0.991512652,0.062834419,-1.333704659,0.357932278,27.63323729
-1.078224544,-0.126553843,0.675401328,0.980671996,1.576224285,0.00634531,0.339733523,0.40848936,0.166529173,-1.66153407,228.9567292
0.19493491,0.013915939,-0.998474629,-0.011088534,-0.046824465,-0.098000922,0.653293963,0.725011446,0.184180528,0.295712118,-107.8766503
1.931507735,0.139308409,0.648940416,1.244789386,-0.047994532,-0.387854524,-0.261547154,0.828875148,-0.183904581,1.888060241,170.312279
-1.560170825,2.117324144,-0.095124878,-1.412075606,0.000223948,-0.962141228,0.165491564,1.272483331,-1.12834157,0.966139661,-151.8578472
-1.203293303,0.021458174,0.054141161,-0.774682187,1.698671306,-0.026756336,-0.020466725,-0.332841929,2.191833141,-0.064248736,11.29069104
-0.76914528,-0.934005502,-0.516709109,-0.219526582,-0.888924809,-0.391267715,0.720013532,-0.351513377,-0.823861311,-0.407660579,-89.90089083
-0.026592523,-0.556282357,-0.023507382,1.255933632,-0.065374208,-0.791646243,0.931032852,-0.404015954,-0.146549617,0.550992241,145.6660803
-0.769502557,0.963132362,-1.393759536,-0.062682343,-0.511774188,0.244672034,1.091813534,-0.70914659,0.242152407,2.266228286,-146.9839066
-1.556760866,1.100960948,-1.263559945,0.217069581,-0.222042569,-0.497696806,0.237003202,-0.333562477,-0.150741569,1.094722884,-106.95385
-0.697031469,0.284839695,-0.491410417,1.346480596,-0.87305256,0.824884038,1.559741947,-0.4309438,0.249736068,-1.1470656,50.00249125
0.05420388,0.195907495,-0.667369699,0.230409535,-1.122931093,1.009230585,0.377751113,-1.877462836,1.862276655,-1.047726901,-69.3400069
-0.1226551,-0.818524806,0.196272338,1.312549194,-2.259386258,-1.54490937,0.344133705,0.328766851,1.583717546,0.623599527,52.17155213
-0.139446276,-0.450189265,0.088657591,0.197315707,1.236130722,0.965397485,-0.617651895,1.203884437,0.61577115,-0.316072856,79.40221558
0.257550391,-0.074445916,-0.342714517,-0.802277269,-0.420645323,-1.415370742,-0.161285712,0.174577813,1.886185901,0.404050857,-120.6679286
-0.141241821,-0.856501957,0.646045343,-1.108174696,0.907979758,-0.588340057,0.682489209,0.403940416,2.333035562,0.289784479,-4.764676024
0.784095596,-0.060406132,0.179127814,-0.648446135,0.494176289,1.21075774,0.030504815,-1.080057475,-0.859386131,-0.537829068,-17.22530886
0.6952675,1.127281123,0.991646378,0.601052935,-1.017245369,-1.292966012,1.386780657,0.426567912,0.296583837,-0.682742845,123.2143886
0.881059516,-1.20288505,0.232169173,0.034104751,1.245467924,-0.382896494,0.010533192,-0.575385923,0.285915932,0.541458547,68.53079776
-0.459605299,-1.063258687,-0.859459723,0.679373171,-0.103587895,1.283354577,-0.304667834,0.005205262,-2.729404385,0.620500899,-3.088353506
0.028375062,-0.437955636,0.320580078,0.537907542,0.888271212,-0.014816292,0.349328909,0.164889961,-0.200410983,0.846219015,132.7780593
-0.483975878,0.43919866,-0.928097757,-0.761113469,-1.257737983,-1.653317478,-0.842129722,1.426184692,-0.907144205,1.020456073,-215.9395297
-0.552790918,-0.595305698,-1.573629022,0.372081479,-0.064203795,-0.990736919,-1.115246536,0.280891127,-0.372064325,-0.278310256,-100.9897592
-0.976366334,-0.280560831,-0.115840617,0.374492303,1.925929815,0.225463154,0.777176406,-0.818209308,0.843943792,0.513408121,104.7248524
0.566540987,-0.6484692,-1.768156912,-0.30067436,0.081844335,1.057960714,0.46330151,-1.224402207,-0.275895721,-0.333047621,-180.8568787
-0.241063222,-0.434033354,0.226542751,1.297916506,0.180468142,-0.813813642,1.262577407,-0.663833103,-0.475484741,-0.057502969,168.5570769
0.203265999,0.42635283,-0.420421594,-0.609215279,-0.072239966,0.347885116,3.065525898,0.244740448,-1.446289681,-1.541048225,-72.59166545
-0.46385443,-1.098186384,1.078125396,-0.086217098,-0.953040463,1.923513488,-0.129673052,-0.997264958,-0.28478941,-1.53653069,50.26079854
0.284914397,1.195859157,-1.341530571,-1.42163288,-0.054018743,0.458736448,0.453202917,0.970167053,-1.046257199,0.697547535,-258.54735
1.203567675,-0.513849707,0.025494506,1.152379179,0.820083989,0.865793566,0.968785034,0.712897773,-0.528808529,0.888381924,136.2013908
1.435065412,1.460818718,0.676837654,-1.081109348,-1.211768207,0.94916607,0.82354612,1.141454578,1.333638562,0.017219583,-81.09742087
-0.328618476,0.603187431,-0.869663081,1.125434784,-0.902051554,0.376409526,-1.189411893,0.638391926,-0.900620735,1.642672953,-17.89996362
-0.372319053,0.437313187,2.281651837,-0.617641677,0.71232216,-0.409686593,-1.535040248,-1.883150208,0.712712029,-1.880010034,161.3114883
0.452874327,-0.26621295,0.649093384,0.920509575,0.102814243,-1.086636189,1.562265111,-0.663092174,0.250514204,2.94524629,158.414419
-2.239827031,0.190895098,-1.275806193,1.859647494,0.43763343,-1.532380399,-0.937070284,-0.729377739,0.159111966,-0.000360725,86.88558165
-2.072135116,-0.204932474,2.305636837,-1.01558138,0.503232385,0.933810426,0.822572921,0.976506589,0.157346568,-1.311543966,141.8495371
-1.401291875,0.562278475,0.925654881,-0.486609205,-1.455252844,2.720464346,-0.808866302,1.591552851,-0.453957095,0.537731991,-16.79481449
0.910077166,0.615742083,-0.401670309,-0.362977078,-1.979459576,0.112739751,-0.158726869,-0.809128899,0.662841769,-0.525847764,-154.0844931
-1.671972472,-0.472692278,-0.417265365,-0.083410735,-0.233077192,-0.087553546,-1.102776374,-0.34997008,0.533325031,-0.434820613,-62.7362127
-0.582061334,0.399044141,2.865212023,-0.901992649,1.902558205,1.526812664,2.824220426,0.327072375,-0.592465455,-0.354206389,265.0147808
-0.110665369,-0.896642227,-0.0990943,-0.602820656,-2.12722742,0.846770775,0.432262951,-0.712173864,-0.707625895,0.470044187,-150.3935797
-1.793153502,-0.048319679,0.549126676,-0.529992932,1.409045966,-0.195593237,-0.424475918,-0.308147629,0.874739622,-0.502586514,51.24438496
-0.729646402,0.583050731,1.195406499,1.115124315,0.694545552,-0.069333708,0.360828408,0.513601234,1.741660664,0.819346906,256.2721804
-0.58917905,-0.879673813,0.587835122,0.585070202,0.776087373,-1.548261668,0.138225237,-0.607077191,0.871993465,1.532978248,131.3290136
-0.745878506,1.161222273,-0.335037892,-1.133075173,-0.26216392,-1.505571341,-1.486162275,-1.16739698,0.324504322,0.492719347,-151.5109344
-1.29312225,0.083872502,-1.441910356,0.945929585,-0.183245243,-0.202338907,0.953176254,-0.706706768,-0.629220673,0.789075201,-38.9717803
0.06688656,-0.626513756,-0.209658877,0.76575294,-0.242063443,0.762516581,-0.372107591,-0.677141021,0.847546989,-1.439590398,42.06695178
-0.904754617,0.890004553,0.324593444,-2.225207269,2.440511662,-0.049296378,0.770112399,0.598398228,1.159344912,0.55946522,-87.83929831
0.278618862,-1.051767548,1.760127464,-0.346548938,-0.121712979,0.401096751,-0.144415165,0.813822932,1.076291285,-0.345102721,108.1295629
-0.282124943,-0.630863511,-0.829320374,0.591571018,-1.124200097,-1.279647848,-0.381237287,1.29500715,1.270088025,-0.207161689,-66.55123562
1.23462309,-1.093166232,0.304776545,-0.939495512,-0.04345314,2.06231642,-0.634671123,-0.74760878,0.849725657,-0.331974238,-68.95199801
0.455837678,-0.556052557,0.117844326,-1.039968152,0.898627867,0.912602314,-0.611913053,-0.340720772,2.448812306,0.595157324,-63.07101878
-0.053106802,-0.550981804,0.496400118,2.075065039,1.074333005,-0.487705373,1.180128174,0.763860352,-1.38786855,1.144293069,278.307229
1.408615401,1.135133005,1.230921802,-0.798767137,-1.201182365,-0.139248795,0.7863296,-1.608848674,0.704197206,-0.875503307,-11.20545984
0.505519366,1.553796946,-0.885102359,-1.23058844,-1.606625719,0.453476405,0.786717105,0.531530363,-0.209699154,1.672862637,-241.6154017
0.787985453,1.046764344,-0.087731667,-0.990685455,-0.557841142,1.912797586,0.155213544,1.419748169,1.158451943,-0.156399369,-125.8825929
1.455498292,2.163976333,1.400099812,-0.627662696,0.520677767,0.366327484,-1.488258213,2.453938673,-1.422633469,0.200094059,88.4395201
0.177005641,0.683043797,1.660938819,1.429117205,0.580113373,-1.454954466,-0.584044147,-0.043525163,0.550253806,0.668655161,316.1110797
-1.024186824,1.854092566,-0.716822321,-1.866536617,-0.193659459,-1.141689114,-0.082680686,0.630811685,1.513449743,-0.121747508,-252.920621
0.34066142,-0.071674158,-0.131981525,1.125326607,0.655163897,-0.758481816,0.561688792,-1.482039572,-0.09132845,1.918111328,120.9767019
1.323745549,0.550267468,-0.236341623,0.186319936,-0.949646638,0.895954918,0.57045806,-2.02934813,1.157006698,-0.98843941,-33.29203267
0.128899913,-0.917723358,-1.105554194,-0.676074507,1.063800351,-0.793084092,0.586319709,0.581676885,-1.391885421,0.744960811,-109.9833904
-0.126176001,-0.337503298,0.254773349,0.417904512,-0.280418168,1.195947201,-1.02357086,1.559791456,-0.664805886,1.459888832,38.15954548
-0.307957068,-0.064773332,-1.314053505,-0.545504858,-0.275442807,1.487358277,-0.874407887,-0.633694771,-0.593953519,-0.575674352,-189.414728
-0.25556531,-1.193627213,-0.297978667,-1.645476087,-0.74152106,-0.644914617,-1.957596294,0.87940058,0.114734874,0.09805549,-225.4276886
0.724130216,0.467984004,1.66907943,-1.154346485,-0.770220506,-1.493741741,0.009546318,0.562745105,0.33794522,-1.396361002,13.71730895
1.787239965,-0.433990462,0.611070905,-0.766466431,1.493709759,-1.92556736,-0.933119089,-1.925977818,-0.246918327,0.673472796,42.9811825
-0.521266597,0.105162306,0.928294612,-0.510240622,-0.837749952,0.183612171,-0.824703909,-1.207331997,0.365391819,-0.112831988,-25.95816298
-0.732382746,-0.907496381,-2.741489429,0.388214992,-0.036941186,1.512234911,-0.19845644,0.975107143,-1.67920809,-1.829094414,-218.4394766
-0.308591521,0.448459062,0.902321752,0.789334773,1.095890781,-0.815166671,0.111838865,0.057329748,1.086669899,-1.598573562,198.5725421
0.668800835,-2.314407091,-1.868897971,-0.073832949,-0.615910983,-1.222743226,0.587118688,-0.804652028,0.017020271,-1.347424967,-198.6484516
1.112211633,-1.649664848,0.101424044,-0.042278023,-0.985839717,-0.260727389,0.163045648,0.380476247,0.236818861,0.502491302,-30.47279351
0.594854373,-0.613211892,-1.284727766,-0.331024334,0.677969971,-1.04692175,0.454704396,-1.065802711,0.258887516,-0.066165935,-121.0853073
-1.905573579,-2.152850902,0.680378377,-1.324388126,0.001691321,-1.554621124,-0.465227276,0.223371195,2.851407645,-0.247116401,-78.72099195
-2.492389652,0.659849612,-1.165974186,0.102690517,1.850781142,-0.407015892,0.247846282,-0.398327013,0.686827495,-1.070320549,-24.09174663
-0.753203782,-0.113592162,0.790759312,-0.022030073,0.877826031,-0.141708722,-1.768131033,0.722674825,1.74585897,2.99281057,113.953888
1.27763335,0.510732066,1.783918607,-0.004252097,-0.533545337,1.410312307,2.589389717,1.399903441,0.57619275,0.144686131,153.3057612
1.043042527,0.595831865,-0.733607946,-0.725518304,-2.20593518,0.727490204,1.187127252,-0.128128414,0.22665736,-1.113844377,-204.678953
0.68679962,-0.791013214,-1.309846792,0.815761436,-0.664435252,1.915264496,2.614370011,2.861139293,-0.748632724,1.106940633,-23.47339603
-1.777975535,-0.224166329,-0.131700254,-0.591488257,0.020692583,-0.37074422,1.189172783,0.877362209,2.360882172,-1.412258627,-51.16559415
0.46039744,-1.697019813,-0.611062715,1.61931398,0.949165063,0.212669956,1.041710199,-1.255417564,0.054504422,1.471451303,142.5978843
-0.331164266,-0.212234302,-1.59418268,0.030268671,0.032426604,1.856672338,-1.213712199,-0.170910053,0.524864992,0.863605507,-130.3633147
-0.997228287,-1.059037122,-0.442589293,0.007727893,0.089395279,-2.068375715,0.945311771,2.044481557,-1.873005831,-0.552569346,-29.69960532
2.566365573,-0.146463402,0.690360625,0.651033858,-0.447577179,0.020887163,0.214766492,1.001857194,1.326826735,1.717119154,91.47864358
-1.260278725,-0.744108766,-0.484162118,-0.530711658,-1.844204747,-0.075520629,-0.014777498,-0.231232158,1.673616756,1.508035229,-152.8161047
0.640056081,1.688157053,-0.813971796,-0.609902707,-0.474956705,0.855735321,-1.445610201,0.786298231,-0.772673391,0.04042894,-159.4162489
-0.825291961,-0.492918275,0.24207067,-0.850975081,2.698328836,-0.90265436,0.86392355,0.840606713,-0.187727024,0.769135779,44.85205268
1.42684382,1.320992189,1.763870232,-0.028896288,1.375740387,-0.837484725,-0.539426061,0.081969205,0.795630873,1.627119424,199.6592661
-0.236811875,-1.375855602,-0.60039939,2.057144649,0.482801865,1.641207217,0.582080745,0.179281579,0.05746555,-0.154695339,184.9266282
0.135055705,0.939363064,1.035565068,0.344630505,0.415537994,-0.954379723,-0.226644624,2.071255454,1.113599751,-0.630855039,144.7623148
-0.500152681,0.532022432,-0.359131628,-1.300450229,-1.003301831,-0.213770248,1.433884468,1.356106714,0.529299934,-0.695680744,-220.3500897
0.097365063,0.385181571,0.243606544,-0.091475001,0.24512343,0.951507727,-0.568708843,0.150698704,-0.795406786,0.534548247,8.798485439
-1.086243287,-0.287614312,0.944698872,1.40606928,0.427596319,0.662272248,-1.876417847,-1.341046515,1.71794736,-2.341797444,231.4196778
-1.24982034,-0.26523754,0.218963916,-0.841821632,1.441942402,1.103217572,-2.435312332,0.176150452,-0.814756003,0.684163209,-22.46502616
0.38741859,-0.307847417,-0.167193398,0.243150248,1.401030628,-0.021803459,-0.268194547,-1.203952525,-0.406774351,-0.873930544,58.54832561
0.675409483,-0.583499162,-0.52090799,0.399496311,-0.26560961,1.186848492,-0.465072704,-0.614684756,1.746250713,-0.031679527,-24.96771743
0.491105163,1.358904534,1.497703469,0.118293554,0.021475216,0.092012991,-0.475500234,-2.84465312,0.157638553,-0.088375116,127.9662107
-2.29515244,-0.458828658,0.807768479,-0.777769006,0.891770996,-0.048170662,-0.531124126,-0.251780191,0.99568453,2.102884071,62.72790392
0.121182152,-0.202653263,-0.223939424,-0.080082998,0.759442174,-0.825787125,0.279821596,1.286252086,-1.429326471,0.265288345,-0.513687185
-0.207131858,1.349359789,0.954725916,-0.585374967,1.110855518,0.46436161,-0.562482205,-1.082594701,-0.360070582,1.412015989,93.59443286
1.203212782,-0.549554396,0.938411424,1.220476391,0.576561121,-0.69294323,-0.747221832,-0.605655634,-0.4661082,0.596008673,222.1190987
-2.054237489,0.259257711,0.062882118,1.822025458,1.640084958,-0.628564613,0.627444213,-1.729381006,0.573837941,-0.112421364,243.8080153
0.009582896,-0.606362289,-1.12152155,-1.089319649,-1.517309344,-1.891371124,0.520869966,0.233902287,1.155129086,1.799680273,-253.4619293
-0.566463649,-1.601592515,-0.38366594,-1.176458157,-0.079701126,-0.83134814,0.869104188,-0.093274584,-1.334509072,0.584352558,-141.360327
-1.624905503,0.56801246,1.22871657,0.039916311,-0.33362314,-0.04117586,-0.091385901,-1.263112332,-1.029562512,0.797492687,106.5253615
-1.892086287,-0.014501483,-0.890952034,0.555120267,1.009788345,-0.102499688,-2.892381135,2.098598782,-0.406740454,0.18030672,-4.889919168
-0.388176819,0.170416222,-0.213442871,1.490726137,1.218761852,1.530750832,0.148667457,-0.302469686,-0.613402664,-0.337085971,176.9781806
0.681981169,1.091763491,-1.593912527,-0.726004103,0.539094104,2.303784309,-0.623914202,0.369394861,-0.387893825,-0.82200252,-197.4107868
0.677261901,1.775456918,0.199188987,-1.121910414,-1.200338225,0.308289603,0.041193954,0.028302359,-0.594166883,-0.343348501,-123.0074838
0.353513984,0.189559861,-0.702063562,1.502727681,-0.504604595,0.996957482,-1.475871097,-0.343226069,-0.131120463,0.190879936,68.13376949
0.038386779,1.425383815,-0.665146606,-0.401776087,0.447644393,-0.684610025,0.172644702,0.612559837,0.277611323,-0.979925481,-105.562778
2.285148572,0.960531573,0.150941354,0.620013575,0.904688403,0.319267521,0.417378362,0.156505454,1.107155909,0.254456145,118.34511
-0.434699859,-0.495157648,-1.103404786,0.752967512,1.50847324,0.012246941,-0.443273507,-0.143557509,0.725789265,-0.24889332,12.19305886
0.615037628,0.048163691,0.029671825,-0.690528026,0.498264707,-0.987450469,1.324277763,-0.505656278,-0.361590466,-1.2199309,-51.4532088
0.259722502,-0.904316625,-0.662623759,0.570598669,0.543360192,-1.669405281,-0.763259157,0.048084947,-1.627542438,-1.804882101,4.901577166
0.476430167,-0.153260553,0.022350555,-0.986659028,0.176762103,-0.366341677,0.626877064,2.240926556,-0.988529008,-0.048765652,-73.57637295
-1.862760159,0.589117544,0.09966503,-0.323985376,-1.598720537,-0.100774624,0.559494596,-1.18215082,2.518158955,0.794266403,-95.48979709
0.578592535,0.39218431,1.094394785,0.871576502,0.02913489,0.183368003,-0.761853544,-1.464452055,-1.11295525,-0.449781606,183.8075036
-0.636730559,0.173823525,-0.137211703,0.563409951,-1.979329695,0.300175049,-0.162912193,-0.540763355,-0.412161145,-0.633788646,-45.63215571
0.709451817,-0.435486371,-2.172669546,0.847421677,-0.120381164,1.107080669,-0.535328186,0.19049968,0.331980331,-0.090533282,-131.4696156
0.350079217,-0.179517597,-2.02691993,1.189999221,-1.27575757,0.534223306,-0.13137379,1.262224212,-0.867565667,0.415928509,-111.8795325
0.261625264,0.246117706,-0.544870071,0.138192748,1.201417032,-1.107461409,0.29613359,-1.117141761,1.450799466,-0.588153125,8.78417054
0.726168581,-1.09487997,1.020597661,0.809421276,-1.113897648,0.468932977,-0.649926415,-0.483038868,2.107754091,0.289511907,130.0066477
1.908010851,0.259384333,-0.899196096,1.104214521,-1.304793774,-1.256269145,0.560361951,1.404305505,-0.011102591,-0.545027573,-15.23731156
-1.672670385,0.058040302,-1.848937877,0.883971843,-0.370596432,-0.867414329,1.158258281,0.607151041,-1.605325281,0.845775064,-92.13237075
-1.176698186,0.629085409,-0.928736316,-0.750900366,-1.488922256,-0.685554571,0.52159516,0.351961074,-1.47320663,1.152213663,-217.7100505
-0.101320685,2.437304624,-0.370561753,-0.687070198,1.791887444,0.144237932,0.880730903,-0.169589154,0.392157806,-0.929179815,-22.17962019
-0.549924832,-0.51006395,-1.057836619,0.260766817,1.00641104,-0.146480671,-0.578212098,0.092935653,-0.06477226,0.295140979,-48.86175538
0.164956875,1.132096881,1.12441415,1.212983929,0.574561718,1.25593704,-0.414210781,-0.872761071,-0.051713111,-0.944752852,217.6849122
-1.965555891,-0.587115271,2.492183999,-0.275121428,0.399228193,0.249450946,-0.317760894,-1.50653403,1.071515936,0.116578512,208.873549
-1.088224105,0.955080622,-0.938365448,1.286665001,1.32276283,0.814979024,0.094074532,0.459054994,0.674380908,0.690187775,95.66555912
-0.238006191,-0.001677317,-1.612837526,-1.545303541,0.430442704,-0.202245244,2.253935916,-0.659724671,0.768971892,1.232784272,-255.5508122
-1.003325457,0.707884514,0.99977958,-0.212044312,0.357854401,2.3361461,-0.539941915,-1.493252931,-0.266104055,0.027264508,74.04319145
0.200603185,-0.383820551,0.113650187,-0.545677564,-1.076483506,0.356339227,0.50528623,0.757700841,-0.544627192,1.373822983,-60.25784138
1.067443585,0.544689232,-1.543981306,-0.124496054,1.084460837,0.563007905,1.152750891,-0.000229699,-0.435015824,-1.559102774,-103.2797643
-1.369463775,1.764825884,0.245291743,-1.242500837,-0.730813126,0.087357425,-0.944908723,0.538211605,-1.015663231,0.645797642,-122.6608702
-0.59044077,0.019259309,1.267273646,-0.386237089,0.706896291,-0.322744553,1.118912272,0.784888687,0.066274737,2.221203394,114.0767119
-0.313506685,-0.580117463,0.682652718,1.007196856,-1.559087444,0.56176349,-0.572206495,0.885376991,-0.353207896,0.441133856,91.17125513
0.57583416,-0.930649565,1.190401988,-1.28245074,-0.033789696,0.676248177,-1.104576629,-0.056323896,0.0962061,0.279539169,-4.465530212
1.009533067,0.430418983,0.247639332,0.398886657,0.051793672,1.375613606,0.546849505,-0.027989176,0.46644138,1.528199416,57.46003832
0.880065963,-1.433805824,-1.590141831,-0.664651098,-0.003804134,-1.941858659,-0.902808927,-1.285591001,0.116830174,0.809264698,-229.0157802
-0.518810282,0.25438048,-1.006733063,2.039202045,0.091121029,-1.258146728,0.597879687,-1.00320802,-0.029026406,0.965831647,107.4583979
-0.249772612,0.528539202,1.589563333,1.385437782,-0.563553181,-1.284198211,-0.61959998,-0.287702888,-0.212689734,-2.818304286,248.7542351
-0.226599164,0.109336904,-0.548403681,0.625120456,-1.582175111,-1.114507268,0.003063637,1.684383328,1.148204785,-1.043499495,-57.8344969
-1.439122489,-0.121218051,-0.732410036,-0.754717837,2.750948534,0.566930965,0.14556948,1.754572598,-0.941685976,1.515026384,-34.30101347
-0.824703457,-0.369865583,-0.066946008,-0.187011743,-1.338693237,0.967644458,-1.072243971,-0.134074611,-0.09178429,0.878660121,-70.86663674
1.128545778,0.110880503,0.999380946,-0.124128375,-0.678704132,-1.144254816,-1.208192458,1.141896537,0.048716679,-1.489803065,41.85448648
1.855935914,-1.254186634,-1.065126897,1.258183108,1.286284436,-1.397092726,-1.345413674,-0.170766269,-0.311303108,0.658827777,53.32998081
-0.668622863,-1.395300469,0.719474731,0.424311273,0.037528849,1.237973745,-0.664275879,-2.674632546,1.059321235,-0.916134584,126.9503605
1.363597552,-1.27683331,0.498051085,-0.779967961,-1.777227225,0.558236742,1.177716132,0.914223046,-1.637022409,0.167512867,-79.79562144
0.911933769,-1.962895207,1.232579729,0.119213318,1.77022526,-0.77310236,-1.311038151,0.247580976,-0.196321552,2.014422457,188.5298412
-0.22085428,-0.907380953,-1.629209039,0.344000106,0.07236039,0.932838892,0.698083465,-0.416691987,0.251869448,-2.754521628,-112.172974
0.128098884,-0.8168615,0.682652507,-0.803378707,0.821564125,2.034749158,0.627398486,-0.684585619,0.519829003,0.216791278,14.98815804
0.180937827,0.521028689,-0.42934385,-1.073107414,-0.262035222,-0.684629797,1.925113124,-1.223669272,1.215470542,0.788894631,-125.0915842
1.151852376,1.686000245,-0.51433881,0.26264097,1.240235703,0.333070217,0.794315042,-1.119267303,1.22758873,1.497757679,19.20180046
-0.443282251,-0.884802714,0.119580368,-0.973068941,0.5792915,-0.015309849,1.196571502,-0.933267959,-0.02730454,-0.158529573,-57.1440852
0.651841572,0.462912779,0.610133545,0.34211942,-0.139514028,-1.808342054,-0.717282973,-0.022384656,-0.886039388,0.660258707,54.64468037
1.592669998,0.019344071,0.026204753,-0.303564325,0.517994776,1.007157201,-0.080917338,-0.48847608,0.210600839,-3.170425736,-4.087255352
0.834817159,-0.235606243,-1.497170936,0.174176256,0.320476789,-0.016335762,-1.686105462,-0.865869267,-0.652397919,0.097428796,-112.2143731
-0.893745282,-1.158655097,-0.772517476,1.974373155,-1.019426734,1.026162215,-1.659735361,-0.24025684,-0.459698142,-1.256286041,80.2982275
0.539042591,0.151608069,0.639020475,-1.499596097,1.095936148,-0.918694361,0.539790733,0.129775732,-1.545803676,-0.513274137,-27.17008383
-0.854493463,-0.403065868,-0.876697086,0.660459952,0.741073781,0.686567747,-0.385493241,-0.775044963,1.167741926,-2.071377179,10.87958828
1.206573398,0.532370835,1.0695397,-0.273667733,0.219034411,-0.624176687,-0.952076863,-1.074212793,-0.953048214,-0.459211989,92.74976113
1.571194441,-1.267898858,0.438054302,-0.025509619,-0.143582555,-0.45515546,0.333875981,-1.183132176,-1.581342872,-1.323189945,27.48785818
0.404007787,-0.125557521,0.69301372,-1.101909845,-0.356756486,0.066275066,-0.894569848,-0.720666624,1.235229778,-1.451091361,-54.85777621
0.334438515,1.478071898,0.609526045,-1.555373734,-0.219669452,-1.178923491,0.200845093,1.037158899,0.041287456,0.100791073,-114.5071894
0.102930648,-1.056035184,-1.049722186,0.650955671,-1.89769536,0.520759226,0.161167397,-0.005090898,0.034114654,0.288741187,-115.3566918
-0.45602929,-2.331637977,0.539574454,0.288545179,-0.957252934,2.202951552,0.528159262,0.226492959,-0.59225575,-0.284903597,40.89820937
1.343546507,-0.623716035,0.319120842,1.187051151,0.153649129,0.504093832,1.22357966,0.554967165,0.041326832,1.334946728,164.930519
-0.488849422,-1.119617433,-0.226484099,-0.959439237,0.582097703,1.221033696,-0.372206776,1.543243528,1.884586306,1.08874862,-83.58935884
-0.391386866,-1.436069631,1.165473221,-0.684398434,0.345527983,-0.644751547,-0.474282807,0.601483579,0.707422833,1.014512666,49.45502675
-0.985733033,-0.773780579,-1.337674186,0.612171619,-0.245848317,1.106457152,0.569289323,0.962210579,-0.242375458,0.071668554,-65.83188704
-1.176381855,-0.654220261,-0.083910899,-0.030212727,1.125832179,0.08688514,-0.033585405,1.775846895,-1.108053327,1.297773814,28.50111192
0.61945449,0.336611521,0.04640203,-1.0341097,1.00132997,0.265073051,-0.089143912,-1.082803607,-0.410681228,1.152925954,-47.41300762
1.923445795,-0.77461497,3.152056735,-1.123494033,1.640614563,1.362562853,0.242882013,-0.548200298,0.553149156,-2.082098703,245.8067228
-0.320347308,0.424165946,2.075260873,-0.689187818,0.197599605,1.317394066,1.735963803,-0.483885834,-0.651418004,0.197910783,149.2839466
-2.079697035,-1.529407723,-0.173486591,1.447134798,-0.336310045,-0.387117274,0.673458876,-1.399373046,0.047120272,0.958035269,114.1207906
0.201632937,-1.470033587,1.213267192,0.607127304,-1.678394042,-0.172207743,0.231688821,1.619016246,0.393346516,-0.464920891,113.2711406
0.830117664,0.591341321,0.90628112,-0.311827053,1.053287134,1.378229847,-0.327607526,0.889317907,-0.130070841,0.345943668,104.8904162
-1.225819573,1.348056188,-0.589030879,0.07638299,-0.246432453,0.306055366,-0.303036764,-1.367249828,1.241169096,0.78437957,-67.43449993
-0.274660131,1.187589474,0.480823478,1.785523735,-1.25801099,-2.353414447,-0.055553803,0.207128033,-1.034406823,1.091518257,186.516446
-1.589930672,-0.370444935,0.510841979,-0.456150807,0.710510355,-0.441236245,-0.878808929,1.198259733,0.55312078,-1.731803699,38.00644801
-0.126335805,-2.253884527,1.336299766,0.452284684,-0.260357434,-0.698095279,0.578920075,1.124007567,0.954371547,1.488079396,158.2577398
-1.06382507,0.156235749,0.553505987,-0.421432248,0.199948518,-3.221167498,-1.355893026,-0.97557192,-0.481705467,-0.103307017,18.05206024
-0.671592107,2.708505651,1.462196594,0.051221092,-0.799903685,1.00406481,0.508761296,-0.000249175,0.768780226,1.488281191,118.8954184
0.867399541,1.612390622,-0.826169954,0.425408629,0.240411214,-0.163742747,-1.361357871,0.687041092,-0.113217298,-1.112177398,-51.35664234
-1.104718373,-1.249282557,-0.099135129,1.368034303,0.173039635,1.411087312,-0.100928376,0.039998573,-0.106643323,1.144527155,116.4644566
-0.041672735,1.414525939,-0.587051965,1.19087103,-1.10223073,-0.746189761,-1.709555645,-0.975671218,-0.458769485,-1.215966995,-3.685597722
-0.050135298,1.010006804,0.779001183,-0.935397968,-1.064218464,0.33212968,-0.553909511,-0.792330311,-0.580945468,0.1254379,-64.75323964
-0.317669414,0.109836929,0.765630338,-0.477928269,-1.650489184,1.65515226,-0.527663985,-0.191404616,0.753899637,-1.111562342,-40.42074668
1.713529729,-1.619919803,0.88883882,0.902491656,-0.468660509,1.232866791,0.952590508,0.378353969,1.377366579,0.387827342,147.749135
0.055724912,1.094191518,1.882024496,1.345420046,0.471468357,-0.790474455,1.593186627,-0.12578692,-0.98960482,-0.511215676,323.2186794
-0.312836473,1.030919338,-0.172374957,0.714731728,-0.50365026,-0.033025264,1.277856655,1.49801177,0.101723208,0.570487331,22.88408906
1.365870433,-0.877342529,0.615245262,-0.386347627,0.658984733,2.281437645,0.049413486,-1.609414143,1.439735746,-0.410692996,49.89800266
-0.107426253,-0.818597499,0.070712666,-0.068592009,0.561665329,-0.273950017,0.613778335,-0.174721661,0.372077783,-0.465677939,13.47379315
-2.086339907,0.161355188,0.085230452,0.840730575,0.979832257,2.039983822,-0.055922085,-0.139265996,-2.046265431,1.018231833,122.686914
1.109135702,-0.825560424,1.302360885,-1.564622846,-0.283028274,-1.411920409,2.275315439,0.351948726,-0.818934851,0.202538784,-23.42521445
0.106190038,0.02809784,0.297998013,0.778868186,-0.026576639,-0.910459631,-1.245827785,-1.482089509,0.588541974,-0.628403869,88.19292554
0.485475195,0.847821999,-0.384201005,-0.514744137,-0.388188648,-0.720504258,-1.101742018,-0.951801459,-0.455604503,0.290402137,-118.2745422
0.404801364,0.534178855,0.868723256,-0.638214773,0.864982185,-1.317770045,0.599503848,0.241469797,-0.764971209,1.643436151,43.39474599
0.57249088,-0.261971855,-0.130139067,-0.411055807,-0.358350932,0.430529612,0.720163433,0.160621825,0.230926764,0.229032961,-66.43442768
-1.333628941,0.1732408,0.339158563,-1.783241904,0.883395106,-0.785202711,0.597273687,-0.241980023,-0.41738267,-0.04850808,-108.3962093
0.237544423,-0.133996082,-1.00811632,0.977615313,1.096661469,1.75238974,-0.825360074,1.457976115,0.825932595,0.324290756,45.3897115
-0.412515049,0.317652081,0.013144789,-0.802777675,0.051971727,1.184755503,0.67521243,0.48222936,0.454905529,-1.005107501,-78.93259494
-0.361716988,0.178669775,-1.185814911,-0.324741935,0.334374747,0.894458843,0.661152929,0.933422954,0.262016574,0.510252222,-113.9256129
0.705100549,0.954034039,-1.837416647,-1.278701471,1.427770185,1.831903826,-0.776516424,-0.01084034,-1.653814377,-1.169023689,-223.6007422
-0.44429326,0.377300493,0.478979826,0.333662105,-0.477657447,0.071566237,1.037539944,-0.978763716,-0.269874935,-0.510016399,59.20818431
-0.220728757,-1.332678441,-0.787036279,-0.978265649,0.641541645,0.62294403,-0.506634834,-2.047437186,1.485477369,0.239872752,-146.0414682
0.053888607,-0.409297123,-1.416318846,-0.237138867,2.543497762,0.222286586,-1.370019247,-0.45803192,-0.126907924,-0.12212328,-78.58631318
-2.282120374,-0.407139558,-1.682097942,0.041520414,-0.64699517,0.640581856,0.251421786,-0.13192689,1.80639168,-0.072780082,-179.4590029
-2.283238635,-0.213432697,0.767937664,-0.526390865,-0.975532936,0.59817215,0.071420833,-1.309976554,1.032974235,-0.108848625,-15.5311887
0.613679503,0.110767629,0.013209145,0.01782986,-0.032058261,0.552978837,-0.134608569,-0.285047565,0.418106538,-0.608672802,-7.445774351
-0.487765165,-1.031088238,-0.86136537,0.050555752,-1.460682098,-0.2653288,-0.334749439,-0.966834213,1.768991997,1.314017007,-139.1811045
0.5399176,-0.074166205,-1.800056812,0.117217256,1.079618322,0.952976269,0.051021611,1.448117661,0.458723542,1.439028188,-104.5435855
0.332760479,0.559828449,-0.145349422,0.347397486,1.841815609,1.415204527,-0.988002818,0.184827034,-0.199062554,-0.147192751,86.27676824
0.665026617,-1.223824938,-0.88081958,-0.235242237,2.306164003,0.879856738,-0.693429243,0.282779877,-0.608408649,0.221225241,-12.22853748
1.006292809,-0.57689187,-0.066079799,-1.2110162,-1.661520062,0.638592459,-0.651836108,-0.384555544,-0.860413365,0.047398671,-200.9944089
0.750469862,-0.053051992,-1.12452168,0.081124583,0.140466976,0.822110847,-0.84941747,0.027487633,-0.859077316,0.151216221,-78.76957073
0.263819086,0.241076079,-0.937953409,1.598647594,1.044980495,1.090472169,-1.456857628,-0.853566285,0.479002624,-0.624772583,100.4858869
-0.089203298,1.61029298,-0.216001422,0.33396515,-0.388479907,-0.095148123,-0.17117937,0.391698016,-1.709226399,-0.066112394,2.249236877
-0.414008095,1.242688872,-0.032516842,-1.786399088,-0.523797597,0.528099262,1.157321898,-1.838422155,0.510027782,-1.949610392,-188.5240765
0.921472929,-0.423913996,0.345517271,-0.25512096,1.624487187,0.914097783,-1.066724818,-1.463072073,0.203126328,-0.112515156,69.19387298
1.317622329,-2.265109219,1.023575596,0.220139358,-0.107769003,-0.589979868,1.335375842,-0.7778029,1.691173211,-0.352101499,118.6709281
0.579498738,-0.264209285,-0.660447368,-0.779456201,0.50793267,-1.097643364,0.509501383,1.725998002,-1.457273658,-1.040467308,-123.5167028
0.523232452,-0.678638993,-0.011316583,0.100261961,-1.916591669,0.357558646,0.148602073,0.820664227,-0.631118374,3.013793283,-58.28945833
1.591087884,-0.035195881,-0.250650107,-0.270715724,-0.484904082,-0.784986753,1.495645205,0.911483302,0.15305316,-0.104047008,-60.64938953
-0.333468651,0.269639488,-1.262515809,1.156851962,-0.094384576,0.623520355,2.510228148,-0.468301143,1.40361915,-1.571866188,-7.192888239
2.20646898,0.079649583,-0.070836848,0.091124867,-0.410029412,0.604051645,0.107699449,2.07734344,0.643668753,0.998217656,-5.747791323
1.12639345,-0.098608399,-1.661204405,1.549818606,0.628078697,0.603733016,0.513609294,0.622379118,-0.758665202,0.749698021,24.4012003
1.105298253,-0.530538318,0.299150973,0.318142315,1.189391379,0.276079006,-0.042176106,-0.453898781,-0.185935416,0.739118653,115.0048553
-0.137291068,-0.180102601,1.378357221,-0.366119689,-0.142826639,-0.724674212,0.124437598,-0.65239846,0.039496761,0.096690703,69.03828455
0.415964376,0.07389555,-0.547832853,-1.28128492,0.451954955,-0.222590984,0.434235939,1.610028716,-2.385554143,0.028188283,-143.5899381
-0.228457343,-0.159252307,0.147089582,-1.716303123,0.816274588,1.191483358,-0.019920002,-0.376466527,0.22038282,1.729930714,-112.5904618
-0.956746077,-1.950696894,-0.082155859,-0.001021902,0.076133554,-1.510945767,-0.764644618,0.441085615,1.12844666,-0.625112618,-1.815883526
0.559491129,1.08376331,-0.04363347,-0.335582544,-1.874233999,0.600727445,-0.654693074,0.416879512,-1.149681527,0.498777052,-122.7618806
1.121857856,2.320040722,2.08604705,-1.014759493,0.449473913,-1.181874125,-0.361462767,-0.98230358,-0.053904849,0.416446038,109.7754605
0.676428105,0.896601295,1.425405932,1.864413664,-0.713799466,-0.671373519,-0.928882458,0.533519993,1.14252282,-0.668994432,275.1496851
-0.343075931,1.200629661,-1.488544639,-0.607409248,-0.179955549,1.516905353,-0.630692326,0.730935434,1.665679081,2.14030878,-210.6061133
0.881082579,0.406673191,1.328972091,-0.96070595,0.391174595,-0.728881646,-0.213327872,0.80189631,-0.357715037,-0.232788192,49.52874591
0.967178122,0.493977382,-0.15783751,0.308292064,0.773239987,1.416411792,-0.600385693,0.968769896,0.073336745,0.13965369,42.68248778
-1.457911068,-0.962500003,0.836653372,0.024225861,-0.935867202,1.389608554,0.270815283,0.134974289,0.352808,-0.590043371,58.5591953
-0.182160584,0.281211683,0.418704578,-0.013973228,-1.180231734,1.140250553,-0.333486281,-0.946490796,0.879014155,0.885256321,-4.889349187
-0.516614199,-1.023253223,1.54044124,1.25534978,0.460042324,0.578928649,-0.685674918,0.695932101,-0.950953383,0.820298375,258.088122
0.076586807,1.339864263,-0.360069252,1.895530906,0.482763585,0.636304696,-0.493208384,-1.423676312,0.781957044,-1.608874222,159.7777977
0.123990784,0.225898021,-0.289168245,0.092974157,0.659538526,0.075839003,0.072271478,0.093671032,0.655717221,0.5322624,31.65282069
0.879660997,0.746909987,0.26098385,0.321870382,1.339396122,0.160695609,0.817206517,-1.055589993,1.718921574,-1.403558344,99.92619391
-0.043747946,-0.891416863,1.277043167,0.23479731,1.572259335,1.47631452,-0.338205725,0.270707595,-0.791463143,1.276067697,194.7306606
0.726782479,-0.493271721,0.563297796,-0.821601673,0.852501276,-0.669053935,-0.348489703,0.203241874,1.227461092,-0.33144646,-15.57342274
0.311186497,1.106979098,0.178010526,1.1078403,0.706114331,0.164921438,-0.290038544,0.180625769,0.186717561,-2.254357673,144.1857532
-0.028464321,-0.33298885,0.788584919,-1.770318479,-0.66445822,0.103563461,0.828235288,0.618761305,0.353797869,0.188540853,-117.3730298
1.528468426,0.507835756,0.455887772,2.165002345,0.556230009,1.328194142,-0.64351823,0.268592279,0.057013125,0.927840128,253.6855667
-0.726656632,0.138865798,1.944330316,-0.451647636,-1.358615807,-0.940909011,2.311303587,1.291289719,-1.708546567,-0.994733799,77.49801323
0.112636682,0.046681734,1.484434038,-0.676339716,-0.205292522,-0.911280057,-0.15129904,-0.413810119,-0.989154518,0.256685231,59.40891123
0.522520766,-0.65313739,-0.806509629,-0.459220398,0.39488149,0.295195368,-0.176134198,-0.600747931,-1.688034325,-1.534124693,-82.94986826
0.865361884,1.076523611,1.692889215,-1.699806523,-0.390197304,-0.320177922,-0.844874051,0.711013899,0.023985065,-0.418583699,-33.77003634
-0.066986489,-0.529645915,-0.094684061,0.593588486,-0.224991354,1.608554237,0.811850193,0.661885523,1.775588033,0.91959368,28.99717093
1.199858866,-0.871890165,-1.742735822,0.351285218,-0.065647385,-1.835118342,-0.730321534,-0.770056302,-0.1807681,1.186669577,-129.3246652
0.286863843,1.325263603,0.758244776,-1.754870852,-0.665533867,-1.25440106,0.903167592,-0.498978743,-1.731324579,-2.011981366,-128.4694782
-0.735201035,1.656208252,0.957791614,0.207603351,-0.137310966,-0.607646345,0.307676653,1.798725018,-0.88075409,-1.095519389,120.1437948
1.871209451,-0.457291015,1.07991157,-0.256055349,0.143978625,-0.912020179,-0.734175451,0.876560697,0.455699724,0.297748304,61.1710254
-0.679847935,0.512819564,-0.234532593,1.967366111,-1.268797913,-0.92436344,-0.819247513,0.045466526,1.584739643,1.173928247,121.0972068
-0.3475003,-0.842295717,0.579061573,0.467090944,0.727122481,-1.925262213,1.302928422,-0.070029777,-1.431114143,-0.66503189,135.2666796
-1.776235233,0.408652811,0.683569323,-1.365955711,0.61700595,1.059936384,1.211943985,0.143388467,-0.369277139,0.261250531,-64.24069581
-0.47053914,-1.412691152,1.917848002,-0.129079988,1.654634748,0.536824684,-0.969432443,-1.569356343,3.096695514,-0.270292318,224.8376716
2.463775698,-0.570601138,-0.876937066,-0.440516944,0.221642093,1.951986432,-1.187778192,-3.055317946,-0.585916316,0.767044129,-107.9511314
0.123204807,0.551485376,0.075433639,-1.601965812,0.742127491,1.639964529,-0.246062488,-0.175885812,2.170942717,-0.843246595,-120.6826516
0.002170847,-1.486447638,-0.904983687,1.517641571,2.361845687,-1.152272448,0.390511324,-1.607580924,-0.318260164,2.045830806,161.8392031
-1.277371134,0.910907035,-1.325281372,1.346103424,1.470661991,-1.165441526,1.185163031,0.342450879,-0.693766607,0.89830255,73.94901409
-0.685159074,-0.973567198,1.79879532,0.408953393,0.49580026,-1.363519128,0.175290522,0.203338068,0.103018633,0.189746761,220.373197
-0.41017019,-1.077340336,1.157979974,-0.836302079,-2.527165604,-1.480457112,0.864622425,0.60728242,-1.163989464,0.046162372,-67.90699005
-1.149304577,1.031415906,-0.429676127,0.315372896,1.02435179,0.942230018,-1.308778304,0.78525536,-0.783308757,0.984950103,32.72900688
-0.161954817,0.438412699,-1.251199137,-1.532518277,0.871524386,0.143426567,1.579437892,-0.153997665,1.135947846,-0.61175964,-215.4744018
-0.7712003,-1.773969616,0.925975101,-0.09107586,-1.190407736,0.033902724,-0.177595995,-0.020098752,0.963906934,0.655892138,35.33014534
-0.848377804,0.017428953,0.260866175,0.79988729,1.073118027,0.453039657,0.707678244,0.173923512,-0.658473595,0.506534391,165.0182868
-1.040565665,-1.00833401,0.822639535,-0.813995945,1.07111337,-1.056292813,-0.686812734,-0.625686424,-1.175443747,0.456920464,19.93281185
-0.562982714,0.594841021,0.064932979,-0.457554181,-0.481570683,-1.186745614,-1.05087545,0.121297709,0.538866824,0.289272252,-71.71081103
0.668478534,0.816356984,-0.320797861,-1.904092792,-1.069197994,0.224189704,0.086026635,0.12862807,-1.795615137,1.330127767,-250.4433477
2.710492444,0.772791391,-0.063768342,-0.241301455,0.492624493,-0.790590311,-0.841879698,-0.288727688,1.631533727,-1.604054072,-7.440843068
0.884962666,-1.114398193,1.46762502,1.962810898,-0.240027847,-1.40141912,-0.888426299,0.718157613,0.155151975,0.053047032,285.7599629
-0.514782675,0.243530204,0.381309612,0.311652856,1.638359732,0.618886298,-1.518910825,-0.094824231,0.388375729,-2.630730137,115.3004002
-0.672485596,0.223270836,0.276600766,1.195480651,-0.82461225,0.30740357,-0.596629059,0.032407013,-0.525630934,2.097939339,104.9116597
-0.70807294,-1.359901358,-0.125976236,0.103390583,-0.467047609,-0.100309983,1.013098675,2.307238734,0.328554727,0.642529752,-14.0009302
-1.462634904,-0.071086133,0.992354731,0.302039323,-0.716458516,0.094035399,-0.571825786,0.021496906,0.007940523,0.850233052,79.20778134
-0.611828817,-0.812381355,1.204675936,-0.109654849,0.796935926,-0.176675093,1.533622846,-0.516026532,0.846853743,1.530047442,113.1915605
-0.839122408,0.363480536,0.752351675,-2.649686284,0.376996025,-0.732464387,0.868466965,0.345738394,-0.308914457,1.30407114,-171.5617052
-0.092941607,0.241221228,0.106860498,1.383498055,-2.260348295,-0.805477265,0.610650665,-0.117224164,-0.598312848,1.573963721,52.9161255
0.331263431,0.975545127,-0.676922,0.611676289,-0.38508228,0.324083969,1.030999522,-0.309212376,-0.839217523,0.931280119,-7.727863562
-0.951489807,-0.407676613,-0.549242253,-0.336175355,-0.45897678,0.242419866,0.456990886,-1.946598678,-1.444291846,0.835782816,-102.1182745
-0.167631525,1.113000699,-0.241054215,0.273935737,1.008991477,1.305776578,1.240939187,0.243620021,-1.463101251,0.846351426,52.88478649
1.639256517,-1.922771772,-0.795970374,0.191889545,-0.67988854,-0.833598283,-0.16055961,1.723074718,0.427962627,-0.555286103,-93.52055454
0.851342122,-0.317228388,-1.431729697,2.824167009,-0.31900803,-1.194158656,-1.65395956,1.036385909,1.143304274,0.00981374,127.845892
-0.644507702,0.758282386,0.140293426,-0.656576963,0.542774674,1.591215291,0.907611811,-0.872511277,0.793639294,-0.824222439,-30.32088637
0.234024454,-0.248528618,0.202328796,1.631856899,1.702514658,-1.269330497,-0.733032996,0.553040086,0.775155494,1.818061923,234.8919729
-0.742484233,-0.485305835,-1.058907587,1.481663402,-0.505746704,1.954157434,1.962587191,1.341475916,1.011463035,0.003695672,46.53441354
-0.246773131,0.164175823,0.062899917,1.12018946,0.78847104,0.523547658,0.658525962,1.182235219,-1.404896698,-1.78846395,164.9707411
0.334176417,-0.155259049,0.072036861,-0.21220897,0.60211832,1.516394055,-0.95191846,-1.241760575,0.25775254,0.077480519,6.903849843
0.88844693,-0.088606106,-0.354218616,0.83817722,0.117517619,-0.780404606,-0.157236392,2.106940182,0.485747147,-0.058926355,58.68569079
0.604532944,1.092500804,-0.685947254,0.274482908,0.697481091,-0.555720462,0.04180145,1.763152115,-0.015538159,-0.409468059,-15.68539091
-0.229799631,-0.851406434,0.548883835,-0.254955794,0.547264797,0.481866062,-0.12545426,-2.219300373,0.085893006,0.327879524,54.57252601
-0.326145647,-0.73592599,-0.560559057,-0.09242058,-0.03417348,-0.723630996,0.743868719,0.236495498,0.219991474,-0.33109799,-63.23984161
-1.208858865,-0.565937131,0.45838901,-1.104774674,-2.1620323,-0.750410128,0.988608793,1.401500347,0.603713241,-0.381137697,-139.864872
1.246058925,0.499792675,-0.684043445,-0.926884832,-1.044436197,-0.143166334,-1.306722969,1.370138905,-2.091960295,1.365856625,-203.5748476
-2.299357696,0.169826673,-0.452424265,-0.767507037,0.886842659,-0.729996672,-2.143966832,0.09643038,-0.629867349,0.102382198,-110.905219
-0.608935551,-0.313112109,0.724800678,-0.859716685,1.081559381,-1.081927365,-0.208366013,0.395685955,0.160577038,2.009539651,29.69165404
1.170678789,-1.05104195,0.495516524,-0.833008256,-0.674937857,0.418091428,-0.400242283,-0.798851544,-0.405587357,1.89084042,-51.4416071
-0.525150653,-0.901844569,-0.393549516,0.270181618,2.019371611,0.756200811,1.114404216,-0.279159393,-0.622470957,1.144532879,63.41712445
0.601131136,1.92048839,0.26134939,-0.899556671,1.032212478,-0.505163828,0.937865539,-0.182116231,0.895707423,0.601036217,-21.99861563
-0.330264999,0.703201711,-1.124943556,0.425555989,-0.394647802,-1.018457999,-0.772180245,0.67767287,0.742706846,-1.397053733,-80.52834499
-0.641111654,1.658869694,-0.399256646,0.906870535,2.177293448,-0.491766613,-0.375928245,-0.57190285,0.791745274,0.261184541,103.0495859
1.290425325,-0.825212876,-0.501646679,-0.24421504,0.26621526,-0.548396788,-1.464706682,0.792905372,0.510066593,1.132956165,-41.0876149
1.605619833,-2.080740525,-0.711303227,0.117124216,0.597537706,1.536061182,0.236223646,-0.205766994,-0.384387377,-0.93915557,-23.64261144
-0.456120827,0.18142662,-1.203200855,-1.042044412,-0.649765227,0.874517074,-0.487202921,-1.296116664,-0.769996066,-0.351921318,-219.7682208
-1.336904263,-0.011720334,0.10571252,-0.166191507,1.722819075,0.978129458,1.022641578,0.993672344,-2.398322586,0.337364999,65.46746587
0.922037901,-0.806557183,0.98732713,1.117475252,0.286387699,-1.212297134,0.168092575,1.190347713,1.912349218,0.967299566,211.1534374
0.880263206,-0.079567049,1.43101978,1.165886739,0.038573242,-0.156345173,0.538469387,0.240462745,-1.688021845,-1.431186766,260.3646039
1.61587249,-0.9648933,-2.044629004,-0.57898422,-1.84825853,0.006381541,1.056101252,-0.987046179,0.914077164,0.788291657,-300.5202093
-0.741427582,-1.859544634,-0.646493116,-0.035041688,0.679011931,-1.05982769,-0.019503066,-0.242820372,0.661638502,0.18356062,-15.27816453
1.017065544,0.125558522,-1.044187179,0.847928753,0.144765491,2.342857008,1.865727356,1.228728055,0.841081539,-0.32254871,-3.993228163
0.371027878,0.875025223,0.814818375,-0.89450381,-2.293426279,1.932582009,-2.592808454,0.680127175,0.519273497,0.517018256,-107.0491027
0.096653917,0.991613661,0.013668458,-1.188435591,-1.489159978,-0.042000208,-1.650721134,0.404115711,0.411021055,-0.946985279,-166.2255182
0.310790517,0.254883875,1.526127196,-0.637341373,0.84184231,0.104849742,2.338170676,0.561724754,-0.224127902,-0.048759324,135.4209583
-2.078519749,-0.309852225,-3.334892711,-0.646357537,0.569301668,0.55200831,-1.412788578,0.015387565,-0.288892414,0.400306093,-371.8288106
0.613443267,-0.385539097,1.194046984,0.381441525,0.316104453,-1.046666059,1.241118372,0.366834869,0.42934967,0.563714722,173.486949
-1.054892232,2.323728664,0.396768859,2.033782512,1.619144554,0.452657639,0.455301903,-0.124818017,2.288302994,-0.767331293,286.6929329
-0.198615723,-1.002541962,1.538394984,-0.125366986,0.068393861,0.346165821,-0.01511359,0.814322851,-0.658222244,1.57861539,129.2300687
-0.945833556,1.30471508,-0.679092567,0.127368739,0.721574946,1.149210141,-0.7099519,-0.356422168,0.189285118,-1.592737758,-23.78964189
1.024062526,0.592526949,-0.564247599,0.184551303,2.558199286,-0.551858146,1.542109953,1.208366231,2.061503577,2.006092888,79.45821025
1.856415518,0.760319316,-0.509914502,1.251148913,0.029104067,0.270988215,1.896582922,0.761769726,0.558124013,1.166577206,91.12251717
-0.187503884,0.995518577,-2.894185058,1.192769002,-0.5810673,0.274893009,1.794688947,-0.137100522,-1.066653369,-0.61239986,-166.0782847
-0.395256926,-1.371185398,1.237664499,0.882082138,0.291417921,2.955533101,-2.049898281,-1.499651384,-0.439424412,-0.736788279,206.5538075
1.783229892,-0.562804331,-0.861023106,-1.535864671,-0.113626935,0.930291709,-1.864064825,0.33857419,-0.457789353,1.312509344,-225.3400954
1.875225388,0.104514036,0.433184067,-1.603729475,-0.61673011,-0.550533968,-1.443928922,0.343554577,-0.022308539,0.01929088,-154.3185872
-0.462881132,-0.737561894,0.09560285,-0.614795086,0.103268504,0.665999547,-0.055374324,0.5143642,-0.784729467,-1.024230887,-43.47843241
0.266295356,-0.596987031,1.44011012,0.352422914,-0.624811205,2.110342652,-0.661021882,0.035843295,0.565738504,0.799246458,124.6370887
-0.529112667,-0.217713041,0.531698734,0.018073473,1.203874742,-1.290368383,-0.002467849,0.33615317,-0.977475333,-1.506214871,86.17384229
0.412931454,-0.563724553,0.075804558,-0.677161712,-0.897254371,-0.012246773,0.975119733,-0.321385842,-0.825497197,-0.147057382,-93.70227111
-0.050433985,0.463205682,0.855427749,1.240028262,2.832539681,0.114094119,0.066882154,-0.132542862,0.632099078,-0.131594418,299.1829025
-1.795613221,-1.229171034,-0.007171211,-2.482543986,-0.118208446,-2.875773428,1.924838362,1.465379427,-0.849023432,0.286015808,-216.2304845
1.729787387,-0.824423289,0.763319451,0.068425311,2.392298384,1.982513064,-0.946064512,0.538034839,0.210284564,0.904749803,161.3414892
-0.4344502,-0.764960353,0.393963224,0.044948957,-0.874841277,2.055192743,0.668629758,-0.039820576,0.205412697,0.69679296,16.11938966
-0.829417489,-1.558373832,-0.796895144,-0.798784856,-1.682295632,0.246890523,0.052691471,-0.360308448,1.074961927,1.466335783,-204.3650357
-0.568642311,0.820438144,-0.75546072,-2.186829371,0.646497966,0.933656601,-0.175528063,-0.874286957,-0.991017336,-2.096914179,-235.8898259
0.084499774,1.225176021,-0.124784582,-1.286694402,-0.426958836,0.850335553,0.559476837,0.704810017,1.578870507,-0.267175694,-141.1027014
-0.194491485,0.665877824,-2.520847007,0.148808762,-1.29832594,0.341753921,-0.213926466,-0.734743213,-1.70062725,-0.976945739,-272.5571077
-1.450149093,1.480593677,-0.126644554,1.635001734,-0.264922248,0.528383489,-1.269189012,-0.831579408,0.016167744,1.237959557,129.3394528
0.627606298,-0.279507463,0.659451241,-0.803948415,-1.914060071,0.756488354,0.307345617,-0.874435648,1.32041401,-0.247752418,-97.48791587
1.378467355,-0.671512207,-0.130925805,1.128239783,0.082987419,-0.176112434,-0.875842406,-0.044361456,1.010274587,-0.805799655,94.07729774
-1.773238578,-1.054199028,0.865034481,-0.217825815,-1.844216704,-0.108165247,0.115661018,1.499287758,-0.905828763,-0.74856322,-6.247782677
0.229121344,-1.0461106,0.93268361,1.668028439,-1.102437269,-1.65819685,0.221410597,-2.597434516,0.496161631,-0.306016259,206.9978881
1.301129852,-0.529778252,0.888940006,0.353393797,0.996462615,0.166018848,0.599643641,-1.115420004,-0.149966291,1.271696792,162.5417054
-0.600446966,0.372767224,-0.486821873,-0.668896492,-0.675718002,0.926999629,-0.332197716,-1.131089745,0.572725319,1.426234258,-131.9244068
0.17560355,-0.151951123,0.953760256,2.171802667,1.98247045,1.029604361,-0.922351329,0.44176065,-1.188941118,-0.81938683,363.6790816
0.709404817,1.475292849,0.129441291,1.494840126,-1.217178755,0.032507027,-1.286649394,-0.03270281,-0.118039873,-1.494802627,112.2613766
0.555941452,-1.904944454,0.856737421,0.398048217,-1.036143572,0.08701648,0.394579985,-0.26175829,0.450495724,-0.425755605,74.91958449
-1.015254273,0.17044705,1.075500021,0.121550083,-1.160373451,0.270756524,-0.954964036,2.450455734,0.606666513,-1.85525054,66.76243371
-1.044785538,0.035646791,-0.853225981,-0.499555227,0.133383508,-0.086336435,-0.166333028,-0.229147843,1.378858373,0.696676575,-116.0686437
-1.839637873,-1.264888844,0.079202929,-0.951108047,-1.087837548,-0.29412318,0.104542246,0.49721798,1.672041773,-0.144685761,-128.824443
-1.166692196,1.140516335,-1.458576408,0.11939225,1.536317574,-0.165154123,0.797577063,-0.632000605,-0.492932982,2.300030685,-79.6759062
-1.246393499,-1.141986071,0.318837403,-1.658774625,0.267136296,-1.070158464,0.759012971,-0.048776265,1.55918229,-1.112186301,-104.5664779
-0.997592612,-0.700671848,0.622727891,0.576737482,1.65477724,-0.602072108,1.072643542,-2.094644328,1.867077495,0.617510493,187.1629219
-0.351414236,1.563413359,2.012270446,1.023709546,1.090980425,0.386808521,0.249308596,0.023903043,0.144887833,1.045088474,315.5040109
-1.296438376,-0.969119344,-1.236893188,-0.051897387,-0.164047188,-0.194892812,1.8628869,0.030041365,-0.543667744,0.984485002,-105.138091
0.265707099,0.412503595,0.025394653,0.059704439,0.757751315,-0.494668058,-1.551215613,-1.101066841,0.751860467,-0.714530382,29.75581214
-0.074913578,-1.052027269,0.002192572,0.805138361,0.007232219,-0.145819429,-0.286066899,-0.612904212,0.041715289,-0.719793536,76.58995583
-0.924564114,-1.59759917,-0.361310562,-0.064184161,-2.603137088,-0.302180587,-1.01059822,0.664927162,1.530195199,-0.515218394,-154.3185232
-0.39623531,-0.091420362,-1.617663805,-0.81281049,-0.075714404,0.007431802,2.2051873,1.81289022,-0.175596135,0.238377405,-208.0304688
-0.58628505,0.625476,0.898244573,-0.163633671,1.436089346,1.056730431,1.044386052,-1.311736692,0.115152314,3.428910478,138.3133373
-1.365021795,0.701494782,-1.046121085,0.473407416,-0.049880154,-1.18896342,0.290947364,0.034008096,-0.790881792,0.957839631,-69.32012609
-0.106132008,-0.47619916,0.089360739,0.984569846,0.865358709,0.326832209,0.614105805,0.091480006,0.89585088,-0.359840461,147.1218631
-0.101876355,-0.921025928,0.746174054,0.065863066,-0.949279507,1.243103578,-0.776712091,-0.597945465,0.994893335,-1.069909143,37.59388908
1.213597562,0.236097294,0.9153183,-0.051560318,-0.567748216,1.105089087,0.734481656,0.349729682,-0.03341092,0.128771318,47.99875091
1.13052662,0.030807135,-1.892033572,-0.062136066,0.145616997,-0.41126043,0.228482178,-0.946564519,-0.563081077,-0.086162104,-170.1380778
0.246676498,-0.290103438,-0.726602154,0.814487994,-1.111063078,-0.937614286,-1.600369694,0.074333743,0.339552965,0.650997841,-40.50008917
-1.354297161,-0.78896313,-0.355332683,-0.126801572,2.376409193,1.325297834,1.239429794,1.896968734,-0.00397431,0.066767455,39.07940718
-0.778739515,-0.509566503,-1.049674116,-0.446726866,0.597472934,0.863827344,0.156898741,-2.401946944,1.37096276,-0.849280962,-104.1611439
-1.263035354,-0.485129942,0.064294879,0.946861462,-0.032655904,-0.143423216,-0.747217308,-0.462644742,1.236619742,-0.846346992,71.3242534
0.311628824,0.694399342,-0.538499887,1.362740827,-0.011837146,1.901384666,1.245821555,-0.286917576,-0.569897919,0.920754565,76.20955843
-0.03025137,-0.792644994,0.643638952,-0.391598519,0.547530227,1.472722741,-0.185978347,0.641803452,0.337238913,-0.248576667,45.47142202
-0.586615736,-0.648414809,-0.968049796,-0.565552762,-0.303260778,-0.967656428,0.200925707,-0.017368008,-1.590191323,0.51160509,-153.2011107
1.238494052,-0.886589636,0.151304937,0.905089609,-0.689246006,0.186358583,-0.556247751,1.543828831,-1.740762585,1.196720516,69.52905194
1.914364048,-0.535403703,-0.747293521,-1.389595607,0.21729051,0.02928164,1.338502718,0.919193937,0.377802594,0.988023743,-182.1785209
-0.135884146,0.876024338,0.509989387,0.557309469,0.318129094,-0.789016178,2.128016932,1.552278058,-0.095065936,0.047570395,132.3817267
-0.270265384,0.068320413,1.451657302,-1.092528162,-0.225004903,-1.286491086,-1.329321282,0.464851981,2.661859444,-1.248688328,25.36408566
-1.025868106,0.06233135,0.14945609,0.77075021,-0.510160814,-0.330774896,2.381713532,-0.505966199,1.159839966,0.827236108,100.1974909
1.157320387,0.513892718,1.061035405,-0.383214629,-0.161068086,-1.697296149,0.34769583,1.845565425,-1.624100678,0.978833895,62.05208126
-1.349576212,-0.415213768,2.049812096,0.000682819,-0.719109451,-0.823935487,0.782130002,1.081984809,-0.779852946,-0.790899382,161.9347647
1.49161385,0.30335971,0.771827216,-0.905971535,0.073782171,-1.167365121,1.674332816,-0.678054613,0.509089951,-0.390349783,-10.19667706
-1.905573353,1.056164044,0.636598378,0.574746929,1.077873077,0.261365742,0.201492323,-0.290303269,-0.316276543,1.286798853,165.1041993
0.125106452,1.959691501,1.358447611,0.530336119,0.394133239,-1.784774569,0.051888358,-0.862743319,0.327445697,1.534448125,194.0627244
-0.440044487,0.130740577,-3.24126734,-1.024387641,-0.059525356,-0.926930472,-0.252568151,-1.430141378,1.632411304,-1.247783182,-421.2057728
-0.534490354,-0.72650085,-0.153843397,0.075569264,-0.998047173,-2.233935558,-1.703458554,-0.84984741,-0.071838899,-0.204783654,-56.99725074
1.733883138,1.277374039,-0.186613222,-0.851223392,-0.300917713,0.503412212,0.921691298,-1.193591564,0.607880333,-0.221132792,-95.42862299
-0.429634979,-1.301109266,0.247480548,-0.009664421,0.853165306,-0.782353923,0.878963973,-0.459859262,1.446563291,0.480608593,74.27646233
-0.864172079,0.012654464,1.475454131,-1.446757106,-0.756780367,0.143286672,-0.334773325,-0.280024233,-1.15953555,-0.696117051,-25.95819507
-0.225527827,-0.391876527,-1.746729367,0.058163899,1.935152268,-0.458632397,-0.218580204,-0.006959883,-0.697662846,-0.550700882,-62.30014733
1.462071882,0.174395637,0.889294785,0.477211246,-0.058611422,0.023723627,0.696634841,-0.307142509,0.144823855,-1.389875733,129.5249659
1.369353368,0.308432381,-0.649800325,0.316078192,-0.225032269,0.318163943,1.707686717,1.199497451,1.911663885,-0.901351943,-29.84791557
0.389945599,0.074887584,0.87865485,1.348693199,1.578342677,1.237464592,1.994123741,-0.3074609,-1.572230544,0.216554738,269.4226517
-0.316707932,-1.65986785,0.88181828,0.026428906,0.725491572,-1.099248558,-1.227524243,1.74286647,1.257234961,0.043804557,93.22481159
2.120993566,0.977847565,-0.113562565,-0.055852183,0.431022958,-0.288062798,-0.377386517,-0.740232253,-0.732926038,1.344854031,4.811950201
0.182513138,-0.645477178,-1.862140759,1.175435757,0.441905454,2.89753899,-0.387150964,0.195612519,-0.672512263,-0.200927802,-58.9125458
-0.212012892,-1.138150645,0.111610857,-0.928763,-1.232158025,0.599101633,-1.388940519,-0.383368824,1.158149556,0.410953331,-134.9349658
-1.065746313,0.549241478,2.54203398,-1.532942157,-0.785818401,0.938157607,-0.851690726,-0.562590692,2.246873118,0.23396803,68.29469056
0.622589231,0.015796693,-0.410385143,0.517864528,-1.916793981,-1.277002884,-0.942790728,-0.345206842,0.724569583,-1.591034415,-55.13906347
-0.429900105,1.677625442,0.915653804,1.186415591,-0.793221197,0.45564691,-0.988872348,2.632386205,-0.531931508,-0.490872895,154.4930092
1.806034209,-0.363873138,-2.009216539,2.034188926,-0.101765961,1.267073003,-0.652494433,1.408973539,0.727492287,0.195161703,-4.591779582
1.17227496,-0.093260666,0.68755072,-1.577229636,0.156090738,0.478681181,-0.893580968,-0.14017793,-2.460435822,1.586899657,-98.70406575
0.125409673,-0.068672854,0.394971362,-1.274603773,-1.266102334,-1.416786647,-0.135360041,-0.777812788,-0.051308124,1.371271396,-136.5886367
-0.550435652,-1.253403856,1.493019604,-1.368809436,1.329412527,-0.157595148,1.316196739,-0.090760073,0.178613197,1.239647928,86.47875554
0.139887233,0.996118215,-0.007044985,-0.215609579,-0.789338506,-0.451949372,-0.371857882,1.653617268,0.319524671,-0.728461622,-40.42771053
0.13152273,-0.175379684,-0.616855333,0.846722339,-0.633329922,0.139351208,0.984655798,0.569029537,0.792961605,0.783823406,-1.470153716
-2.19438247,1.59947094,-0.378759837,2.082660322,1.021622984,-0.411024937,0.430862419,-0.651675122,-0.128546293,-1.27568266,202.8055181
-0.59164364,-0.007237313,0.937225174,-0.655751261,-0.650541996,0.290871191,1.683414845,0.951552078,-1.345627918,-0.995997107,4.079967895
0.010487983,-1.400056537,-0.782179454,-0.46056603,1.75610159,1.189129781,-1.16898091,0.223020303,0.718411698,-1.811639847,-55.97798543
-0.370427714,-0.84188435,-0.159942148,-0.550680847,-0.543801595,-0.264480349,-0.130195533,0.630679862,-0.897930893,0.016440929,-81.63820786
-0.753777459,1.553279188,-0.852928322,1.108197896,-0.143321069,-1.394478578,0.605932094,-1.308121577,0.142148013,-0.313756945,13.52629037
1.291468889,0.30700306,1.077293673,-0.017862155,-0.265828366,-0.836194851,-0.334603855,1.030438786,0.27251799,0.565632902,87.13439741
0.558723837,-0.156477376,-1.372079187,1.17994213,-0.936795235,1.205818421,0.731898069,2.059845002,0.800701948,1.254518702,-64.59319051
-2.590153249,-0.178375522,0.210020344,-1.00889685,-1.17830567,-0.246785223,-0.636060903,1.027789818,-0.365725274,-0.140667878,-121.1907024
0.290345315,-0.239206213,-0.694187069,0.588621936,0.451647942,-1.09754719,-0.002854244,1.417726634,1.388277303,-0.973075139,16.70992145
-0.514127178,-0.042424035,1.420957865,-0.656293316,2.833580429,-1.195018347,1.731825927,-0.71791703,0.474108001,0.533302173,166.7845827
1.126050251,-0.051393724,0.269126941,-0.343192275,-0.391648567,0.30805054,0.62157189,-0.029262814,0.377100394,-0.369610336,-16.21034148
0.341825214,-0.060037542,0.107057453,-0.345146881,-0.617212247,-0.686049757,0.687932972,1.183987443,-0.057041167,-0.612983271,-48.31123711
-0.219786251,-1.007785195,0.756514603,0.623974982,-2.543801301,0.123517462,-0.005416423,-0.696685085,0.601701989,0.815847774,42.59887866
-0.27173004,-1.869731662,1.089629523,-0.359285304,1.216723492,-2.491161408,0.717263544,1.498546361,-0.470255716,-0.859399211,124.4166299
-0.860649132,-1.086913695,0.258460174,-0.326482624,-0.52595274,-0.766941262,2.311609375,-1.941694047,0.617838219,-0.074828543,-32.07689756
0.342749974,0.889258604,0.325664721,1.357937461,0.547267016,2.585384112,1.987820911,-1.018570621,-0.201858521,-0.611393931,198.9546204
1.247303651,0.135491372,-1.087893012,-0.684242181,0.084972963,-1.008106507,-0.705755562,0.087204992,-1.487374446,-0.260608332,-179.3073623
0.82765751,0.843550291,0.231672684,0.072345217,0.113757683,0.197372605,-1.273212774,0.81753451,-2.214268186,-1.317799752,17.73072409
0.594336609,-0.824244953,-1.412882815,0.680209528,0.579016479,-1.356887054,-1.292158731,1.136894997,-0.564022731,-0.290545712,-31.38165367
-1.241483086,0.438546499,0.517028563,-1.164311774,1.05125221,2.886548062,0.947730113,-1.680779276,-0.194270805,-0.50112851,-18.83117042
0.015618334,0.902277174,-0.847633929,-0.652088889,-0.218045895,1.80930635,-1.089633037,-1.405567019,-0.370508099,-0.784761908,-171.7646149
0.49968511,0.472002271,-0.06717829,-0.715759989,-0.831822208,-0.916191915,0.682052066,0.239404501,-0.580053241,1.487246155,-85.8195794
-0.482313571,1.098983357,-0.373368425,-0.500197817,0.381734169,1.515444808,-0.169852358,-0.019794345,-0.18330071,1.636739962,-74.78155097
0.45262403,0.189334036,-2.398163095,-1.40843149,-1.155008497,1.246329811,-3.250333476,-0.924644018,0.214532919,2.112089327,-409.7721617
-1.682468896,1.847825003,1.537262774,-0.119599175,1.032003744,0.238398833,-1.337442865,-0.934891526,-0.690992813,-1.302576314,164.9882399
-0.196921808,-0.464581078,-0.974121846,0.703427917,-1.365617404,-0.423598582,-1.307369782,0.731955503,-0.63002498,-1.597872134,-86.93185648
-0.426357596,1.148445709,0.883109777,-0.077837197,-1.563190809,-0.291811269,-0.180479914,-0.75179105,0.298752908,3.193107568,-3.767526646
-1.542801515,-0.63275503,-1.978225249,0.046934902,0.3514799,-1.372859451,1.897767017,0.764029782,-0.834323045,-0.947892717,-132.1058785
0.189581617,1.001046093,0.070052163,1.161878303,-0.168821723,-0.104449219,-0.927353134,0.50109417,0.97519763,0.238368983,105.1359129
0.205075339,-1.62338253,-0.981325937,-1.404816944,0.516644446,0.029430592,0.107207962,-0.079908453,0.626434672,-0.318846355,-210.1802308
-2.259700573,0.729723151,1.616437901,-1.17925457,-0.94793529,0.640187822,0.762215944,-0.554767094,-2.258306722,-1.908183275,20.29244215
0.921266109,1.454370152,0.94670656,0.683593167,-0.798362305,2.132595114,1.979294788,0.851453231,0.601410395,0.70538457,148.218731
-0.079501668,-0.151659922,-0.752081801,-0.774205939,0.512150903,0.626753433,1.306974299,0.78524864,0.114249919,-0.293908399,-121.15518
-0.984753105,0.790974672,-0.57388054,0.496573887,0.972867642,0.018803013,0.681913663,-1.121082058,-0.73227231,0.791796494,49.56714681
1.384504963,0.25203398,-0.480162283,0.030140661,-0.515469273,-0.078330849,0.111981933,1.344284575,-0.273152247,-0.456699145,-69.56495675
-1.031362818,1.14186351,0.392055748,-0.257501951,0.829773851,-1.998315746,-1.480629662,1.256725202,0.781904052,-0.796467545,41.3698364
-0.315567693,0.946548528,-0.76548122,-0.043545672,-0.589517132,-0.965396159,0.172891685,-0.034812315,-1.916300766,1.895574773,-104.5800471
0.664702745,-0.552920837,-0.813014372,0.823279916,-0.011092004,0.322082311,0.225761523,1.303507932,-0.975366027,0.017613252,2.217669432
0.389604524,-2.220421009,-1.008448733,-2.085897878,-0.081045965,1.528747851,-1.472037073,0.115824587,1.378469627,-1.373834825,-303.1641798
-0.51866672,0.853201545,1.390972358,-1.355970345,-1.233101305,-0.045254302,-0.195785271,-0.331431371,0.570421173,-1.042271588,-48.1696488
-1.311143822,0.88021414,-0.111916685,0.951056862,0.049661356,1.0499436,0.99886216,0.027966544,0.642993155,-2.911549919,108.4243785
2.519707646,0.134907116,-0.297735649,0.726127521,-0.008413666,0.771522531,1.891455115,-0.189751557,-0.516060177,0.300586925,50.53457182
-1.103366606,-2.152890593,0.708108677,0.956702317,-0.152469836,0.133540905,-0.785989461,0.507991327,-1.836205373,-1.331232954,153.4017114
0.013652912,0.251653869,-0.441023821,0.255699538,-1.810799578,0.132508097,0.428727993,-0.109316257,0.676888204,-0.204307209,-73.94400051
0.130690024,-0.141525753,0.531026095,0.148876804,2.549009709,-2.624817056,1.181567716,0.948813096,0.870746645,2.343654053,158.9118808
-0.519534396,-1.537155483,0.059969479,-1.283403488,0.159143678,0.669470164,-0.195835864,-0.429894029,0.481964988,-1.193654786,-131.1521226
-0.005909585,-0.551525682,-3.26530128,-0.400813952,0.437777807,-0.595765864,-0.014348691,-0.422223755,0.363782184,-0.954428376,-297.8811359
-0.111318849,0.299085734,-0.749415987,0.337766099,-0.344477209,0.257253421,-0.54508723,1.536156773,-1.269291105,1.81675563,-41.92638656
-0.398864451,-1.024731327,-1.66436787,1.147289972,-1.730020828,0.481454284,1.082626518,-0.322521453,-0.820269854,0.636021073,-111.902677
-0.062834475,0.494794784,2.254382394,0.41358829,0.197285291,-1.110789184,0.270436872,0.157617807,0.591983749,-0.666603626,252.2125458
-0.50558954,0.094116772,0.45679811,1.026015111,0.098329015,1.515532397,-0.366184908,0.306765835,1.33298181,-0.814151716,125.9070493
0.687769164,-0.591647399,1.885668785,-1.836983161,0.020001322,0.175997252,-1.038377643,-0.719519513,-1.77065231,-1.081188478,-10.90641555
0.302122508,0.99775275,-0.418203326,1.851990505,0.377331876,-0.558225079,-1.974592909,-0.050315846,-0.08479476,0.631170792,125.7456585
-0.763884257,-0.533116657,0.117074375,-1.094801205,1.4600099,-0.465170387,-0.650484486,-1.016267857,0.723760712,0.46596012,-35.20418344
-0.930580805,0.940400066,-0.628375976,-0.040975838,-2.192298908,0.794092982,-0.761791183,-0.024496015,0.904434351,-0.3754844,-162.4361893
-0.564044614,-0.708201905,0.396528897,-1.793795888,0.556421319,-0.94150668,-0.6513107,0.697998444,1.446279707,0.19032019,-105.0450757
1.454456957,-1.354292926,0.095309033,0.767225464,0.517106377,0.336280831,0.486988139,-0.546183363,2.151982567,-0.054488094,107.0916468
1.450976323,-0.395459097,1.510692932,0.147597569,0.527696503,-1.222479225,-0.600436676,0.376694849,-1.440010536,-1.426049042,172.795463
-1.22322023,1.424627732,0.438579291,-1.370026627,-1.210160503,1.227273822,1.065376272,0.491412756,1.268583236,-0.258045516,-121.7191758
0.188986646,-2.10687789,-1.489860842,-0.022610054,0.795850152,0.058531732,0.792547854,-0.482475445,-1.303342587,-0.091328903,-106.4044194
-1.05751467,0.623342301,-0.93583123,-1.075893829,0.530867162,-0.302269392,-1.123195051,0.304492202,0.530342902,2.045654548,-152.7283978
0.957511488,-0.266568436,3.354573389,-1.07713082,0.553489664,0.594798196,-0.625984794,-0.463050957,-0.200263859,0.815922286,223.0859454
1.073366582,0.869572519,-0.512974244,-0.4435216,0.034143893,-0.000478718,0.072249134,0.215031943,-1.422058497,-0.562162342,-98.0697728
-0.581146709,1.978591129,0.581546314,0.284521537,-1.009480515,-0.711833878,-0.598616925,-0.319331134,0.475649659,-0.427875528,41.41191307
1.477372561,1.011097006,0.225841834,-1.351547454,1.551377721,-0.107346822,-1.197166593,-0.942963372,-0.621134799,1.672989703,-55.07773429
1.938094899,-0.94153392,-0.12445663,0.867156889,0.869031276,-0.267003762,0.159393198,-1.447381333,-0.113581868,0.091271898,109.8749606
0.026130958,-0.214005161,-1.693571593,1.317522242,1.567595326,-0.884936682,-1.7285809,1.782303083,-0.374718986,-0.773150227,37.23871775
1.429573361,-0.4487675,0.196780183,-0.495602182,0.677828655,-0.289885907,-0.537956015,-0.120530644,1.122425313,-1.383124998,0.988797264
-0.385672631,0.434502646,0.082832571,-0.728171901,-0.205627854,0.587262413,1.748137069,-1.334610607,-0.739771164,1.04006182,-71.85842631
0.824783892,0.739942716,0.961036436,-0.42935229,0.075378691,2.516375856,1.070427804,0.777306122,-0.610513667,0.906055958,68.60006407
-0.433659694,0.778222317,-0.324903749,-0.504990413,-0.414772039,-0.244181772,-0.03460353,-0.20096225,0.274980522,-0.110226393,-92.90108345
0.987778111,-0.659527675,-0.898626676,-0.983311732,-1.029845037,0.139774381,-0.334261165,-0.459675783,2.478846057,-0.882279086,-237.1111145
1.837162833,0.721401909,-0.59791735,1.658325543,1.656532746,0.245526746,0.385733544,-0.123975924,0.159485764,1.340357754,158.1990516
-0.229181701,1.793475536,0.38243907,0.612173016,2.687774658,0.435892175,-0.253994529,-0.605839286,1.02392492,-1.119587658,202.6886994
0.148780635,-0.171256305,0.150135654,0.712481764,1.143398107,-0.215196324,1.031380525,-1.352865889,-0.970271326,0.388185796,155.3191754
0.519502814,-1.662027378,-0.099120519,0.483494702,1.716075946,0.254819218,0.780395595,0.499500797,1.833824729,-1.025469844,110.0053242
1.379111403,-2.314163983,1.524676743,-0.005226597,-0.225112561,1.673690697,0.337606222,-0.270054898,-0.531843623,-0.034308357,146.5725319
-1.331747484,0.941066551,-0.922219277,-0.024697643,-1.051321814,0.314762561,0.349747815,-0.494497974,1.053121453,-2.470663283,-122.1634267
0.439150134,0.833179431,-0.31267717,-0.79598891,0.395373681,0.931665967,-0.248973655,0.314338683,-0.316082961,0.314129496,-103.3496996
-0.412894443,1.715191811,-0.551470508,0.164626413,-0.772389432,-0.733116886,0.930861397,-0.554534602,0.926500485,-2.648791614,-59.20696705
-0.900346967,0.130272969,0.004489631,1.309518906,-0.486820143,-1.965548994,-0.616547546,1.167030175,-2.06049382,0.812138111,103.4501816
-0.403703434,0.829149035,0.175574085,-1.02475075,1.32270322,-0.267765519,1.848040192,0.72717126,-0.121021031,0.990710847,-7.974618905
-0.924925816,0.268775789,-0.344983162,0.22702886,0.281348347,-0.051954771,-0.591876066,-0.382583843,-0.113588114,1.274272259,-32.19624431
0.5897627,-0.667867109,0.356227546,0.249120247,0.412514581,1.731252309,-1.262286818,-0.046383479,-0.054637954,-0.894279831,59.36370709
-0.896556764,-1.950686833,0.054151326,-0.286427115,0.823366572,1.644961331,2.525723192,-0.182939879,0.209630088,0.483385314,28.88888555
1.299469549,0.290458269,0.51655625,-1.135984267,-0.741427608,1.886041297,0.110142614,-0.232619005,1.659099315,0.146731955,-84.61118071
0.023407583,0.041576761,0.387767519,1.743547391,-0.420757659,-0.048988788,0.469194862,-1.069496405,-0.390579249,0.214373648,179.8083821
1.021383295,2.088442773,-0.21701705,-0.308482788,-1.258504911,-0.709579855,2.426716486,-0.564774004,-1.377617501,0.432959825,-69.8087699
-1.034805163,-1.588644169,0.943040642,0.281072225,-0.275963096,0.8403636,-0.883444106,-0.149153989,1.308338367,0.058244361,97.30872971
1.106461771,-1.250216026,0.013420485,-0.013283089,0.397527757,1.056288484,-0.954438626,-0.50199196,-0.040204735,0.50691572,13.18134785
0.648612229,0.097774743,0.796842155,-0.469110598,0.21756553,-1.969960568,-0.122843813,-0.3216773,-0.995463582,-1.179796242,31.64041563
0.17841536,0.269124286,0.153865654,-0.479242827,-0.46665149,-0.405680878,-0.267152135,1.884079318,-0.518284291,-1.326460956,-51.99546586
-1.242564003,0.528269939,-0.671380444,1.670093901,0.789732125,0.144116363,0.734935974,2.476929134,0.030848667,-0.908341252,136.6622632
0.71769517,-0.089147988,0.214918287,2.026195977,0.777312887,0.262083415,0.176027637,-0.908470034,-0.324109083,0.991826714,238.8633404
-0.776403192,-1.441008372,-1.051297345,-0.660004536,-1.539620126,0.016678043,1.568231733,-1.040563747,-0.05579162,-0.830725143,-218.6646045
-0.856194199,0.412899262,0.292794017,2.247555224,-0.894225389,0.835682617,0.506954741,-0.989604834,0.335969468,-0.821778564,238.350623
-1.602923913,-0.303201086,0.150853437,-0.311704214,-0.709191273,-0.566665605,-0.752209684,0.956417207,0.548978464,-0.245402393,-44.31585783
-2.946904219,1.604735012,0.539950901,-0.429991409,1.730517952,0.888987749,1.323340922,-0.042824379,0.22084177,-0.033068001,96.09906073
0.18703175,0.819148793,-2.12333281,0.546821077,0.022686438,1.98357868,-1.092576711,1.472595497,0.617722666,0.984889061,-156.4646971
0.363840434,0.346034411,-0.858586226,1.695515819,0.720456895,0.120349915,-2.047166885,1.002579814,-0.045185528,1.455409482,95.45185508
-0.9933587,-1.015878827,0.25719897,-0.240665175,-0.412413818,0.5861658,0.007880185,0.212093353,-0.164335206,-0.325611052,-13.86385669
1.815957696,-0.112537064,1.479304444,-1.494577871,0.888044202,-1.224109293,-0.171211212,-2.393941066,0.855461864,-0.363401983,27.6344889
0.672645112,0.667271992,0.701588849,-0.012178499,-1.552704801,1.029125445,0.577044083,-1.113123251,-0.571868839,0.010975357,6.673020279
-0.070094545,0.121957023,1.739140146,-0.938166728,0.713820208,-0.025788507,-0.525704805,0.978559729,-0.974531101,-0.095532907,102.833148
-1.203475655,0.777535772,1.416674841,1.487480939,-0.579521091,1.208168718,-0.249985385,-0.305441214,-0.49435012,-0.006582581,262.7446241
0.961838832,-1.068328171,0.059173466,1.374290914,1.3542882,-0.510498559,0.179020914,0.212326141,1.277619013,-0.76470773,192.0162655
-0.414578234,0.263826777,-0.293318868,-2.248095193,-0.267436216,0.306546277,0.787494032,0.273337644,-0.188060688,-0.296998207,-235.7319365
-0.687457139,1.285039895,0.071411854,-0.082588463,0.356566878,1.440505324,-0.13465696,-0.61177626,1.363322984,0.312299364,9.88601279
-0.316176772,-0.903312267,0.527476723,0.705693031,0.503572831,-1.922111139,-0.508486746,-2.322961878,0.855972697,0.38197377,147.9398347
1.328640828,0.313184474,-2.906988219,-0.374822057,-0.3692072,0.841983695,-1.038543821,0.109408472,-1.237426638,-1.631275815,-327.5939409
-0.50688735,1.371952051,-1.152866202,-0.392039869,1.540566611,0.962684917,-0.528721633,0.756311291,0.160110891,0.587114397,-61.38541685
-0.150054407,0.603509636,0.759153974,-0.001063885,-1.150228178,1.250661508,-0.575553689,-0.738645025,-1.146236307,-1.217522832,16.28109484
-1.998888907,0.034029586,-1.70190223,-0.561337996,0.427814395,-1.053835495,-0.3294893,-2.201243473,-0.274802305,1.674859673,-199.1889748
0.770050109,1.506147241,0.273660119,1.566854707,-1.307642581,1.848663069,0.599089759,-1.381769189,-0.968483647,0.175673712,132.6712587
0.445838875,-1.722256934,0.928015659,0.208491971,0.709599479,-0.401209207,-2.354482923,0.527480833,1.230460048,0.018252461,125.0302008
-0.586970986,0.331963929,-0.179529834,2.344053779,1.012942885,-0.159201712,0.133760574,-0.03644732,0.805239858,1.061784767,239.1043344
1.18300299,-1.205073561,0.25077201,-0.102260795,0.363386956,0.13452574,0.411109055,0.16615102,0.097527204,0.242164212,33.76244234
2.056543565,-1.130888435,0.367481665,-0.313529686,2.985259003,0.175211419,0.921801502,0.606850593,0.42009449,0.482687887,136.0993915
-0.521297395,-0.228365593,2.195285064,-1.289025228,0.870084507,0.329174673,-0.652042414,-1.768925297,-1.109869007,-2.266406573,121.275151
0.949453487,0.581404599,-0.524964853,-0.829925619,-0.422197527,0.455317691,-1.003027417,0.153172346,0.546026147,0.206583227,-170.2875533
0.229643056,-1.318276292,-0.03771795,0.756727003,1.67512994,0.287682044,2.051509464,-0.306688216,1.153169698,1.306617069,125.4927163
0.070142616,-2.170916798,-0.274896379,-1.109336332,1.599019332,-1.615972789,-0.688505233,1.318145636,-0.005769716,-0.336849097,-62.91891761
0.48671053,-1.317098197,-0.457430838,-1.300633705,0.156968627,-1.611785063,0.297668915,-0.8944442,0.306512206,-0.213113754,-180.4684702
0.970604177,-1.290860607,0.500427179,1.493241559,-0.129609945,-0.237991327,-0.486296611,0.32984899,-0.822819266,0.692651317,182.8389563
-0.177322788,0.252892796,-0.524901963,0.571608711,-0.803312858,-0.662238079,1.228517606,2.339996322,-1.498281809,-1.239606811,-11.02720358
0.348341739,-0.897830066,-0.589112133,-0.935596299,1.057814181,-1.186993388,-0.177917876,0.344053922,-0.417430382,-0.912810919,-115.7424779
-0.486902125,-1.078748302,-1.070151987,-0.07940748,0.627134911,-0.011951151,1.699266584,-1.334211795,-0.69429543,0.029060402,-66.52529339
0.233914916,-0.278603703,-1.66886675,0.133020738,0.273645987,-1.0658741,0.60430428,0.009526377,-0.416462735,-1.313719345,-131.9957761
1.671347575,-0.90137568,-0.151967382,1.060143819,-2.522277917,-0.070220362,-0.893746019,-2.89951388,-0.176133504,-0.387964969,-20.15617304
1.823139132,-0.816481307,0.622145019,-0.030228159,1.493339419,1.658508917,-0.215542321,0.90852396,-0.269733184,-0.904503586,100.9155096
0.582198925,-0.563494122,-1.060970994,-1.272727083,-0.086801546,-0.95856949,-0.711897827,-0.032560027,1.557139154,1.146333725,-238.8287939
-1.041597739,-0.16223599,-0.372793208,-1.076439287,0.160768936,-0.60337469,1.006715856,-0.822623765,0.274719495,0.152311358,-140.5870285
-0.329044295,-1.147251991,-0.159295603,-0.606634566,0.345309556,-0.763769501,-1.704915081,-1.225307674,-0.81613649,-0.852888126,-72.2907733
-1.485186163,-2.049474486,0.176484184,0.451226016,-1.58584564,0.985399711,-0.073107302,-0.403379746,1.015937224,-0.790770919,13.1264243
1.747237329,0.555731319,-0.374173585,-0.580977014,0.312515166,-1.284415027,0.032482055,-2.61546896,-1.135391324,-0.961522687,-65.06581191
-0.848399107,0.629406158,1.188419221,-1.26938357,-0.916519917,-2.006962065,-2.735028008,-0.6830568,0.296612531,1.831450031,-53.82050805
-1.18086594,1.38523738,1.056258453,-0.73618671,-0.277417431,-0.573304922,-1.482027682,-1.298814858,-1.7289756,-1.408449141,-5.594005737
-0.103812484,-1.180460485,0.530369189,-0.119558757,0.201738655,0.510535378,-0.03456424,-1.400071234,2.345624162,0.9057176,63.31219501
-0.491956905,1.328056889,1.223948753,-0.197620468,1.669922781,1.689188934,-0.365240977,0.468978078,2.035873535,-1.671169772,153.2359888
1.450340259,-1.122150561,-0.789352366,-1.438426719,0.217513496,0.477296009,-1.269923087,-0.338908546,-0.613253815,1.196133717,-206.7815286
-0.50504926,0.171982495,-1.014645787,-0.024113843,0.548454495,-0.666413711,1.32209159,-0.02627448,1.183077181,0.1150052,-63.28527927
1.648785966,-0.138557416,0.706892173,0.165590505,-2.454090251,-0.922546328,-0.610078244,0.051743348,-2.036578299,-1.471152762,-5.949127168
-0.736668791,-0.998365306,1.167268539,-0.501244499,0.286693854,0.177188654,-0.033960622,-2.365143294,1.238902231,0.816844897,69.30873883
0.538301692,-0.593006351,-1.914581965,-0.670913551,0.832995918,0.28459788,-0.963888189,-0.51288357,-0.208370893,1.250893789,-204.263021
0.851548135,0.609159612,0.205400773,0.792765144,-0.852907067,0.34237509,-0.586235574,1.66236667,-0.145461589,0.118986421,64.50398318
-3.307899952,-0.151362904,-2.856275413,-0.28949008,0.311039065,-1.75742337,0.919186154,1.155732712,0.716430204,-1.059340687,-268.0070688
-0.628143739,0.098933787,1.022841472,-0.190446186,0.043040871,-0.144878562,-0.574082577,1.412026879,0.57934676,-0.281125485,86.05924017
-1.924454597,0.031079518,-0.170838026,0.150117967,-1.299884915,-0.349679105,-0.334647159,0.337241462,-1.612740369,-0.4504645,-51.68361753
-0.306594525,0.663910328,1.70412963,-1.142274654,-0.800677743,-0.521543178,-0.354121236,0.650604954,-0.936234206,0.306033282,24.7265098
-1.074839257,-1.173233308,0.701171354,0.598953431,-1.483993813,0.700054054,1.421247526,1.10725855,-0.987102598,-0.862102488,99.97659075
-1.567772348,0.10094697,-1.275871,-0.03347481,-1.735310704,-1.530130929,0.675164401,0.131112196,1.322742832,-2.976032474,-167.2565059
1.967655622,-0.125666151,-0.321486012,-2.058526089,-1.988260922,-0.580531441,1.080966171,-0.189863692,-2.026169246,0.388398869,-276.2044343
-0.473839347,-0.014452271,-1.234348872,-0.592464259,1.615582824,0.964851633,-0.026405757,0.424061044,-0.80960352,0.280161159,-100.2955794
-2.378996041,0.670049672,0.217207938,-0.464767224,2.404837542,1.744861407,-1.177226417,-0.247340387,1.7829056,0.468540162,54.75044607
0.126630599,0.945471482,0.894585533,0.332075439,-0.970020576,-1.257703666,-0.503013053,-1.683849803,-0.405396979,-1.028031864,67.30461868
-0.276590734,0.463210409,-0.724332613,2.764903143,1.364781473,1.060793887,1.377216542,-0.641728293,1.499989514,0.197155306,257.165058
-0.128212129,1.421673504,-1.92046417,0.850603657,1.391720313,1.243376139,-0.491653601,1.585362405,3.009862196,0.383095028,-40.61316046
-0.584229093,3.040686954,0.185396656,0.631900339,-0.36660257,-0.08163436,-0.904400502,-1.707342954,0.649604865,-0.815787725,59.28245882
-0.235444458,-0.262427596,-1.325884077,-0.395140109,-0.646686853,-1.027773918,-0.713249128,0.260148577,0.593538986,0.375613877,-197.0516394
-0.45513399,0.883804797,-1.798961147,-0.962379292,0.547537657,-0.082691284,-0.341534331,-0.343743298,0.006596002,-1.00512914,-247.6139794
0.009701292,-0.197831891,-0.352853471,-1.640510863,0.191203443,-0.08103887,-1.188018833,0.560849753,-0.557442194,0.458243622,-185.3477805
0.586801851,-0.269041092,-1.181566579,0.220129187,2.191638255,-1.433040405,-1.740700606,-0.82473398,0.421968821,-0.399070539,-6.63024353
-0.233843215,-0.476223881,0.957263076,1.409744807,1.047854514,-0.156247773,0.284964915,0.117997576,0.927649489,-0.889576485,266.4547468
0.243440714,1.105113543,1.311926575,0.749087858,-0.186025663,-1.596956076,-0.148740715,-0.26765577,-1.155909782,-0.14634867,187.2208186
0.710959968,0.444263311,-0.524520266,0.489374561,-1.129051771,0.721672064,-1.222127809,-0.374820808,-0.240325398,0.71299843,-57.16114217
1.793464925,-0.241301022,0.650536489,0.552994158,-0.70379672,0.616044397,-0.270950673,1.102276527,0.077784342,1.161783201,98.08384626
-0.169119146,-0.862794293,1.362324949,-0.150643396,-0.692995733,-0.311545326,-0.562148389,1.46128402,0.354921499,-0.296883586,93.74888997
-0.220964174,0.026885839,-0.966976143,-0.047711356,0.425457562,0.785800159,-0.003602539,0.877362291,1.503398302,-1.158364689,-77.78317289
-0.480214434,0.268850786,-1.408960747,0.275002298,-0.435248197,0.583837082,-1.492102017,1.195177412,-0.162062102,1.295207073,-140.2934043
-1.69658254,0.477878936,-0.989378271,0.032025343,0.391886629,-0.168545916,-0.121119398,0.918804647,-0.876752231,-0.737618363,-84.39666605
0.849490605,0.989130157,0.126321273,-1.910080514,0.47771598,-2.356936696,-0.698589542,1.387993203,0.731689887,-1.806992117,-153.7743248
0.523175453,0.348324959,-1.641341336,-0.443577908,1.021126288,0.085419288,-0.821837433,0.068170355,-0.823109049,-0.778891305,-146.4808201
-0.537943966,-0.182901567,0.362543091,1.162648059,0.394757389,-1.576308997,0.180338691,-1.181995522,-0.959354961,-1.343209391,147.1119915
0.975200542,0.369263778,-0.029172699,0.139319631,1.413769648,1.423953846,1.110911145,1.335570456,-0.323075743,-1.500802015,54.16626707
-2.075588009,-0.086069693,-0.782003493,-0.759703117,-0.497570838,1.001824854,-1.771068553,-1.228443831,-1.831144878,0.47154238,-169.9868257
-0.759151372,-0.433521917,-0.863510899,0.956394329,-0.42887986,-0.904871177,0.287854063,-1.512101779,1.565018882,0.925880244,-17.89482147
0.585904201,-0.736770136,1.669069526,-0.942558006,-0.130060294,-0.556118747,1.614778791,-1.406815009,1.325432109,-0.322028154,42.94715683
-0.090291569,-0.722291765,0.486239834,-0.475564059,0.707415548,0.895076263,1.120872583,0.841294984,0.433789272,-1.735902537,52.78398986
-0.397449299,0.27345865,0.53057064,-0.691514121,1.021579533,1.234086745,0.261481687,0.094750327,0.19898543,0.583324301,20.60817359
-0.308653657,-0.264275603,-1.463659796,0.874288707,0.632259193,0.547888861,-0.013971394,-1.390023722,-0.851737106,0.747071903,-43.10506333
-0.18930047,1.669275097,0.236138161,-0.063804558,0.047403551,1.322458642,-0.197313753,-0.884611304,0.740321186,0.439300037,9.229611136
-1.191303497,0.656553609,-0.680024722,0.232253697,0.346448209,0.25049285,0.293072473,0.473832921,1.865774511,-0.714351418,-44.90785648
-0.039213814,-1.050723195,-1.231366926,-0.966690109,-0.469923,0.415149633,-0.906496119,-0.148654629,0.191061817,0.007031798,-247.3132001
-0.171810464,-0.146631774,0.330613261,-0.565349953,-0.223666572,-0.774269922,0.143405961,0.791497436,0.960613233,0.575356725,-26.07587825
-1.016674376,1.475133657,0.483290496,0.987325735,0.595963309,-0.345406952,-0.097350994,0.058670603,1.752424004,-0.363500244,152.0147986
1.741214932,-1.672277913,-0.400892075,-1.348201693,-0.532516307,1.487723052,-0.982994764,0.048103148,0.032068509,0.412981252,-170.4938607
1.217184233,0.396998824,-0.565428674,-1.315404218,-0.114561139,-0.383959959,0.035427343,1.398496433,-1.288798514,1.107889062,-176.9279911
1.454222219,0.144647384,-1.143753114,-1.588213752,-1.127552502,0.238497621,0.206681787,1.143627993,0.765586485,0.91885475,-289.6758275
-0.493668322,0.90178282,-0.853724044,1.767198063,0.36586891,1.400706375,1.059242691,-1.42543145,-1.756794202,-1.480844027,107.3246561
-0.610492326,-1.37332428,-0.989004438,-1.008267758,1.910435632,-0.821286796,-0.702220486,1.088910513,0.015306575,-1.198180753,-97.93798303
-2.703348047,0.339355813,-0.761587865,-0.306013954,0.882286493,1.551245266,0.145427217,0.144326472,1.692346572,-0.703710399,-65.37290153
-0.637739984,-0.530996955,-1.122722022,0.382409746,0.674819492,-0.04946371,0.166452208,2.45530014,0.289168644,0.492451264,-40.66931276
-1.696458154,-1.298803554,-1.075858562,-0.41145651,0.821538817,-0.468348689,0.611106095,0.063077675,-1.573008543,-1.132882813,-86.73643287
-0.605808574,-0.774932538,0.979598242,1.581110218,-0.615333044,-1.407017381,0.228711325,-0.074593585,1.646018839,-0.579172534,197.0224573
0.574906041,0.530451853,-0.723437223,-3.199264645,-1.297714025,-0.095201116,-0.494492602,1.980154352,-0.136135849,0.037645065,-419.8285689
0.847997534,0.176095488,-0.676299911,-2.516995552,0.705957407,1.231300538,0.764679175,1.124806307,-0.374662309,0.366686774,-267.091361
0.80262476,-0.568093552,1.454664291,-0.706621756,0.274902113,-0.903748718,-0.296885983,-0.506197477,0.474391065,2.345304563,83.61807896
-0.098709993,-0.504280473,0.536892384,-0.111191107,-0.699300944,1.721425022,0.017809727,1.318542137,-2.084020635,0.368027139,30.22729299
-0.699084941,-0.791450651,1.919397997,-1.362210285,0.24158221,-1.109164937,-1.215484432,-1.542133651,-0.147176829,-0.53273939,54.94749742
1.646283384,-1.100096963,-1.917832662,-2.182101294,-0.569061391,1.746989698,-1.181190941,0.460958642,-0.634802683,0.816624743,-416.6474399
-0.502513829,-0.208652953,0.21319818,-0.01257765,1.218567701,0.142800539,0.226031099,0.65244067,2.134002019,0.663309492,76.73645172
0.6783772,-1.234422172,-1.76270699,-0.135270541,0.055920661,-0.165800018,-0.377346183,2.052395492,1.035276566,-0.02088415,-178.3462974
0.516746432,1.06320132,0.098921338,0.048256257,-0.535631349,-1.125581739,1.240280277,-0.227696576,0.005665584,1.295113306,-5.322561459
0.442302156,-1.789045154,0.598595091,0.738566039,0.334275466,1.438195585,-0.59134938,1.406232359,-0.632807599,1.387965584,150.4870952
1.310118849,0.988860889,0.283472507,-0.110187194,-1.103913533,-0.816292166,-2.278827718,0.001177355,0.176016194,1.995535439,-24.94705989
-0.579357493,-0.310144995,-0.001225038,-0.90525616,-0.352452704,-0.175224967,1.00549532,-0.478366717,-0.173813513,0.834027569,-89.05861014
0.049591828,0.407879051,-0.961471814,-0.051712791,-0.212859883,-1.360023576,0.687763849,-0.305632055,0.814730722,0.995302901,-122.6768323
-1.413804845,0.507950379,0.514094831,-1.731618522,0.296278888,-0.275222517,0.234007066,-0.368770499,0.46638713,1.089053394,-101.9310598
0.998310898,-0.431620313,-0.391758149,-0.922410184,-0.366824412,-0.238932099,1.615375689,1.521316052,1.217158521,-0.322320469,-149.3202764
-0.552223044,0.632931818,-0.637387127,1.189016531,-0.555477119,-0.623140526,1.420504248,0.471415556,-0.832355573,-0.570746294,22.69391737
0.079597862,0.554057771,0.881407529,0.721135363,-0.87296109,-0.215667638,-0.916274101,0.134296497,1.170198709,1.355442801,102.1552015
0.284264758,-1.147589568,-1.305908251,0.68930895,-0.446517039,0.920457287,0.896387616,1.523110871,-0.374148824,0.7492788,-69.00179991
0.658690814,-1.608926549,-1.030815277,-0.338743012,-0.513377488,0.170202825,0.698265536,0.765780539,1.450709924,0.043814193,-154.9031931
-0.706587599,-1.143526941,-0.753787655,-0.775732823,0.81888796,-1.2731142,0.167652729,1.081473171,0.950200705,0.676374799,-103.2737564
-0.21071626,0.824230956,0.777030633,-1.233422994,1.493417714,0.109233235,-0.255189262,1.791287454,1.516869289,0.728996512,19.59264881
-0.221128228,0.180560938,0.402164557,0.180284773,0.241267375,-0.060868377,-0.232955013,0.313223991,-0.553646485,-0.057079903,65.62838642
0.233785912,-1.555895646,-0.581680914,-1.014756731,-0.20358036,-0.379127741,-0.649277545,-0.769973231,0.034083468,-1.223940267,-133.9415829
-0.998850271,-0.707515147,0.809967819,-1.321278924,-0.575310193,1.144300451,-3.19889768,-0.881737197,-0.610008731,-0.133175097,-88.94229806
0.065891609,1.665142383,-0.432659513,0.392456018,-0.045044118,0.209348857,-0.926163263,0.727167989,1.242826893,-1.209435329,1.731867561
1.137797472,-0.119591717,-0.311753339,-1.036248655,-0.952092902,0.423103052,-0.610887792,-0.88316241,-0.457490604,0.090478847,-155.6359128
0.177328363,1.230545005,-0.870409535,-0.166627108,0.620086589,0.953750259,-0.311336653,0.611521669,-0.0029814,-0.004348487,-70.32975221
0.686353555,-0.838892674,1.635066395,1.311693449,0.937477493,-0.21596052,-1.092141593,0.489254535,-0.345164705,-0.253676078,309.9071959
1.520600902,1.26176116,-1.201535395,-1.336722084,0.205184891,-0.064809254,0.447386296,-0.359692666,-0.165840906,-0.406356851,-227.7399348
0.003773857,0.244241053,-1.85643155,0.403888095,-0.282159536,-0.765653285,-1.273161394,-0.095613023,-0.621765688,1.132405541,-158.5914428
-2.093108147,-0.180438535,0.632506976,0.656120456,0.50874072,1.037679541,-2.496829991,0.509139476,-1.796458721,0.010197682,120.0893276
-1.384452482,-1.478464181,-0.190315553,-0.106058476,-0.779383067,1.521176291,1.433107931,0.51216334,0.257348751,-0.766291905,-49.58638413
0.118330219,-1.116064176,1.176010985,1.134768615,-0.090242881,1.25305821,0.430142974,-2.013824756,0.422628617,0.508535318,228.704424
-1.756398712,-0.776925035,-0.369261444,0.565333333,-0.600890716,-0.398671183,-0.347057155,0.754106753,-0.777038686,1.625545687,-17.06564297
-0.676230742,1.75227319,1.577848133,1.122229794,0.36103742,0.893929281,0.634679084,-0.994913676,-0.498392712,2.31759401,260.4335789
0.200863555,-0.174208146,1.032815997,1.680061525,0.863766385,-1.021627589,0.434053377,0.490648044,-0.468963223,-0.339218593,289.2407918
0.170404385,-1.513645624,1.210719204,-1.426196022,-0.442650696,-0.818887487,-0.699266656,0.521817422,-1.018780577,0.49506843,-51.39721963
0.674671536,-1.010225929,-0.510218166,0.643639708,-1.198160951,-1.506987185,-1.380432082,0.792739689,-0.17660951,-0.175346415,-18.43536782
0.310153826,0.136426918,-0.69564545,-0.940935953,0.932828704,-0.904591214,0.532116134,0.020804024,0.488013486,1.215873562,-101.4874776
1.101219581,-0.841507459,0.825224419,0.481901632,1.158565493,-1.490492866,1.356728491,1.557679272,0.448580879,0.452289993,155.4073595
0.953594951,-0.59216633,0.71886342,-1.335465293,1.409449483,1.115130252,1.259401803,-2.025036315,-0.117189034,0.724002255,-6.871328607
-0.574601858,-0.335778618,0.555826028,-0.226527472,0.072288347,0.360755755,-0.430427699,0.733950478,-1.472354062,2.008473011,21.74528933
-0.453248409,1.452467534,-1.443854816,-2.296180953,0.601206749,0.000527959,-0.550536849,-0.147780319,-0.508140198,-1.220712426,-311.0914498
-0.058430119,0.826403317,0.498883195,-0.342148651,0.232094638,1.116681275,0.195076925,-0.0774943,-0.578459729,0.537478705,29.13570788
1.329301493,0.606689021,0.127287489,1.255390479,-0.090183712,-0.002663064,-2.01087582,-0.077904694,-0.350777575,1.920921435,113.8453841
-0.922024325,-0.715825914,0.843828774,-0.351334935,0.645183496,-0.634521323,0.017752546,-0.120271939,1.651638949,-0.64852163,74.29875174
-0.887896352,0.964902759,2.642910483,1.038174477,-0.628300544,-0.191168529,1.055872141,-0.770954009,0.802191783,2.202215145,320.9117769
1.098382329,-0.520215026,-2.381292395,-1.09727293,-0.309349172,-0.576011686,0.921826292,0.182848655,-0.943380685,1.731196902,-352.776258
-1.205582351,-1.153260173,-0.404278244,-0.816737932,-0.081736676,-0.446454478,0.723997032,0.551060124,-1.436651792,-0.286301403,-124.6927202
0.383101506,-0.16385386,1.542793336,-0.481546131,0.125881278,0.632356115,-0.567987689,-0.41321827,-0.367186533,1.23679181,113.6768602
-0.827476751,-1.04392098,0.642107759,-1.287378593,-0.016801316,1.02719156,-0.780043158,-0.812584514,2.24061212,-0.604675182,-67.61427016
0.219758084,-1.433563923,-0.715512766,-0.044566899,-0.028489125,-0.483478135,-2.335930697,-0.336203737,-0.121737254,0.429039568,-63.97432162
-1.048502293,-1.483124256,-0.690692569,0.956520827,-2.029171255,-0.896161056,-0.95306971,-0.190353626,-0.779695071,-0.465099203,-36.66049831
0.858451117,-0.23462057,-0.925424626,0.255383756,0.085687161,-1.013895952,-0.895346322,0.651136242,-0.995815395,-0.408100839,-64.80428948
0.500298769,-0.961910374,0.241564281,-0.568083779,0.870029642,-1.907361466,-0.417949531,-0.799350792,1.007632066,-1.499068071,1.893101579
0.503365671,-0.377012958,-0.431847344,1.346675927,1.171190421,-0.262078577,0.182136194,-0.15452473,-0.785269245,-0.367880817,133.4097032
-0.734591577,-0.810252437,0.293557932,-1.356581805,-1.254289423,0.79426468,0.466429982,1.164739354,-1.615131816,-0.035641482,-156.4705777
-0.581770705,1.639945949,-0.143786756,-2.171094029,-1.00371077,-1.264686035,0.01904516,0.127106965,-1.438637016,1.185743514,-269.3051616
-1.614022673,0.213004316,-0.56192986,-0.767536643,0.303182254,2.192968976,-0.355743455,-0.028974245,1.271388557,-0.571294942,-119.3365248
0.675214865,-1.823496433,-0.83281938,-1.776918825,0.66667478,-0.943211089,-0.031761323,-0.288330273,-2.794850438,1.455240302,-240.285675
-1.205018412,-1.812542358,-1.076631982,-1.675299087,-0.650992863,0.650479986,-1.261335293,-0.282836778,-0.446615232,-0.539557363,-263.3872568
1.883204368,-0.683668204,-2.354651288,-0.205845036,-0.525261899,1.450760021,-1.013264309,-1.609538077,-1.054409048,-0.493935971,-251.9683559
-1.20983201,-2.496091867,-1.234719558,-1.874986789,-1.62912711,0.495135471,0.146317429,-1.392451368,-0.143995926,-0.345069864,-353.1056403
0.147010834,1.13705886,0.144030902,0.018118478,0.101607719,1.520851232,1.782024113,1.463435654,-0.029507599,-0.368883103,39.33233481
0.455146381,0.772728378,0.53797597,-0.952861041,-0.195724979,0.294830689,-0.844677263,-1.825615179,0.173197643,0.061734676,-56.84592035
0.672549675,-0.654476672,1.318760975,-0.076827701,-0.357433842,-0.053596099,-1.618547665,-0.228338787,-1.578400027,-0.633013822,102.2605853
0.061424894,-0.818742326,0.492125051,-2.321418259,-0.060237238,0.916094402,-0.384882373,-1.636841093,0.288732347,0.847761211,-180.0580787
-0.752719242,1.476114875,-2.316444857,0.622861485,-1.196339899,1.192606205,-0.303863429,0.231669939,-0.314500393,-0.217655121,-197.8871844
-0.491224415,0.674505033,-0.501894115,-0.544623389,1.249821097,-0.650473999,-0.271999972,0.267210655,0.822156433,-0.622064835,-66.5723716
0.555171769,-1.239670439,0.842802691,0.258574901,-2.303844969,0.100703214,-1.345232452,0.530306182,-1.796164659,1.616425557,19.43713099
0.08547725,-0.189057921,0.24445445,1.038839712,-0.220834492,-1.471211744,0.106544676,-0.032185951,-0.028166908,0.634962874,109.7061327
-0.851752505,1.802959455,0.011722149,0.616173098,-1.014610827,1.181996454,-1.033300242,-0.327450008,1.051859032,0.020342712,16.36965488
0.268291167,-1.48032912,-0.216649321,0.067351298,-0.149987471,1.468533902,-1.342641084,-0.283999943,-0.31513317,-0.402951076,-22.48203778
0.213080396,-0.087623546,0.510592671,0.245822327,1.048083665,0.969767778,0.794426689,0.052478057,0.210570752,-1.962991908,108.1335586
-0.745416449,-0.701281093,-0.65017004,0.614919687,-1.782992902,-0.436566336,0.646003094,-0.900187624,1.255536012,1.3362337,-60.84431428
0.01491445,0.984473707,-0.677114665,-1.203070639,-0.057804023,0.085512116,0.142277149,0.07198268,0.525103919,-0.499300222,-184.02599
0.694211043,-1.448530942,-0.209528382,-0.590025969,0.334557635,1.095873455,0.823294994,-1.133006566,-0.532851541,1.260951685,-38.12530874
-0.97240374,2.133645605,-1.422075327,0.585817297,0.693517664,0.861648862,0.306456321,0.69398324,-0.884036374,-0.259747383,-47.19957688
-0.516882352,-0.511290777,0.254897569,-0.226798411,0.706161848,-1.752384039,1.45074726,0.687464452,0.386082158,0.009826512,49.01077735
0.451987641,1.542919566,1.089440832,0.695482085,-1.403857437,-0.264643768,0.810522089,-0.740048965,-0.759485035,0.59494666,100.9033577
0.946937182,-0.179798353,0.869397175,-1.743783647,0.734896943,1.279175777,1.512455726,-0.702777166,-0.509438944,-0.773276085,-48.37128931
-1.288307617,0.292715482,0.522250636,-0.097915246,1.346225756,0.466545311,2.27243472,-1.276304417,0.573744421,0.889037122,105.2738334
-0.39213921,1.376026013,-0.878383594,-0.816925432,-0.078793147,-0.700930205,0.954874089,1.273273827,-1.039777605,-1.379679092,-179.3566307
0.393359304,0.123076368,0.030107824,0.288087375,1.102440632,-0.070487326,-0.008656047,-0.285072097,-1.134473918,-0.492305825,78.96440396
1.196526787,-0.364426852,-0.379725789,-1.164808558,-2.449367246,0.012341951,-1.499179718,0.469480218,-1.069208925,-0.802184439,-227.7004329
-1.074118931,-0.526633442,2.045439803,2.115004884,1.230072639,-0.403409621,-0.3745115,0.118052324,-1.029162333,-0.274040249,412.6611414
-0.06928112,-0.320845894,0.359692104,0.848660952,-1.209122971,0.864307059,-0.95650029,0.772622986,-0.803192295,-0.579759877,64.28288341
1.483258885,-2.605576756,0.906343235,0.210635445,0.440756754,-0.820838959,-0.80122036,0.745186882,-0.4020493,0.456203319,107.9889468
-0.148422647,-1.129888088,-0.141015718,0.476265017,-1.910965936,2.208348264,0.033649959,-0.599721846,-0.718033082,0.38192167,-39.84267466
-1.930086869,0.431996563,-0.112263767,0.029562287,-0.745393332,0.80160516,-0.19368366,0.586851539,-0.306593075,2.463013689,-25.09533706
0.923044827,0.406094019,1.269613263,-1.245150576,1.156581652,-1.277436604,1.357619633,-0.496651052,0.418514559,-0.143581589,41.22920692
0.05860394,1.128906596,-0.639216141,-2.31824298,2.561297777,2.191770332,0.595495301,0.2848859,1.061041859,0.18625246,-178.9280892
-1.896001895,-0.967085873,-0.245065087,-1.102091956,-2.381991273,0.871045293,0.143737438,-0.01915309,0.591911906,-0.417823519,-214.3434378
-0.834082632,-0.513012209,1.059958265,-0.527566405,-0.601112147,0.065442095,1.254512745,-1.226150963,0.215530342,-1.359379891,33.01673241
-0.553649305,-1.197877893,-0.985726046,0.504046516,0.955142321,-0.062679097,-0.530257618,-1.035242322,-0.10703036,-0.792872832,-27.44768385
0.401624712,0.862268431,0.332385428,-1.249794641,-0.023859829,0.114545701,0.073178715,0.494672766,-0.165802827,1.434459027,-92.06053261
-0.856851865,-1.126053961,-0.985539601,-0.96974372,-1.090208407,0.243657224,0.110535317,-2.854626663,0.494063919,-0.626315276,-215.9468354
-0.41982649,1.862419122,0.466333295,0.985310739,0.726033165,1.090106969,-0.924623044,-0.474530009,0.614846863,-0.45679627,152.0930309
0.396705692,-0.19365828,-0.233589732,0.976982808,0.343355348,2.198837038,0.84206886,-0.394599467,-0.002735556,-2.518830955,97.7422592
-0.361812293,0.909117928,-1.062711761,1.01450803,0.915962809,-1.31948304,0.010192915,-0.068854993,1.600401755,-0.558757396,26.13497592
-0.051522929,0.503090369,0.789919722,0.969569026,1.253132825,0.240205844,0.326855401,1.06008974,-0.195698531,-1.38929873,215.657306
1.290460741,0.055199243,0.872817083,0.732080951,0.032185087,0.291378985,-0.309066237,-0.853932908,-0.035096467,0.404823409,152.5144086
-0.274984386,-0.033359499,0.798730512,0.545004259,1.724278249,-0.230599912,-0.177480802,-0.647293453,-0.807594928,-2.026023448,199.6751629
-0.153449851,1.150703275,1.75404305,0.537984273,0.812434901,-0.217249328,0.133484495,1.109578242,-1.010600041,-0.516397485,246.5109898
0.907049819,1.580946432,-1.298948261,-0.408144523,0.806543864,-1.880007602,1.674088247,0.944322443,0.389865455,0.610983349,-130.4851537
1.099415602,1.881621289,-0.668433031,4.479084251,-0.853218118,0.051076304,1.01862451,1.569584066,-0.623180315,0.861097989,336.5847095
0.556835536,1.318317391,-1.101265699,1.765338213,0.881465462,0.753276658,-0.240175055,0.105713566,0.180314442,0.587580477,100.5156315
-1.402605272,1.749576743,0.122297503,0.543298029,-0.429405541,0.125224503,0.04886007,-0.662900918,-0.701991688,0.040591691,32.91528322
0.34266283,-1.582736055,1.290541662,1.11686538,0.310116841,0.75747691,0.277480532,-0.077589478,-0.957187265,0.595380633,221.8514542
-0.772877668,0.407052287,0.655900777,0.194736195,-2.940388635,0.593556722,-0.018708756,0.947526462,1.12411272,-0.388518453,-41.63311089
-0.365417721,-1.603039484,0.440918828,-0.25471879,0.151673186,0.314513744,-0.481657451,-1.122033171,-1.413969133,-0.815280329,8.301889398
-0.327368691,1.313169787,0.293306236,-0.295967573,-0.048877234,-0.078489624,1.339999885,2.742796604,-1.707241135,-0.373166239,-13.7378585
-0.506927574,0.109125453,-0.024434617,0.179497703,-0.89446698,-0.574894483,-0.350069162,-0.859960696,1.472406014,-1.186734822,-14.73878894
0.175753652,-1.293450523,0.277372952,-0.114243914,0.810334628,-0.214287307,-1.400522391,0.987237238,-0.66145411,1.498050285,34.9212594
0.706902281,0.756540787,1.146979301,0.592317302,1.430705998,0.856743176,-1.142282509,-0.268407624,-0.927635151,1.843387164,222.7326217
0.06832213,0.126312515,0.56285448,-0.13774106,0.56147263,-1.08869341,0.780201721,1.647877606,-0.355934917,-1.174202296,73.11000967
0.097676099,-0.773009784,-0.108760148,0.401711722,1.532738913,0.519346514,0.690143992,0.012592401,0.224092482,-0.401220472,88.27552284
1.047701569,0.365160632,0.907860638,0.017414249,-0.093621319,-1.153659351,0.48559392,0.561711028,1.487688446,-0.871510594,99.04559518
1.494141897,0.201394559,-1.431188333,-1.923216286,2.116012057,1.1747618,-0.245172422,0.748936114,0.046211604,-1.518415699,-239.4443366
-0.586512663,0.765189929,0.087905807,-1.324187019,0.16459805,0.373980557,-1.026425153,0.382119926,0.559151434,0.748280436,-111.2567621
-0.250271225,0.330559893,-0.063735721,-0.253865128,-0.029470957,0.285406891,0.225613467,-0.877745293,0.811718399,-1.296344984,-42.24674442
-0.490806466,-1.130987388,-0.722834795,-2.175548777,0.035295391,0.219308913,-0.992868705,-1.129667459,-0.247079437,-0.549238653,-260.0833243
2.64201191,0.598099155,-0.363131647,0.854402001,1.020036507,1.377180937,0.341215842,1.025632114,0.074509594,1.500274609,91.66347983
0.691514706,-2.262809963,0.89210204,0.87637119,-0.039268449,-1.231831941,-0.380851771,-0.316207535,1.905904555,1.064083273,163.142821
-0.342895309,-0.835186074,0.814563202,0.057413561,-0.794387175,0.084899975,-1.03974278,2.443472635,1.658851872,2.406875666,32.29687246
-2.650969808,1.091506852,-0.03275327,-0.543424771,-0.546858941,-0.573662007,-0.712845783,1.503992989,-0.254977217,0.106430228,-79.06263841
0.265215413,1.515811055,-0.342292663,1.51012035,-0.738124488,0.197389472,-2.484975882,0.500084817,-0.024922879,0.056798972,69.17212173
0.401408626,0.281978002,0.84607163,-0.833898685,0.445897985,-1.002777557,1.955541417,-1.231719703,0.548165559,1.522003249,22.46236511
-0.268148684,0.686183557,-1.266692737,0.6051996,-0.679691329,0.663586959,-0.630744867,0.546265245,0.499282941,0.425425639,-86.78483929
0.690617522,1.08950446,0.335555855,-2.191985299,0.095460468,-1.872245062,1.944048294,-1.16552939,0.67198774,0.311207594,-153.0519234
1.196315015,0.273824501,-1.28612734,-0.065791908,-0.424456856,1.151143372,1.08434403,-0.403124402,-1.172634679,0.10276837,-130.4234144
0.86931475,0.082822891,-0.930828209,0.460120187,0.741838252,0.278046972,-2.229028187,0.357337237,-0.457345723,-1.049155341,-20.94084098
2.728499745,-1.363404247,-0.900811741,-0.319096034,0.170705483,-0.171171195,-0.486581246,-1.534180961,-0.669552326,-0.100593105,-113.788472
-0.998796875,-1.352036427,0.415295481,-0.685263308,-0.261492465,0.65059262,1.113695678,0.230706156,0.120905915,1.113260065,-38.11323203
1.48667158,0.814529536,0.874248763,0.03328575,1.308024666,1.520605455,0.188058949,0.018008423,0.701305286,1.266479162,147.198596
0.112441659,0.13444537,-0.181786522,-0.555319886,0.272453301,1.419578908,1.661270012,-1.712121732,-1.438819298,0.210499706,-48.88793627
-1.169480629,-0.720970108,-0.14365953,-0.165080565,-0.113666689,-0.925889904,0.031759457,1.272714734,-0.432295179,0.075673541,-39.38713476
-0.170533658,0.7549324,-0.410116744,0.911643716,0.097381923,0.419686331,0.081169207,0.819951987,-2.488693708,0.073317599,63.9921761
0.32271856,-0.827230944,0.857659623,-0.15993853,1.475356217,0.310907566,-0.019016208,-0.288658639,-0.018513136,-1.002529365,113.7104809
0.66833323,-1.129485578,0.171039493,0.133678838,1.547310983,-1.348427513,-1.696316235,1.149477061,1.157421946,0.358741388,64.21406456
-1.049913545,0.269235133,-1.180626045,-1.044085936,0.339529948,0.328009718,0.941256397,0.963951251,-0.494911873,-0.589143545,-196.3919398
-1.703382439,-0.055547699,-0.269406834,0.717542256,-2.039232178,-1.183258513,1.502357052,-1.380101458,1.628615546,0.07409478,-29.28160755
1.018924589,1.813673084,-0.048353655,0.055885638,0.05948494,-1.590414537,-0.040726079,-0.074654072,-1.455896122,-0.372710305,-20.64302747
0.512671766,0.17828649,-0.705525276,0.49885456,-0.007059713,1.073167291,-0.685571819,0.208696304,0.867798499,1.814804653,-18.21416522
-1.786089864,0.411475105,-0.2428919,1.936688432,0.498609928,-0.36832963,-0.6927034,-0.793164134,-0.782726493,0.508797425,189.4479688
-1.747221667,0.094621045,0.457324281,2.098221475,-0.684491731,-1.232540311,-0.138082335,1.942245595,-0.10697147,0.591136118,204.1728304
-0.883257539,-0.45295709,0.875243218,1.960962623,-0.164320937,0.805669403,0.150798891,1.396653166,1.051556184,-0.281125229,272.7077628
-1.269209526,-0.426584331,-0.544274771,1.023881135,-0.008511019,-0.362778605,-0.257712832,0.052002538,0.892255812,0.132946268,26.62008386
0.212380086,0.880806853,0.790641584,0.93931989,-0.47098981,0.936337381,0.364426077,-0.487220942,-0.884276036,1.669246942,126.5520932
0.250261738,-0.937922493,-0.360197908,2.02908986,0.141638128,-0.795436584,1.104869955,-1.232198466,0.877909798,-0.188880137,177.2673892
-0.19490828,1.133770097,0.521122428,0.645215586,0.285554075,-0.054894001,0.555604466,-0.151273284,-0.19733842,0.089580681,122.7116923
-1.769710833,-0.25228986,-0.268394821,0.959423557,0.515767602,-0.216696086,0.090178497,-0.117103227,0.839428919,-1.954922641,81.15302768
-0.105981254,-0.884511321,0.212107473,-0.13298635,-0.977320345,1.308310564,1.217996223,-0.987032366,0.878080971,-0.709172661,-22.49507972
0.025054551,0.616488375,-0.98427428,-0.839754886,0.247370609,1.996161142,1.472624682,-1.60552523,-1.556348961,0.683829154,-156.1072308
-1.69942952,-1.80726231,0.390484294,1.075120749,-0.967254738,-0.210327773,-0.81661303,0.241078976,0.113521496,1.281269645,92.15612803
0.693706113,1.584494375,0.218718266,-0.166814741,0.581723365,-0.459031673,-0.011997345,0.726511622,-1.497232394,-0.978023024,18.38623837
1.2371808,-0.254476077,0.091168147,0.788204141,2.792208868,1.764913806,-1.780625673,-0.483933445,0.776228505,1.502734326,180.90641
-0.232273503,0.010545712,-1.756868699,-1.268982577,-1.932065159,-0.963396341,-0.888859698,0.338975894,-1.014164218,-0.159748498,-358.2409925
-1.036309247,-0.203461141,1.704592093,-1.108112458,0.110886383,-0.441848927,0.976040719,-0.277513619,-0.628654305,1.399486427,41.26686199
2.105975674,0.382882123,1.026142403,2.566941238,-2.019285517,0.447821876,-2.089233474,0.875228629,-0.105338123,-0.28740901,258.4836805
-1.57321294,-1.120085133,0.281583405,-0.181860066,-1.167209486,-0.843102305,2.157215887,-1.170383598,1.814252828,0.036603657,-30.15831974
0.906452541,0.398643472,2.347035948,1.603869725,-1.054151397,-0.074037006,0.083213036,-0.430846418,0.632400045,2.180820119,317.15767
1.530940717,-0.808646141,-0.03637733,-1.145241676,-1.508424703,-0.472089522,0.158993691,0.441322178,0.393022783,0.269121525,-166.7800353
-0.549126481,-0.594497722,-0.561050852,-0.250833672,0.28456679,1.435856464,1.645354952,-0.68499615,-0.689276623,-0.235164878,-58.68799153
0.398712802,-0.370022466,-0.487167183,-2.21760908,2.80137299,-1.088634843,-0.84209869,0.32165266,0.826145616,-1.267276688,-141.6056375
0.235014049,0.98895409,0.22481153,-0.287946183,-0.297194216,-1.596087459,1.993562399,-2.270341758,-0.973148736,0.403983526,-4.882273279
1.912178048,-0.937413788,-0.959850302,-0.22491954,0.928072007,-0.121308671,-0.201087936,-2.074959681,-0.419874162,-1.236953258,-73.29781837
-0.300825956,-1.627311728,-1.349925638,-0.455198905,0.666627883,0.409064938,-1.347253918,-0.733482067,0.55101706,-0.89879981,-146.280307
-1.412583183,0.303016292,0.307027518,-0.377155783,-0.682632022,-0.512818809,-0.569169778,0.199021113,-0.683690485,-0.448287264,-26.45861201
0.685509127,0.54645038,1.693941704,0.190628049,0.990173665,-2.334335819,-1.606022213,0.182316345,-0.763769517,0.742947636,216.2647886
-0.414198978,-0.115879053,-2.380691588,-0.746159013,-0.272409379,-0.791415055,0.952753212,-1.827691166,0.420038578,0.32387858,-300.7879234
-2.490281708,-0.666479927,0.126255873,-0.612857995,-0.289001219,0.783973143,-1.377625656,0.669044742,-1.537067987,-1.550376871,-62.97957051
1.068161035,0.96136036,0.061343664,-0.312131368,0.238558071,-0.44271707,0.245409742,-0.015547154,-0.022200223,1.055365547,-1.113193539
-1.979018693,2.026817116,0.292168828,0.11484509,0.280235946,0.292148842,0.868798338,-0.612422891,-0.977938836,0.023104346,56.35048652
-0.961762421,0.434540097,1.799738292,-0.549350091,-0.688649909,1.968451289,-0.851971245,0.911750124,0.715910416,0.296200443,78.51638546
0.384966416,0.798566673,0.796430367,1.66398628,-1.399342166,2.305946586,-0.324857926,-0.686732396,-0.982019497,0.859630787,179.6241194
-0.989659288,-0.916638693,-0.87092327,-0.744756157,-0.721696454,1.083548523,-0.0524477,-0.943985015,0.669868038,0.579972171,-171.5917945
0.262193188,-0.82792586,0.405653785,-0.454153134,-1.235973432,-1.811581903,1.515127059,-0.649340182,0.960709953,-0.937132687,-35.13247694
0.803316043,-1.646241349,-0.61538731,-1.910254181,-0.470673145,0.492483485,0.598174603,-1.545229115,-0.915967581,1.299181253,-247.860153
-0.044598672,-0.705985165,-0.727949867,-0.354921354,0.395711532,-0.588692525,2.127297414,1.896604069,-0.755033996,-1.845423885,-83.05433711
0.069326905,-0.540266249,-0.15376867,-0.966114277,-1.174041445,-0.886867284,1.393555705,0.302025128,2.337002311,-1.376435084,-128.5494694
-0.640146505,0.508012291,0.2900879,0.043900533,0.512543628,-0.567807842,0.930533319,-0.011900823,-0.57518645,-0.660841197,50.22406305
-0.718444221,-0.213447152,0.244966571,-0.506943175,0.243687211,-0.822220396,-0.471038306,-1.407463774,-1.448084341,0.232049937,-9.150048696
0.945638555,1.343576643,-0.286536893,0.318141562,-1.762930987,-1.378397711,-1.127863682,0.650251688,0.042749513,0.526295254,-69.64032829
-0.282125777,1.230702905,0.890057732,-0.607261414,-0.453891416,-0.088544215,-0.200201254,1.57239821,1.539142346,1.39922795,1.934212452
-0.937006981,-1.329405103,0.402656982,-0.07046034,-0.569630077,1.31504806,0.426983684,1.107823282,0.110335433,-0.654564942,0.777342172
-0.15455882,0.092062296,-0.00738887,0.813840571,0.393634877,-0.214328066,-0.818685043,1.068918415,-0.973357419,-1.769891336,96.17263391
0.991092877,-0.936032513,-0.414727881,0.317726701,-0.3001556,-1.28811073,0.167017978,-1.860411502,-0.484576544,0.792060102,-21.76529447
0.183016878,-1.840475546,-0.688835696,-0.842649986,-0.589184237,0.258957019,-0.031611456,0.2283367,0.678039368,-0.82315545,-172.7024534
0.183012928,-0.991527041,-0.423690717,-0.489156175,-1.177416505,-1.080407329,-0.537978529,-0.288156031,0.079047802,0.466444597,-121.9572036
-1.297635998,-0.797231764,-1.982901045,-0.1125634,-0.885170162,-1.786494963,-0.080788051,-0.723391719,0.538915694,-0.405503691,-238.2418182
0.145835812,0.745469992,0.263565525,0.413982152,0.897351702,0.742332934,-1.452828838,-0.935256365,-0.091324988,1.362187227,78.66330377
1.085895566,0.474698233,-0.174959757,-0.755745159,0.99204235,-0.668090454,0.536509844,-0.009118997,0.028181157,-0.898467982,-56.38285309
-0.293595954,-0.668367625,-0.989775008,-1.796316365,-1.088517222,-1.510329769,1.084939774,0.811683395,0.343110663,-1.988131814,-295.9077745
-1.901074429,0.083294638,-1.335322539,-1.042583154,-1.220950571,-1.827195937,-0.54885386,0.222387814,0.664275204,-0.486492616,-265.5745523
-2.335953619,-0.815311115,-2.160912603,-0.487544556,0.434892963,-0.69449841,1.796753465,1.985226536,0.166793665,0.439485828,-214.4231678
-0.210430606,-0.43320517,0.219016138,-0.403834092,-1.293078594,-0.637931747,-0.307197238,-1.235366616,1.368924014,1.121790491,-75.17684358
0.305150836,1.148090866,0.498689912,-1.942497691,1.073412702,0.765402156,-0.155422433,0.980004236,-0.202605773,-1.155707575,-98.31488237
2.457004443,-0.301264685,0.246117729,0.396267917,0.024777746,-1.108016394,0.222863996,-0.941802732,-0.572696151,0.51590623,38.2915816
1.466633736,0.387583404,1.747128232,0.962322909,-0.001345255,0.592963418,-0.367576002,-0.280248322,-0.733140529,0.757389677,239.9471532
0.139221178,-1.370234968,-0.619874991,-0.153441608,-0.647952351,-0.026064658,-0.072220438,0.399968193,-2.522423232,-1.551051162,-98.6159915
-0.078419528,1.401928253,0.164574618,-0.189266422,-0.734567658,0.969881207,0.689602379,-0.670177455,0.708468578,2.208614763,-25.25584991
-0.269740607,0.252876658,0.493117527,0.955860607,0.931011855,-0.240208871,-0.809760542,-1.532221787,0.020271892,-0.80540167,162.7165387
-1.610617853,1.162070744,0.627770676,0.4641695,-0.1487089,-1.633952092,0.070186,1.932795855,-0.610823956,0.495763512,86.19182678
-0.460392333,-0.027969414,-0.331778772,-1.528591296,0.105770384,1.214944107,0.310539638,-1.190745801,-0.793134664,-1.115217228,-154.3350872
-0.504179831,-0.081522673,1.235782192,-1.07105368,0.404294755,0.436738552,0.680216105,0.319651826,-1.778587584,1.192507512,32.84764852
0.273649453,-1.150884821,-0.741796628,-0.259793474,-0.301655796,-0.327084628,0.216448509,1.016030394,-0.150291679,-0.215160873,-107.9798427
0.802242753,0.28514365,-0.011891411,0.592077721,-1.298715992,1.307287922,-0.688261448,1.237359716,0.70337779,0.780012002,-17.97445386
-1.52561493,0.552124585,-0.758463923,-0.979415738,-1.017949446,0.51073555,-0.138501022,-0.443218692,-0.00504087,1.170192334,-191.9890497
-0.457312907,0.155675388,0.323839266,-0.996528417,-0.189499576,-0.96564964,-1.311720433,-0.079065019,1.123080399,0.491878151,-81.3312018
-0.126664027,-0.55111624,-1.075650484,0.336583045,0.143417631,-0.484628565,-0.457684562,-0.495705947,0.773557706,1.046712714,-55.06121407
-0.09759389,-1.683382133,1.548008221,-0.628442689,-0.591215619,-0.881818499,0.101422964,-0.53872628,0.84277403,-0.753707645,53.70715645
-0.28616343,-1.20821179,-1.444070175,0.266205312,-1.393631091,1.58997385,-0.332200086,0.622009368,-0.023789315,0.124105772,-173.1998588
-1.637973732,-0.879853443,0.562140264,-0.182962539,-0.237788934,0.094289153,-0.58490444,0.73483943,-3.427655528,-0.925783236,30.92511956
0.324166352,-0.130143054,0.825416349,0.813509636,1.098776852,-0.217681203,1.305478807,-0.310266757,0.681952971,0.021003842,204.8403968
0.99400204,0.065848498,-1.250025656,0.305701191,-0.201946069,0.550812835,0.551436538,-0.271115148,0.349292772,0.725821148,-88.57546832
-2.604213857,0.198948147,-1.45117569,-0.012088948,1.51115493,-0.12754912,-1.252393444,-0.420761794,0.88688739,0.363631883,-80.28245824
0.519436623,-1.160020382,-0.492654853,1.68397203,-1.059421407,0.039462199,-1.136336223,-0.024171426,0.392907359,0.587042424,68.57538245
1.907099084,0.058370521,-2.313025389,2.107535576,-0.605106895,-0.311540359,-0.377983747,1.65077023,-0.274140398,-2.107210173,-16.25803884
0.246083615,-0.802280027,0.045563881,0.623407138,0.626613637,-0.248615854,0.703440133,-0.941022701,-0.315296655,2.154928677,88.12104924
2.473017597,0.246912772,-1.823296666,-0.630866305,1.7636262,0.095442078,0.408816581,-0.229579181,-2.055546263,0.09373258,-147.8455272
-1.220600107,0.279384493,-0.614696823,0.502884685,-0.131673782,0.270321246,-0.207735747,0.789057468,-1.801066105,-1.473006459,-16.19229731
-0.953184339,-1.142698886,-1.254970469,-0.036853907,-0.160451655,-0.789853961,0.060754656,-1.614278581,0.209222134,-0.3578036,-132.5085726
-1.778278101,0.00200893,0.091320923,0.437478989,0.391015835,0.30878636,0.773155162,0.775414363,0.498834328,0.425640513,79.25271459
0.15184755,-0.686061527,-0.490190906,0.908090298,1.153327763,-0.052554162,1.208439989,0.712662032,-0.676051088,-0.77402565,81.4453982
0.910964922,0.716456749,0.124170891,0.006465216,0.974539496,-0.121452151,0.535112686,0.555210788,0.944029205,0.100299531,47.54542018
-0.61441548,-0.169134961,-0.447096598,1.55484024,1.291997626,-1.773354035,0.196109292,-1.432019631,0.606321533,2.025284209,152.496073
-1.563741088,0.162961671,0.268293219,-0.564309894,0.200034162,0.927715919,0.500183422,2.49124833,0.056496341,0.85316682,-39.74968666
0.909250314,0.857616465,0.341971155,-0.020531216,1.391971657,0.612560684,0.725521466,-0.131936331,0.885291122,0.477579671,90.86071473
-0.389403562,1.355805339,-1.58718807,-0.207316096,-0.393351125,0.715236584,0.623525799,-0.426571253,-1.197957962,1.805416846,-189.7214495
0.87837297,-1.570913054,0.913868903,0.190508982,-0.64411666,2.157835072,-1.449518016,0.347488584,-0.451983747,-1.471873843,61.37089868
0.020793708,-0.728002941,0.436559804,0.903934841,-2.921350483,-1.072139012,-2.362932436,2.05749547,0.619154261,-1.009730705,2.741986182
-0.639601851,0.345187265,-0.315167673,0.050668883,-0.188140284,-0.160188139,-1.645966607,1.157770606,0.348532087,0.907149318,-32.4712099
-0.016422896,1.188393273,-1.379319228,-0.73093004,-0.798297245,-0.176947227,-0.033126973,0.223787952,-0.517611299,1.794557864,-203.009059
0.572445306,0.39704667,-0.393437896,-1.909197459,0.058212727,0.208853543,0.470482996,0.609135519,0.464251238,1.972344479,-201.3515996
0.209659415,-0.491636186,1.360658596,-1.308820399,0.277376938,0.05993263,-3.019512156,1.238946353,1.800511182,0.183849545,-11.57480396
-0.749969528,-0.847269944,0.227709118,-0.734004994,0.730080093,1.519378183,0.997339226,-0.981087263,1.574934314,-0.119309312,-11.16344306
0.097284665,-0.872783428,0.544513222,0.113993589,-0.787146596,1.174681133,-0.676261511,0.086848519,0.878532558,0.240049828,39.59439192
1.104554525,0.494671519,1.332645519,0.626205562,-0.680065631,0.676901238,-0.936768601,-0.722947517,0.168101461,1.698009685,154.8492152
1.370850755,-0.029146351,-0.819981055,-1.93379328,-1.071156077,1.109383981,0.774353695,1.002576401,0.015695613,-0.810341286,-294.0286994
1.154997561,0.193661765,1.198368569,0.014336422,-0.078588393,-0.063303223,-0.421582311,-0.750022682,0.120790233,1.045056145,105.5768182
0.278385695,1.112326824,1.53884729,0.911262283,0.319823063,1.240965599,-0.52345243,-0.394679709,0.263866021,1.293148075,211.4518197
-0.727465706,-1.220414211,-0.40406945,0.688347037,-0.041517969,-1.175734447,0.665106052,0.401058308,-1.259295552,1.100799805,30.69005802
1.230848179,0.314985286,0.17727039,2.354123386,0.728426944,-0.878597206,0.484482161,-1.17190127,-0.108285502,-0.297220628,248.5020429
1.312062344,-1.341405768,1.598922114,0.243078295,0.110875799,-0.290415577,-0.986021024,0.137398707,-2.11424725,-0.319510427,170.1252585
0.145525878,-0.01419807,0.332807125,0.081447234,-0.879695679,-0.454566423,1.39286469,0.147305214,-1.26285024,2.473759157,16.68404731
-1.026625483,-0.45813699,0.631224357,-1.151226658,0.044569611,-1.098679373,1.104997202,-0.533452446,1.257613113,-0.377531149,-32.86995807
-0.572953119,-0.833090176,1.110167164,-0.259428055,-1.804479985,-2.629399993,0.991201886,-0.260923581,-1.467782038,-0.753699372,20.06553749
-1.217499326,-1.291807454,-1.507585135,0.908445166,1.118541409,0.034769248,0.09808045,-1.332244587,-0.431751175,1.028849154,-12.15661835
0.311303606,0.013103258,-0.128969226,-1.782909897,-0.136000324,-0.209765246,-0.061291622,2.417882578,-1.652830221,-0.577254056,-185.1358001
0.33501348,0.22519248,0.11494012,-1.434265409,-1.375159149,1.129394885,0.884217171,1.53414557,-0.921185631,0.422383901,-187.6927136
-0.859613514,-0.890568811,0.422434973,-0.466188612,0.055002936,0.946807567,-0.367203934,-0.357990434,-1.164050632,0.287563905,-22.63889186
-0.752680332,1.995996323,-0.536243851,2.401414527,-1.386694564,0.979248644,-1.906227092,-1.876936976,0.476148662,-0.297792538,111.0560966
-1.344927787,-1.075103048,0.587057535,0.006548658,0.446703611,-0.245995338,0.54242397,0.992628103,1.557905432,-0.808963893,94.45261808
-0.189120391,0.921650112,1.976440585,-1.564241612,0.58441298,0.105894453,1.617212575,-1.330313626,-0.898784048,0.104355938,41.12952541
-0.822948626,-1.463503103,-0.514425818,-1.042174807,0.566270708,0.881696427,-1.321233738,0.214984536,0.120373129,0.986514004,-143.0070474
-0.777905724,0.074534,-1.229318021,-0.208617237,-0.002097317,1.473879291,-1.02993208,-0.929324588,-0.304041099,-0.668846293,-148.0910741
1.216006539,-0.719321687,-0.419846996,0.021713018,-0.253086841,0.993740263,-0.59114683,0.468523603,-0.537362589,0.328682349,-62.44354761
-1.114532315,-1.739205152,-1.290942219,-0.406974366,-0.377764888,2.367414364,0.014004967,1.555198534,-0.59139473,0.563787875,-175.3128758
-0.521894539,-0.255624108,1.706535704,1.283886862,1.064273284,-1.633038713,0.438444887,-1.319616748,0.357451275,1.539459635,312.2073978
0.122248553,-1.361295934,-0.400397345,-1.951707296,-0.146607055,1.2341168,-0.640112766,0.332836143,-0.794773087,-0.771686458,-221.0319013
0.674700415,1.923945946,0.214300232,-1.40808131,-0.836755691,0.851943778,1.711300515,-0.931708594,-0.35475182,-2.013998322,-142.832267
-1.025517877,2.042460873,0.098648469,-0.080069666,-0.713008914,-0.103966513,0.613802896,-0.490049781,0.13236395,1.35661393,-2.096871687
1.571254736,-0.467400379,1.938115845,0.795776574,0.265430376,-1.293996879,-1.128230845,0.389214167,-0.499290679,-0.694375766,264.2830255
0.387857543,0.820576812,1.662777289,1.301096693,1.090979028,-0.086546161,-1.066363075,-0.259677964,0.277524684,-0.06695889,299.7665935
-1.215049021,2.249262666,0.233295873,1.106127871,0.050874001,1.115401989,0.944819199,1.35209666,0.622042269,0.983475753,145.5616603
-2.209079052,0.258738195,-0.676345992,-1.368047959,-1.611565622,0.732014272,0.189301061,-0.237477337,-1.981047177,-1.323344332,-238.2299943
-1.682689138,-0.628464983,2.215520699,0.496890153,1.781486365,-0.245637098,-0.468810719,-0.871863608,-1.224443065,0.268953554,325.5064784
2.245422053,1.031462514,-0.355515491,1.273088501,-1.525165596,-0.771148584,-0.812657113,1.756212083,-0.262500531,1.014949739,16.8295432
-1.562545857,-0.529052677,-2.42424026,0.884045396,-0.747211679,-0.021367294,0.736843897,0.515939218,0.066990717,-0.281327557,-157.1200917
0.348274269,-1.145114303,0.101665118,0.236200512,1.587915433,0.651366534,-0.250407037,0.261351437,2.080545332,-0.201826466,103.144389
-0.881153062,0.281356538,0.650311197,0.858458843,1.987400883,1.696854074,0.250943193,-0.073932365,-1.597454218,0.366055915,206.0338172
-0.735529943,1.236093175,0.538755992,-0.920673593,0.076005391,0.558326913,0.169360824,-0.903907641,-0.111226061,-1.413714497,-22.95533646
-0.368058282,-0.407589345,-0.327795056,-0.041660023,-1.878980945,1.174814058,0.015908658,-0.035407439,0.61043982,0.180496056,-106.3689347
0.518880676,0.028084617,0.661929565,-0.39089142,-0.351487765,1.335701395,0.288489844,1.340969613,0.555084925,0.759139199,4.987012152
-1.195883062,0.444602668,-0.209023257,-0.850520454,-1.224298236,-0.138455984,-0.58052345,0.39467153,1.669904504,0.588578404,-148.1740268
-0.445083286,-2.115561414,-0.796525575,-0.461698716,-1.722554828,-0.333002972,0.642400423,1.08681803,-0.455008746,-1.674916398,-179.0274857
0.604905223,0.2554029,-0.46604802,0.744648949,0.022223464,0.169664621,0.348496252,1.067929102,-1.225454547,-0.236828043,26.49955949
-0.653390835,-0.335676738,0.284482463,1.663888072,0.360633348,-0.790802122,1.165301866,0.837968842,-1.264492406,-0.529527541,196.6966871
-0.241739814,0.500952176,-1.087972071,0.536010855,-0.412745602,0.801096716,-0.285937041,-0.929477857,-0.506740563,0.663599095,-70.74690803
-1.272305013,0.859172761,1.070158534,-0.247118243,0.423944039,0.039319357,1.368676993,0.883493427,-2.406278138,0.365830557,101.0379515
0.212444695,0.919905358,1.315534423,1.899749953,-1.748298361,0.832990671,1.033603509,-0.476695354,-0.247672081,1.073860424,222.5117914
-1.366878698,-0.224765402,0.43693817,1.190646275,0.00304602,0.160573981,0.949554135,0.934319911,-2.553921135,-1.484897968,170.2329201
-0.425795079,1.450452498,-0.5032288,0.01015054,-0.062965619,-1.503616894,-1.509542172,-0.222523107,-0.449352415,-1.394379076,-71.69542365
0.690543131,-0.304865978,-0.410565322,-0.362363956,-0.230710894,1.452043595,-0.952746596,0.868304315,-1.006412503,1.733974448,-85.19759867
-0.454733887,0.084216589,-0.175974055,2.04782658,1.590464272,0.513155276,0.406504346,0.8298919,2.399377207,-0.290463176,244.6561594
0.624119817,0.628345509,-0.818220683,2.092387276,0.595157025,0.096995965,-1.006017381,0.791662694,1.158110874,-1.214188613,142.0562332
0.114849458,1.659897101,0.72465628,0.508148093,-0.937676717,-1.268459121,0.887102662,-0.414807627,0.53788711,1.367830427,80.54210955
1.38012329,0.55935541,0.217439081,0.066141115,-0.627461166,-0.224920231,-0.024830314,-0.48658567,-0.429832823,0.412641361,-2.693267493
-0.895223262,0.463076847,-0.505497698,0.801240036,0.900767976,-0.16383083,0.439705134,-2.667758434,0.294507663,-1.673995987,64.18364795
-0.514864662,1.978651288,1.405055586,1.370695989,-1.541033069,-0.324072184,-0.671976153,1.501276884,-0.332177794,0.921189038,174.7030832
0.467377777,-0.87833904,-0.569104112,-0.499515024,-0.04734708,1.203177243,-0.011080526,0.79053283,-0.160512852,1.002951816,-100.1965969
-0.606384323,1.601578754,0.791498113,0.1256692,0.585096893,0.536902582,-0.38841184,-0.402789821,-1.056846658,-0.55701641,86.9144245
-1.91987041,-2.997073439,0.581068183,1.470213511,0.681660125,-0.367115485,-0.151107772,0.896795983,-0.48999837,-0.746232638,233.9464453
-0.064909083,-0.380881039,-0.673531393,0.576241301,-0.717240827,0.18976626,0.569644312,0.202959975,-0.03752503,0.356541983,-22.61639324
0.797252299,-1.539054922,-0.31951245,0.51486118,0.451662473,1.140962932,-0.359976174,-2.077159659,1.3964657,0.412114301,27.25758203
-0.713441841,1.518929013,-2.052028961,0.388522185,-1.263745182,-0.913868192,-1.237875372,-0.187892924,0.038839629,-0.755945281,-193.14081
0.247952446,-0.338832864,-0.531536055,-0.819091605,1.581906177,0.166190071,-1.764968803,1.266005919,-0.570054262,0.748603291,-86.24733748
-0.055590523,0.363098433,0.6061497,-1.475612746,1.063435722,1.358357166,-0.351674243,-1.537503218,1.121950492,1.947304229,-48.18883564
-0.91292875,-0.506577112,0.319654025,0.350113792,0.073414199,1.445597389,-0.327537667,0.626454609,-0.10695245,-0.192206926,66.94561736
1.206970325,0.135841748,1.359739255,0.4245486,-0.069466052,0.178931729,0.457671611,-1.261877443,-0.38876875,1.165157124,167.8823686
-0.257685234,0.988215965,-0.699116127,0.820011738,-1.548680337,0.59787398,0.831762598,0.296013418,-2.019721957,1.175271888,-26.92865069
0.391199036,-0.285266526,-1.621327844,1.254876412,-0.644794633,1.23283175,0.583857577,-1.185108602,0.915592147,0.400629726,-61.55009601
0.050471054,-0.735853576,0.504319016,0.385821486,0.188478991,0.026341289,-0.110383181,-0.583720646,-1.404316417,0.048668043,100.7675834
-0.926246982,0.240236924,-0.323790324,0.417611696,-1.742503022,-1.54412558,-1.361189745,-0.167642066,0.18142172,0.178591422,-51.46709415
0.961025809,-1.142004535,0.530586207,-1.476277916,0.127543649,-0.130133072,-0.45631683,0.715261534,-1.182349171,-3.083464793,-109.3797315
1.183502024,0.391008385,-0.798453205,1.009743896,-0.279837079,-0.759221167,0.490849511,-0.284879175,-0.381721297,2.217959567,10.3506212
0.446021548,-1.092396726,-2.301734493,-1.003969507,-0.581307388,1.454452672,-0.661193217,-1.569580032,0.968702521,-2.156482134,-344.5630614
-1.281407682,0.91034778,-0.285496829,0.907614239,-1.026472495,-0.874545017,-1.017734428,-1.524480908,-0.512259539,0.151124817,13.6980735
-0.58063528,0.901376716,0.799202719,0.363891362,-0.239549457,1.462530383,0.007437139,-0.306099393,-0.688008815,0.204254943,93.51958607
-0.305075539,1.216859709,0.843150373,0.20862728,-0.952968259,-0.81260576,1.846603072,0.84034218,-0.73121299,0.972052013,66.44341067
-0.280653927,0.248691478,1.187589949,3.139113997,-0.454045107,1.48489683,-0.873336054,2.030881555,-0.131603638,0.3423849,383.1767259
-0.228152206,-0.615866478,-0.349917493,0.233549877,0.027294443,0.134255237,-0.928527661,-1.609454323,-0.006161173,0.873640133,-7.589038689
1.409288434,-0.3196267,-1.735364661,-1.417526925,0.423546833,0.09817861,-0.047707343,-0.608469781,1.202728124,1.440982647,-276.2842964
0.86856091,-0.43988832,0.80880276,0.932002504,-1.05483561,-0.616252794,0.029977122,1.220721522,-1.900658814,-0.602143623,111.1869334
0.392309417,1.582267549,0.434920485,0.45881072,-0.170056709,0.338943096,2.517901794,-2.136961684,0.546916649,1.196683674,89.48891363
-0.962857105,0.500048241,0.524016212,0.708068785,0.963082782,-1.928796553,0.38732562,-0.609133502,0.228998965,-1.515956954,172.5071556
0.926278727,-0.480895772,-0.295618789,0.428723672,1.193975914,-0.332941111,-0.968800403,0.339612064,0.31887481,2.040279143,65.54566278
1.484321842,0.52611121,-0.895914876,0.698944914,0.150323887,0.559546934,-0.085339709,1.401132236,-0.983351691,-2.872712216,-2.34144227
-2.050357457,0.739180495,-0.114640836,0.264268272,-0.399878239,-0.26560456,-0.150116951,-1.949371755,0.486184792,-1.264006168,-7.533999946
0.444895895,0.850719394,1.493003104,-0.16013014,-0.596993588,0.409685344,0.618360566,-1.408919103,1.031653775,1.455600479,103.9389415
-0.645908173,1.026014126,1.359771893,-0.044708757,0.182134871,-0.339821168,-0.886112651,0.247288126,0.513047867,-1.619689866,116.551755
0.010051572,-0.012548945,0.961715961,0.50662217,-1.117757948,0.547769776,0.380824696,0.151918864,-0.359200088,0.698001588,106.4053979
-0.065831642,-2.697057485,-0.740476399,0.098455189,1.324129402,-1.746959665,0.328038298,1.563027827,-1.072138286,-1.454257958,-9.78222848
-1.056586574,2.059394989,0.401771172,-0.772725306,0.232214436,0.358646858,1.142776425,-1.115343871,1.202405357,0.565218448,-37.80344086
0.44024803,-0.823349538,1.10749924,1.305645562,-0.18784282,0.09171895,-1.777263799,1.758272158,-1.306821341,0.4760108,205.4389382
0.784367136,0.712804805,-1.457304769,0.423458332,0.347066272,0.175413642,0.530423464,-2.289227264,2.085029676,-0.398338623,-84.07314435
1.626430735,0.236043064,-1.323649571,-0.435901469,0.256997446,0.655233629,0.877547553,0.38292171,0.568644616,0.351662355,-155.4042366
-1.507498917,0.991853701,0.909287397,0.938571067,0.466066748,-0.972450638,0.756952736,-0.747102754,-0.521955565,-0.133525735,200.0957252
1.212933354,-2.514312848,0.654218306,0.770699652,-0.036209802,0.17564127,0.845633839,-0.024578869,2.362658262,-1.344200943,130.9223663
-0.141414312,-1.286560588,1.512101711,1.721066278,-0.454275988,0.473819045,0.471989289,-1.331896686,-1.023853447,0.951740107,280.2283844
0.431578499,-1.417452794,0.200925037,1.78388733,2.277989805,0.550984938,0.435584088,0.299100958,-0.168227995,0.239789582,276.2871158
-0.10325476,-1.643188811,0.173341664,0.243953198,0.050887702,0.164760841,-0.223202255,-0.828497025,-1.600903978,1.489863439,43.04254186
-0.262685784,0.164583095,-1.555694031,-0.13119704,0.536215121,1.343716194,-1.948114202,-0.640941449,-1.102797485,-1.163281712,-133.1113789
-0.45356956,0.719357824,0.050910851,-1.370957182,0.826357836,-0.163662613,-0.355613192,1.186814594,-0.262170017,0.89679588,-108.2180896
-1.704621958,-0.083133526,1.361006705,0.06479135,0.604097426,1.544841462,0.765437494,-0.255187172,0.245498682,1.477720295,166.5070291
0.620997566,2.743112872,0.717931386,2.014113723,-0.812469832,-1.04143127,0.051358759,0.939029157,0.188670448,-0.817095459,233.0465665
-0.846398306,1.744103184,1.1407858,0.293008807,0.044064635,2.001922459,0.585521533,-0.734975101,0.371053738,-1.671332268,129.1688909
0.695745792,0.191442047,-0.329441105,-1.364033165,1.685870152,1.002809752,0.358234594,0.686846977,-0.47697586,1.883811031,-87.60777561
0.152136457,-1.433524935,0.037584281,-0.088170016,-0.519277042,0.516851428,1.346616089,0.706444098,1.614094522,-1.860496367,-13.78448041
-1.070214788,2.39640119,1.510624419,0.43350861,-1.676276892,0.317165844,0.639130791,-0.919113591,0.980732112,0.929071434,111.5650296
-0.27431131,-1.438690415,1.92507583,-0.338198417,-1.803684856,0.626843107,-0.864961948,0.890470089,0.556270859,-0.28297246,75.2225671
-0.917976105,1.731169632,-0.200639299,0.367510411,-0.446320515,0.218659307,1.040430893,0.213808794,-0.368939439,-1.95504877,-6.157066751
-1.177836355,-0.42474439,-0.472412144,0.488786474,0.703807382,0.592421007,-0.933027971,0.024625989,-1.115784711,-1.043277594,39.27016169
-0.872340285,-0.555913496,0.575789977,0.054975872,0.504344175,-1.03169832,-0.495324411,1.789936486,0.267010333,0.141134891,69.26912858
-0.105932907,1.465790374,-2.204236305,-2.004859372,-1.961455562,0.768253837,-2.142689283,-1.198596602,0.786805364,1.357140901,-501.366562
1.495458245,-0.284625504,-0.174647946,1.360168131,1.345935008,0.608267166,-0.189693493,2.418777779,-2.218569966,0.849584531,166.3156527
1.323911852,-0.821811648,0.277687147,-0.443193279,1.476036509,1.058931831,1.039017307,0.939011512,-1.595614529,-0.614641484,53.80257663
0.652535696,-0.209955077,0.711414969,0.004981304,0.671191992,-0.637915338,-1.825635087,2.709276648,-0.212672857,1.714784934,73.41225595
-1.569397421,1.540022186,0.534636533,-0.008033604,0.310183218,0.20507758,-1.962429513,-0.902619791,0.097608141,0.535121009,42.46019781
-1.683438192,-0.805870066,-0.308034284,0.779660532,-0.21492103,-1.105704668,1.310308746,-0.209221874,-0.562168027,1.395683811,36.53579961
1.614729303,-0.680966836,-0.87017647,1.553247187,-0.009056264,-0.283021606,1.298193912,-0.029478115,0.683417231,1.618106783,78.9503709
0.583108267,0.077192034,-1.390095413,2.382367359,-1.687356175,-0.524069403,0.322458958,-0.749457973,1.263327259,-0.245683481,42.69542481
0.56975892,-0.324176861,1.252346362,1.136455574,-0.311785573,0.87660588,0.103117926,-0.037563509,-0.972827893,-0.45144539,200.2455451
1.11206068,1.671354084,-0.709919133,1.092055411,-0.555400399,-0.720388359,-0.492444112,-0.07481842,1.975705101,0.460045391,33.13481429
1.217129921,-1.522205305,-1.311961545,0.466469691,1.185908255,-0.420239075,0.728238107,0.147651841,0.893067827,-0.142151174,-29.0873713
0.116232717,-1.059588484,1.039632329,-1.036512631,0.383567132,-0.295665612,1.010909565,-1.086711896,-0.507789491,0.617685613,29.5195317
0.900398588,0.451225319,0.222289856,1.278865813,0.425444864,0.185175537,-0.952316381,0.830191812,-0.772659445,-0.676995138,156.8600604
0.618732937,0.725337014,-1.340305497,-0.597435642,-1.529914761,0.720724878,0.078375784,-1.05875421,0.604138107,0.876550825,-232.661196
0.143417553,-1.57793307,1.009327105,0.655533976,0.295669135,0.489647662,-0.985500184,0.990505424,0.312454856,-1.014791689,159.4368002
-1.614836772,-0.460811207,-2.509185261,1.078663716,-0.792153006,1.308549718,-1.249494886,-3.252029433,0.4215897,0.359443244,-168.3532812
-1.224225008,-1.357698727,-0.948621901,0.073104254,0.413647898,0.318159327,-0.909632173,-0.653897094,-1.138782937,1.391042475,-67.15991306
1.120450492,-0.018819678,-1.830152213,-0.726355302,-0.885420356,-1.990116737,0.549217085,-1.039748109,0.169400081,0.195365576,-265.8934921
0.352441654,0.467658019,-0.607046302,-0.859555774,0.910426816,-1.156435797,-0.153644204,0.282331665,0.309405325,0.991613243,-112.5979648
1.216051725,-0.746990378,-1.897377331,0.493588486,-0.246274411,-0.391330405,-1.448581047,-0.469328181,0.904657482,0.118424546,-138.6309675
-0.37906468,0.116748293,0.094619898,1.060645818,-0.36527539,0.239996672,0.391850603,0.814638713,0.891227871,-2.157802093,92.62168177
-0.456471516,-0.387254054,0.247247066,0.611413469,0.528874386,-0.880715031,-0.104206914,0.723879687,-0.061408551,0.811740314,95.659742
0.534817336,1.228980502,-1.10229215,0.68135951,0.483876651,-0.531214295,0.408607308,-0.886680922,-0.838585798,-0.307808471,-24.84876794
-0.603893651,-0.734320503,-0.431155066,-0.002526661,0.012255431,0.170873529,0.490841625,-0.836668778,0.41976763,-0.126162129,-19.57544584
1.12435336,-0.334077231,-0.229390744,-0.04347695,1.169589992,1.047317707,-1.531107503,-0.062191017,0.572057442,0.514254756,13.31239876
-0.62918927,-2.009652368,1.511452172,-0.1290539,0.29671707,0.367430603,-0.09463132,0.372938148,-1.99873792,-0.737149893,128.0272583
-1.199282422,0.749582571,0.290666493,0.328534754,-0.032018804,1.103173939,-2.272141656,-0.561598676,-0.605063691,-1.588989602,52.26541936
0.683861114,-1.286469494,1.190699618,0.196637742,-0.570075339,-0.814204677,0.344444944,0.754187961,-0.096144288,1.181221634,105.2880815
0.063017659,0.523684741,-0.450706559,-2.009215344,1.488134627,1.955326216,-0.217968385,0.089228287,0.206505625,-0.644622131,-193.1300245
0.660212319,-0.51849468,0.069986629,2.417722057,2.144171498,1.321610837,-0.554507549,-0.81699073,0.673087594,-0.282802036,307.7023286
-0.445650303,2.05381869,-0.716573488,0.809594436,0.025385278,0.136597396,0.530894314,0.602580268,-0.123136435,0.858139071,3.253319252
-0.536786471,1.658592016,0.615163204,-0.383565564,-2.528715764,1.33836855,-0.494610347,0.620817201,-0.363895584,-0.68112696,-55.36844256
-0.068446493,0.028775564,0.958816306,1.127686295,-1.440981635,-0.221599694,-1.947342474,0.856975537,-0.81052863,0.978457806,122.4746309
-0.083285809,0.932282949,0.088178803,-0.645508311,1.75768081,0.684048631,1.306434046,1.759627538,0.153506305,1.365142967,28.34645887
-1.390805668,-1.290000798,0.745932225,-0.136843175,-0.359948665,1.167247093,-1.047532781,-0.71074398,0.120063896,1.61231214,42.19565017
-0.394884133,0.906322553,-1.282965894,0.18606878,0.8357925,-0.268251746,-1.182354357,1.094304053,-1.439694796,-0.109655904,-56.15840488
2.664614492,1.874424447,-0.511868401,1.54610856,1.383057399,-0.288030739,1.414743819,-0.287358874,-0.568539305,-0.065529115,162.1044989
1.044175215,1.34718058,0.299469318,1.002221681,-1.208506288,-0.0101897,0.593181382,-0.22324493,0.565291045,0.059303837,79.96104282
-0.989915313,-0.210488031,0.924826212,1.147520617,1.554962728,-0.330052735,0.819973642,-0.198602155,-0.688082127,0.946243672,264.9635438
-1.778809484,-1.201564956,-0.250608957,-0.953362629,-0.061455748,0.356820127,-0.6639194,0.852441113,0.495740513,-0.408090697,-114.2667096
-0.931766709,0.282217755,0.170784148,-0.610838002,1.980196342,0.737606764,0.051243512,-0.023803708,-0.136557109,-0.150588339,41.2415975
-1.723685379,0.855001635,-1.038973484,1.025406571,-0.115998726,-0.490328444,-0.785915563,0.574164208,0.817881967,-1.139931272,4.431145279
1.213122565,0.536850861,0.175521895,-1.551226568,-0.188316318,0.220133908,-0.175547129,-0.088933551,-1.045470175,-2.260264902,-135.1051719
-0.0783867,0.230541587,-1.491227831,-0.399822684,-0.271109693,-0.015687967,-0.099550683,0.919408429,0.686775489,-0.628097835,-199.4419543
1.093222897,-1.370561234,-1.06453342,0.635131039,-0.207629137,-1.014660687,-1.943804847,-0.09054124,0.519509888,0.090424928,-54.99955357
0.087650225,0.793018676,1.059910405,0.338381699,1.665518972,0.465142817,0.504906998,0.492460931,-0.159189091,-0.298902014,193.1237559
1.206158427,0.425358535,-0.991145413,-1.03530977,-0.41350646,-1.106727091,1.133559632,1.698073366,0.074684701,-1.391985336,-215.0817536
-0.77701023,-0.690074594,1.342035331,-0.022813694,0.437872145,-0.883723298,0.503670773,-0.953524726,0.830505189,0.75808001,135.8113661
0.783975941,-1.163067154,0.380162041,1.048724541,-0.416372517,0.687849244,0.454897743,1.382239064,0.296650762,-0.252605987,112.0286206
-0.875418504,0.092981862,-0.599774369,-0.364241323,1.225243208,0.801261546,-0.320490065,0.773266215,-0.673822078,-1.547223993,-52.21113338
-1.947823733,1.881801833,0.189099557,-0.568144905,0.932278355,-0.865322326,-0.698031505,-1.214556642,0.211970936,0.620921557,-9.512764843
-1.276279862,0.447959882,-0.636760835,0.657559409,-1.218786623,-0.722706136,-0.434045168,0.599804127,1.117118054,0.166920883,-34.69363807
0.283287872,-0.258904974,-0.903701861,0.324359282,-0.024195606,0.40373009,-1.179039791,0.201159656,-0.464617297,1.187679388,-63.01000155
-1.553758766,0.817889658,0.622207144,-1.138833118,0.30047436,0.326744765,1.039111787,-1.071857233,0.670480617,-0.075764287,-61.80792917
0.489234014,0.471869948,0.506386747,0.670687171,0.143084937,-0.88392295,-2.355918925,0.572173131,-0.304622648,-1.314285098,85.21647478
-0.531822275,-0.616751344,0.620051868,0.922508797,1.736323809,0.133154528,0.190789937,2.08280999,-1.81388247,-1.615588698,212.3500798
0.820229108,-1.004979666,0.804015663,0.762660187,-2.226141279,0.656005854,-0.923012433,0.427596461,-0.90152334,0.066339709,78.42694382
-0.652995798,-0.116174589,-0.500711527,0.796754366,-2.19673576,2.461049781,1.261583294,-0.580317888,-0.638190733,-1.382422369,-20.23113482
-0.150842442,-0.051011568,0.442851669,-0.601161057,0.718751243,-0.191947155,-1.980328787,-0.403758055,-0.978909077,1.184941368,-2.490652935
-1.377040189,-1.198158412,0.560843286,-0.917206696,0.401498151,1.17212631,-0.265228752,1.061131757,-0.614529339,1.44139911,-15.38994554
0.610439999,-0.329396456,0.917366649,-1.517073037,-1.42030178,1.472983578,0.601236788,-0.256355643,-0.212978657,1.861914878,-100.5441882
-0.35345977,-0.536204281,-0.852053138,-1.261918977,-0.529630113,0.731718476,0.03345412,1.216836791,0.099428458,-1.423160277,-223.6296488
-0.748071804,-0.074252107,-0.085418833,1.941746122,-1.335016246,2.435985124,1.104175157,-0.00211168,0.20613538,-0.513396681,138.0730046
0.268760682,1.344134153,-0.165980712,1.611878674,0.399710901,0.906875608,-0.159624184,-1.227806124,0.265026421,-1.712117068,150.1563354
0.861636124,0.139060399,0.212574031,1.026986263,1.190548594,2.165056068,1.105900424,0.078143063,-0.816217245,-0.563947488,178.630589
1.142822815,0.751933033,0.06023021,2.463242112,-0.026513875,-1.918771215,-0.192360965,-1.168678038,-0.03471177,0.301547342,251.9668388
0.829323773,-0.631651525,-0.087084726,1.879874549,-0.032276894,1.199299573,0.52075612,0.393873218,-1.426018117,-0.32780646,173.3705748
-0.316545703,-0.209063982,0.479077055,-1.172173047,0.401465968,-1.026061831,0.968029607,-0.16283404,0.834835738,2.338822942,-33.89935621
0.336592039,-0.482102518,-0.067797538,-1.225863771,-0.892990517,-0.783490342,1.602131219,-1.386595007,-0.453590085,1.927266728,-161.4420194
0.606590862,-0.922224521,1.269953489,-1.208257742,0.506826911,0.473710805,0.919015663,-1.149250519,-0.37812458,0.016461622,25.2861671
0.691255038,0.843024769,-0.139472816,-0.334914292,-1.194565503,1.228203826,0.230889923,-0.128591198,0.266210906,0.926704483,-94.91448727
-0.662553597,-0.406999983,-0.692537489,-0.932545318,-0.201197369,-0.902097397,0.674499141,-0.438104669,0.509995541,1.033911194,-153.168462
-0.030876196,1.184253465,0.313267486,-0.22796627,-0.425478131,-2.031747837,-2.120166091,-1.341149127,-0.835493953,1.849515576,-11.74493486
0.818313736,-0.294094308,-0.318142633,-0.051697939,-0.743699917,2.307688228,-0.687354434,-0.53105917,-2.370885373,1.098235804,-36.99646274
-2.161807864,1.838305516,-0.208786757,-1.134252703,-0.755859387,0.49558971,-1.091640048,1.205344969,0.767513902,-1.591054001,-156.0151758
-1.199697528,-2.316143863,-1.638029057,-1.786375465,1.70317261,0.995581514,-0.622034806,1.069771455,0.496873591,0.582737583,-240.7073335
-0.611188502,-0.832389445,0.133941883,-0.611693122,0.309054438,0.714549761,-0.496876127,0.30124248,2.439874467,0.073886936,-47.92466933
1.420396431,1.513444975,-1.511804745,-1.112101894,1.596464525,-0.370111603,-0.53163817,-0.490399253,-0.22202015,0.417399278,-199.4036621
-1.55633735,-2.116827557,-0.653786564,0.839825631,-0.140852088,0.004814951,-1.254267884,-0.764245897,1.146129338,-0.233657084,7.50362562
0.566057459,-0.483483908,0.038894516,0.211380655,1.361037361,0.326381008,1.182894939,-0.011589784,0.520176422,-1.544454909,96.82581834
0.772847839,0.783159888,0.38881891,-1.173873326,-1.125186102,-1.487861703,1.112634305,-0.278372968,0.085594704,-0.071120291,-132.6760286
-0.701249544,0.97613869,0.657321095,0.314267422,0.054611783,0.413372029,1.060800072,-1.085963171,-1.018253901,0.899561377,101.6032466
0.335824512,-0.231937418,-1.730312606,0.657393188,-1.469656313,-1.131551667,-1.205358315,0.589637909,-0.397799853,0.309410321,-145.7568125
-0.082592575,0.769968731,0.904962041,-0.225806749,0.23614241,-1.717672148,1.43642952,-0.067230307,-1.054704455,-0.703916325,72.19350364
0.633270736,1.823049548,-0.808104336,-0.537227664,-0.559897468,0.506869373,-0.116467794,0.521072128,1.122805301,0.661044416,-133.6389763
-0.653462896,-0.386541616,-0.334802987,-1.793921113,1.22803021,1.243405797,-0.566705108,-0.697718904,-0.657134962,-0.599821394,-160.8005843
-0.132633746,-0.974529305,0.634721469,1.109699842,0.48918713,0.350630099,0.409818657,1.899881935,0.672573701,-0.241257655,197.5755094
0.006536848,-0.40969389,-1.982626328,0.953695133,0.116451978,2.198139519,-0.231918405,-2.225377957,0.55786303,0.069906654,-79.79073482
0.583404916,0.676103638,-0.710025087,0.652080237,-0.110401164,0.455075576,0.839225145,2.317516231,-0.652597909,-2.20827802,-29.17782731
0.549892886,-0.390739774,-0.737767731,-1.129920265,0.212858315,0.732413548,0.661432849,0.843550409,0.299641187,-1.601236322,-182.5420646
0.640010631,0.729240977,0.436166166,0.070197229,0.067472889,1.346083414,0.891488844,-2.101692648,0.106217264,0.512931641,52.00398366
1.376039395,1.355668658,0.171917909,0.954235282,0.408927341,0.048950923,-0.075482353,-0.718670379,-0.775696648,1.012520635,111.5891638
-0.800038564,-0.063524575,-0.053120653,1.223568882,0.389159196,0.372105473,1.096469234,-0.202980637,-1.319247195,-0.625677287,140.4043835
0.429340823,0.379639648,-0.799940507,-1.908002137,0.582571319,0.692857584,-0.393052757,0.710549102,1.393454528,1.001631825,-238.0904255
-0.532993719,0.639902957,-0.218005631,-0.031261414,1.514280736,-0.119658902,0.16997454,-0.475125278,0.636908079,0.701823041,32.61456559
0.026905183,-0.181298786,-0.370839525,0.326226736,0.376524748,0.744221899,0.740828976,0.127481588,2.158500606,0.583162712,-3.203418381
-0.493375927,-0.982393811,0.784288126,-1.062970397,-0.590780577,1.216293885,-0.275873956,-0.361813988,-0.575840212,-0.181755811,-52.29519927
1.918606334,-0.353264135,-1.236478287,1.274440228,-0.305954432,0.94814295,-0.095341091,0.195403221,-2.245585898,1.730321815,0.72625537
-0.992779967,2.328364452,1.722095688,-1.039688944,-0.946626753,0.442359507,0.383676229,0.595097207,-1.196521696,1.559460367,41.98140658
1.907264424,-1.827664129,0.081637038,-1.002972657,1.055127816,-0.718547035,0.840796524,-0.003042487,-1.564080189,-0.958266616,-54.60491555
0.949594571,-0.059415181,1.009471789,-0.844941439,0.218534042,-1.415267192,-1.49901596,0.548319628,-0.087435329,-0.091844764,14.71922516
0.998967835,0.550742692,1.14153766,1.356799685,-0.375173725,-0.881665128,-0.076964536,2.091665435,-0.08117361,-0.941582966,227.6262147
0.206708916,-0.28466455,0.252192151,-0.8584916,0.329969925,-0.240732162,0.315090943,0.152569249,-0.334133239,1.237710696,-43.02038297
0.66234632,2.128467769,1.577327297,-0.505449521,-0.275322528,-1.257053075,-1.089803044,-2.119301368,0.17281228,0.651933401,74.53873727
1.409434424,0.019218852,2.471933772,-0.031341153,0.074406672,1.78311452,-0.21452095,0.085339776,-0.353790731,0.865872589,225.8348708
1.751183513,-0.038827727,0.153845322,0.321478335,-0.956593887,1.066035454,1.16272292,0.549847836,-0.325459203,-1.681163358,10.40641117
-0.115457317,-0.553431246,0.82120115,0.55486724,-0.236425938,-0.924304168,-0.895688512,-0.837741674,-1.201212819,0.756552901,132.1394684
0.336338562,-0.476909928,1.485400524,-0.035031899,0.943600053,-0.632997032,-2.787288925,-0.232773377,0.032426118,-0.199049283,154.8757023
0.491289274,1.241068372,-0.176678286,-0.342218186,0.386897309,0.454644579,-1.999622885,0.249249882,-0.338622776,0.085770756,-33.77359564
-2.252793395,0.335968173,-1.383340777,0.901728697,-0.12826348,-1.899670281,0.784146416,-0.46126705,-0.766045202,-0.898027226,-38.28083269
2.078156617,-0.535714633,-1.274287223,0.291009627,-0.386840958,-0.055424062,-0.82364313,-0.574908829,-0.203678635,-0.714905847,-100.3716206
-0.27865473,-0.367971639,0.762181583,-1.351106204,0.238562673,-2.352437446,-1.223057584,-0.340788276,0.063641993,-1.698299832,-70.84086113
0.685290085,1.402009326,0.397397023,-0.747455654,1.156833781,-0.016223118,-0.280502053,1.112100619,-0.10813899,-1.402866157,-8.454470427
-0.409783677,0.58687501,-0.749887746,-1.283262174,-0.774573565,-1.43689869,-0.250283736,-0.556793979,0.491765781,-2.365981148,-208.991973
1.187386052,2.589563642,-0.079641391,0.452371796,1.412220555,0.024219457,-1.062393528,0.985729996,-0.187144265,0.428307097,86.9216999
0.391209327,0.581781771,-1.750975574,-0.177491884,-2.674567128,0.280045343,0.082441767,-0.817891842,-1.579436299,-0.36931877,-273.2693851
1.243229143,0.018093482,-0.75189363,2.278108623,1.333566822,0.321544639,0.556868317,1.420999164,-0.845198114,-1.519411876,196.8719012
-0.531610593,-0.34501572,-0.322242688,-0.340147591,0.050821023,-0.812418407,0.316959141,0.50272506,-1.204788421,-0.915642973,-85.99617364
-0.477497586,-1.84290613,0.643725403,0.246971328,0.753059069,0.203324932,-2.603736706,2.069214129,0.839035816,1.172836278,101.6356728
-0.436764237,-1.606577101,-0.023552151,-0.174354258,-1.019664339,0.564605926,0.225307922,0.826047171,-0.131472596,-0.369526929,-71.06827331
0.436123089,-0.751636271,0.506382538,-0.963761041,-1.551117059,-0.046934326,-1.451720958,-1.978064142,2.175954162,-1.080417736,-92.67952831
0.169287542,-0.847557879,-0.655062559,-0.756940912,-0.125473164,-2.511638644,-0.457193126,-2.127894845,1.052480044,-1.479400371,-135.9122807
1.24456516,2.231498911,0.102917391,-2.314044066,-0.796064138,-0.966701891,1.673441886,-1.580603941,1.227034597,0.441746736,-225.034068
-1.519868037,-0.055393525,1.890729849,0.707058858,-0.175458435,0.118594423,-0.903203609,-0.001071134,0.177297213,-1.718909956,236.6974444
0.410550085,-0.231069477,-1.821086069,-0.597667683,1.945195074,-1.04019372,0.37021189,-0.057390703,-0.100475721,0.584314166,-150.5087576
-1.239161917,1.135410062,-1.028836202,1.788459377,1.287694413,0.854555543,-1.212547445,0.506769073,1.304656627,-0.209811696,118.4037866
-0.589253731,-1.253401718,0.092627588,1.242862563,0.306347534,0.101788334,0.123429182,0.370340267,1.630129965,-1.458213114,133.6259376
-0.056807397,0.49732843,-0.742532094,-0.552017484,1.149418076,-1.210348651,0.634498151,-1.581701174,-1.704948423,-0.698945408,-52.30674738
-0.23093453,0.696206365,-0.259591351,-1.503142953,1.669021525,-0.335784699,-0.245743064,-0.054294867,-2.696886643,-0.27272357,-99.00503706
-2.367032684,0.776764469,-1.371133411,2.093790835,0.283624289,1.01449677,-0.989868693,-0.63544129,0.427954922,2.478969543,81.04240732
-0.341304515,-0.253709735,-1.25192226,1.926345406,-0.997757783,1.078426194,-0.657958128,1.075103454,-1.742053942,-1.310912007,34.17521748
-0.242714588,0.630530816,-1.30817411,-1.149295605,0.688017721,-0.381125899,-0.298435296,-1.49347716,-1.900470279,-1.365603703,-209.0130629
0.767090392,1.26364359,1.572126336,-0.373455201,0.465786782,0.51644399,-1.844896438,0.282187911,0.195195314,1.196666438,105.3326336
0.120295632,0.514438834,0.0052437,0.046980594,-0.599375023,-1.594427659,-0.450065471,-0.142379485,-1.067620429,0.622849932,-27.53536444
-0.752288822,0.215545635,-0.590056674,-1.479864906,0.385956736,-0.037741796,0.278458789,1.569241181,-0.386984099,2.21124295,-173.3955951
-0.227761289,1.577074822,-0.374783794,0.899499962,-2.069318351,-0.978670042,-1.221771088,-1.271690142,0.762863561,0.576094728,-28.18272712
-0.618032074,0.845280305,-0.246737281,-0.410935077,1.461992831,-0.629824804,-0.080137068,-0.564871494,-1.030825127,0.193022133,-5.363075482
0.752046384,0.020501729,-0.949995704,-0.552750787,-0.52485946,0.003197991,-0.772148964,1.333210561,-1.071194858,0.653368384,-154.9318106
-0.780804952,-0.488273725,0.48884589,2.3845978,-0.755124398,-0.828403222,1.003313313,-0.600204225,-0.19200127,1.265522921,251.6461491
0.104277539,-0.460873905,0.6641055,0.172410341,-0.922672777,-0.123825103,0.889190169,-0.335790551,0.679086018,0.953007957,40.6566255
-0.381907361,0.305113633,-0.721838197,-0.051325494,-0.431358137,1.244047392,-0.20754933,1.223623251,1.216047226,0.688493394,-79.00653598
-0.312494878,2.030545723,-0.312567058,-0.522359926,-0.019931562,2.511132548,0.376367037,-0.926062164,0.950627873,0.386582589,-86.11956102
0.404611999,-1.703252997,2.149297249,-1.509239973,-0.321506795,0.292443591,2.238721096,1.439312176,0.909096385,1.380584609,52.2781907
0.255658654,-0.646248238,-0.574752983,-0.834540552,2.519332791,0.766718283,1.469344293,-0.316062972,-1.375940323,0.12283232,-35.63413476
-0.640954146,-1.538282942,-0.44469948,0.291727167,0.282633856,-0.501386089,-0.232361877,0.192890012,-0.976824126,0.430579485,-8.385558984
-1.606458901,-0.488307787,1.215065606,1.90088879,1.458885389,-1.294931885,-1.588227099,-1.877039155,1.491943059,-0.868831488,342.3900814
0.87222688,0.312723147,0.312067049,2.418652748,-0.735067377,0.440269647,0.564970469,0.724418531,-1.370552953,0.151909655,235.934895
1.116046386,0.749506269,0.43308589,2.801220725,-1.170287706,-0.228470146,1.84374103,-0.167932979,-0.607490435,0.846393768,259.5140551
0.063383393,-0.728390313,0.688495975,-0.234507535,-0.78432097,-1.070666406,1.589147302,-0.0102056,-0.486631188,0.501129276,16.18971184
-0.16075184,-0.233309296,-1.624859541,-0.077221807,-0.426560697,0.682287349,0.801356634,-0.25318781,1.81440192,0.492038666,-169.7402846
0.810594973,-0.568904853,-1.077166826,0.663383049,1.069691682,-0.034313331,0.018777723,-1.282556693,0.958332715,0.272793386,-5.66802469
-0.023632448,-1.107568203,-0.19685509,-0.208403508,-0.305262747,0.489693954,2.217133375,-0.244439948,-1.407160172,0.675483868,-42.51461525
-1.687741408,-0.241134944,0.434610716,0.648847541,-1.33056885,-0.538912167,0.338625158,0.234313989,-0.745763744,-1.08593632,46.36481519
-0.170083604,-0.199011663,-0.781989381,0.897698843,0.174180882,0.104186093,-0.53348526,-0.281413078,-0.567033341,-2.786147688,16.85328536
-1.09211991,-1.473145877,0.11054912,-1.477772108,0.273594573,-0.046624765,-1.344986669,0.584725347,-0.306994046,1.082841434,-129.7377606
-1.028038659,0.068750057,0.15384766,-0.522071904,-0.866732671,0.849521987,1.219431083,0.945689037,-0.351873796,-0.676364503,-56.03628072
1.560717087,0.24630912,0.117413774,0.940548313,0.965470829,0.670877993,2.650008576,-1.343117667,0.051906307,-1.878393335,153.4503142
1.458542766,1.088105293,1.956668457,0.179674018,-0.368531777,0.054951894,0.755633483,-0.01908875,-0.231539423,0.284816215,182.9494488
0.029465719,-1.452701223,0.764167798,1.645998558,-2.102285369,1.087972867,1.542748788,1.795570403,1.016356832,-1.408089247,154.9088775
0.023657512,-1.135219125,1.759888016,0.148375277,-0.386747662,-2.08195404,0.106739777,-0.786483804,0.357825416,0.998604095,163.0559529
-0.276132086,-1.088627721,1.344959666,-0.613375628,-0.725340041,-0.906507781,0.954666816,-0.889962557,-0.733462091,1.25532319,44.66669122
0.423096244,-0.251640515,-1.123457007,-1.443588449,-0.157002668,0.15984742,-1.77397493,1.078829954,-2.090854797,-0.79584496,-265.2142662
-0.775864306,1.034938163,-1.960845141,0.038738609,0.440050661,0.375782134,0.414874899,-1.341722243,0.358048839,-0.083709857,-162.7005329
-0.275951452,-0.361723836,0.641947129,-0.270267604,0.744586398,-0.193609511,0.217718201,-0.077821436,0.703492148,-0.82465034,75.49255544
0.798461339,0.18127116,-0.338186717,-0.57602517,-0.460523421,0.265107095,1.917259535,1.325308997,0.55529419,1.463900786,-99.37640974
0.334684443,0.985273181,0.526219264,0.609916891,2.102969677,0.559049446,-1.465268815,0.826432288,-0.316528253,0.31048438,180.339803
1.746536497,0.573028051,0.562557552,-0.070400852,-1.072559831,-1.529756528,-1.109166457,-1.446926818,0.878913014,0.008761536,-0.452292272
-0.168688661,-1.040034528,-0.168795412,-0.218680615,1.890382903,1.506012721,-0.079911098,1.714941888,-0.291125879,-1.674548889,30.86082766
-1.705824283,0.010958188,-0.387592378,0.59749582,-0.695467234,2.111102914,2.895299688,-1.639326419,-0.641581872,0.401585451,25.06661183
1.761188125,-0.000313673,0.216624975,-1.025752684,-0.937925577,0.338552876,1.100821398,0.361661061,0.532006199,1.061370965,-119.5878929
0.616872925,0.320955077,0.012686497,-0.052168152,0.81423081,0.221593709,-0.661541428,-0.902494908,1.886856835,0.173022447,18.89966747
-0.932161055,1.217167135,0.522871267,-0.762105193,-0.601511515,-0.871208979,-0.155372988,-1.517103367,0.481097665,-1.601855294,-46.10070594
-0.051625424,-0.429811923,-1.768081242,-1.055137547,-0.684680893,-0.038617134,1.637755019,-0.28261239,0.212362054,0.246728211,-296.6188591
0.98959933,-0.559225798,0.616025709,0.289669812,0.100675503,-1.394559513,-0.892464968,0.9379896,1.482444029,0.937406282,69.87055854
-1.155451794,0.725081044,-1.416268859,-0.642776383,0.147820739,2.054193841,-0.458876845,0.810260044,0.860182638,-1.017584777,-184.985335
1.591400368,0.876714186,-0.381489415,-1.320493443,0.132497143,-0.883998857,0.337482075,-1.210160943,-0.157024828,-0.263307807,-149.4679324
-0.30368819,1.172603959,-0.405532692,0.088578129,2.933605706,-0.076925756,0.546504954,0.034661432,0.358547714,-1.101899973,64.23625515
0.348581567,-0.386343453,1.013191443,1.137913127,-0.645420792,-0.20439752,0.128728889,-0.395487058,1.324589077,0.450704395,161.8829344
-0.615393629,0.047753309,0.731754211,-0.158960139,0.556598414,2.197258008,-1.619452364,-0.385256011,-0.465384549,-0.843964791,62.66161436
0.32475824,0.580567687,-0.072857689,1.889278796,-0.504128674,-0.928926482,0.238171306,-0.352087747,0.220630804,-0.84077189,151.2502394
-0.416315257,-0.133315807,-1.243362261,-1.053469034,1.9192813,-0.52203429,-0.341231221,0.450770417,0.923087292,-0.063749922,-146.0415025
0.551680232,1.896888748,1.295148544,0.404941354,-0.077221712,0.227063053,-0.838657638,1.041732853,0.681993299,-0.680908829,149.075765
-0.60063869,-0.29169375,0.067528205,-1.424748186,-0.2257763,1.465648769,-0.544382725,0.375698018,-1.150993577,0.11092259,-137.5609703
0.862858841,0.183514461,-0.659583092,0.322213334,-0.03957959,-2.17406639,-0.265068789,0.082519104,1.310856863,-1.015432813,-33.06251279
-0.910026447,0.394971282,-1.308843842,-0.05091773,-0.497745142,0.968022707,0.223030258,0.329625531,0.27755397,-0.471844621,-121.5250385
-0.958803854,0.740673914,-0.060016239,0.385205433,-0.189567737,-0.287305514,-0.000263201,0.56559608,1.308918309,-0.133395189,21.03309164
0.13764164,-0.994772885,-0.124909605,0.235400251,-0.022377334,1.419302649,-0.210684919,-1.566121084,0.296605256,-1.040045381,11.14853138
-1.064442801,-1.358637627,-0.673857014,1.006996456,0.858412709,0.604525844,0.569064074,0.369767063,0.246705051,-0.887084201,69.56263198
-0.239312772,0.406813915,-0.522184782,-0.308226026,1.950029923,-0.401726252,0.219456185,-1.016871976,0.440956838,-0.570868509,-8.076890883
0.935678393,1.271555095,-0.342687594,-0.371440866,-2.073390232,1.246085192,-1.407511695,1.752270443,-1.110575845,-0.777816688,-152.2371524
-0.242224765,0.704015403,0.261881264,0.923468459,-0.903697543,-0.225142984,-1.047625186,0.683852382,0.19974826,0.724912681,66.03470221
-0.90607766,0.583731471,-0.442038862,1.371793668,0.456680339,-0.18044834,-0.660139485,2.774311459,-0.245989927,-0.100885323,107.4794856
1.533879961,-0.716109945,0.508770367,-0.633182458,-0.724854684,-1.579726517,1.14848927,0.497479682,0.326218168,-0.362759663,-22.39552804
0.881146721,0.001325689,-0.845153958,0.553388983,0.285803287,-1.19452294,-0.033925226,-0.577920777,0.420699631,-1.594755958,2.344610548
1.05836188,1.224783985,-0.432930473,1.254807068,1.185619316,1.412448227,1.171822034,1.541714085,-0.009458478,-0.188833909,137.8655426
0.143589825,-0.813124094,0.062431703,0.339528787,-0.063097553,1.272910217,3.186574912,-0.912804487,0.701131201,1.344433908,54.4416495
-0.016610342,-0.105818757,1.441945006,-0.512374241,-2.019927332,0.067838514,0.05586394,-2.837506441,1.146027575,-0.309649714,7.158192272
-0.611517803,-1.406661097,-0.624818578,0.02609105,-1.279576967,-1.840874231,0.51765902,-0.755382932,0.186766764,-0.725743813,-90.5686745
-0.586694589,-0.75116722,1.042190577,0.233285041,-0.062088698,0.345620345,0.121478579,0.009226993,-0.093609023,0.314022602,128.344555
0.808892245,-0.064449279,-0.743529162,0.335493652,-4.465603864,0.033128122,-0.899412987,1.42613282,1.898555449,0.185126157,-205.6046402
-0.488273842,0.633326826,0.018016872,0.472630346,-0.031203489,-0.863493605,-1.366858363,-0.629884552,-2.704391632,0.592567274,50.55579172
0.796310083,-0.26249686,-0.834514856,-0.726992993,0.088503474,-0.027983993,-0.747116261,0.894657452,0.341830322,-1.620094339,-133.3927064
-1.266229529,-1.492922426,0.692732375,0.030686353,-0.073181703,0.951822053,0.279118425,1.000076558,0.224624698,-0.087728116,58.88794174
1.22472586,0.246820053,-0.302212463,1.959366312,0.434452116,0.436278296,1.269211659,-1.457880668,-0.380421065,-0.399071295,191.6593946
0.574692994,-0.670914378,-0.108853881,0.168025602,0.127988364,-2.525961282,-0.754324639,-0.356301318,0.46313848,-1.32478591,0.022753754
0.032115455,1.087606985,0.353679376,0.716727648,1.335453062,-2.933770647,-0.412719279,-0.082590325,0.534062956,-1.722722482,158.092855
0.803584805,0.128412895,-0.984216076,1.100531887,-0.513340877,-0.554812633,1.0179916,-0.433607989,-0.187844223,1.314012743,-10.53011086
1.289752754,0.673181351,0.240753179,2.601683114,1.702214945,0.308833013,0.565509646,0.381158385,0.753341621,-1.760762759,318.3194983
-0.299515038,-1.235703022,-0.247335964,0.333230535,-1.333148008,0.33271933,1.299149821,1.178419318,-0.714065118,0.66754808,-24.58467665
1.677965837,0.107285866,1.163282133,-0.024735421,-1.784938533,-0.748009487,-2.22834244,-1.483805855,-0.537164262,0.375746882,24.52801256
0.321962087,-0.933890134,-0.148877548,-0.427234885,1.212775862,-0.742267691,1.122389942,-0.616623639,-1.740978258,0.495347745,-3.211492794
0.010693312,0.354406567,-0.348308395,0.192368927,0.055230436,1.168768917,-0.658108809,-1.01099696,-0.113596928,-1.017491063,-19.2536985
0.929283218,1.058467446,-0.049923947,1.448754116,0.339181671,0.652743154,-3.203345609,-1.835816633,0.920215405,1.24267438,114.7099071
0.681313718,-0.108076004,1.750118291,0.302051175,1.122974393,0.364157344,-0.6229314,0.390398004,-0.853173895,0.92457433,241.2186814
0.490974952,0.734877786,0.860473488,-0.583077439,0.815737213,0.307406698,-0.167121714,1.607345576,-0.248691126,0.28257995,72.7443192
0.943768785,0.924577866,-0.731633265,0.193921946,-0.84593364,1.31160203,-0.370796434,0.335218346,-0.162527965,2.228154433,-74.25832592
0.922933772,-0.461406906,-0.087428576,-1.895709191,1.574398857,-0.891478061,0.275823647,1.038431624,0.910833963,-0.764193836,-123.2929296
-0.429302225,-0.69242098,-0.622649362,0.194607455,1.69505104,0.043602446,-0.742470586,-0.037036797,-0.611769091,-1.320022511,25.60423227
0.724825561,-0.833094294,-0.641667546,2.524970397,-0.816781478,-0.519420174,-0.302579905,0.888254798,2.021787491,-0.881250944,156.044296
-0.334053082,-1.298741687,0.590688045,-1.4089843,0.558558153,0.245528172,0.824086581,-0.749666951,-0.635261385,0.303153828,-58.55344447
1.492831891,0.720727238,-0.819731356,0.602535366,-1.572750406,-0.084129583,-0.682021815,0.656385301,2.346401324,1.205369556,-71.10282534
0.217473483,0.907852385,0.47758882,-0.917261642,2.602479875,0.663273381,-0.36711417,0.903058167,-0.349424951,0.031589006,45.38320601
-2.468290027,-1.554154052,1.539056085,0.156469614,-1.00437615,0.53390779,-0.202605833,-1.590921339,0.215188374,-0.821580417,128.7507895
1.307035432,-0.217105747,-0.46728062,0.603789071,-0.83059052,0.241003138,-1.614168265,0.950922119,0.010697207,-1.345880415,-12.42953926
-2.990601448,0.424291133,0.393952009,-0.863007138,-0.200817235,-0.614736947,1.089321357,0.069876384,0.606492626,1.185480519,-43.91567389
-1.055499748,-0.088646288,-0.515330409,-1.803442556,-0.069902006,0.170456422,-0.804327579,-1.716948637,-0.8797227,1.074435669,-225.0974983
-0.173278648,-0.008000048,0.771191905,1.413372925,-0.290371844,-1.341209812,-0.25421565,-1.073543444,0.320461622,-0.649944295,194.5753585
0.862057591,-0.111518897,0.255559699,0.857291504,0.930873289,-0.433284174,-2.01629431,-1.350797423,0.653864505,0.315496808,147.0053625
0.061937022,-0.224860364,-0.631931718,-0.709650205,0.157299072,-0.914416402,-0.589160439,-0.000419204,0.784627913,-0.072707563,-132.9608426
-1.542192894,0.885527372,0.521003897,0.404049167,-0.316683488,-1.849408006,1.798414979,-0.699569279,0.04672012,-0.852767863,91.06295713
0.743756398,-0.932884521,1.317566157,-0.959902389,-0.032439792,0.152389492,-0.83329063,-1.526033753,0.428741095,-1.058046502,29.32732672
1.055833885,-0.179789108,-0.07959596,1.254313833,1.71385816,1.179068426,-2.554263594,-0.688291812,1.033026494,0.541220886,178.3951154
0.504781361,-0.675878364,0.226226281,-1.666189238,-0.551432812,-1.04912873,0.336356737,0.907273685,1.023433456,-1.761582427,-138.9928707
0.409182017,-1.690121208,0.330527959,-1.285169644,-0.562208422,0.358935107,2.478542012,0.408337379,0.956536709,1.350266396,-105.3313653
0.58030223,0.63036391,-0.930603032,0.679651048,0.050610847,-0.655148269,-0.645642367,-0.055435679,0.982587381,1.004955514,-17.00966657
0.043710397,1.222807922,0.054694865,0.44141976,-0.497052487,-0.258764412,0.853015188,-0.482877719,-1.903759406,-0.278119864,22.73416211
0.263755585,-0.558799572,-1.446498204,-0.465075946,-0.734161866,-0.630048431,1.08450053,1.664641822,0.627680418,-0.025188684,-193.0408294
-0.775874823,0.078964046,-1.199725265,0.698919685,2.587908974,1.290758424,-0.409801244,-1.262769776,-1.470489551,0.783358711,51.78165586
-0.523818564,0.12148281,0.873603744,0.566323966,-0.640756065,-0.775369012,0.875409425,-1.008489744,1.107355044,1.342271592,134.0872563
0.273580823,-0.66543093,0.223680824,-1.687023038,-0.183077522,0.592244604,0.661352045,1.31423184,-0.807378773,-0.395538921,-147.2080856
0.451542962,0.315081511,1.71754768,-0.90438119,-0.695591001,1.04459769,0.407032875,1.745073877,0.860387631,-0.71396013,42.2522519
2.546054536,1.712304687,-2.523457363,-0.300935293,-0.284510304,-1.329359059,0.642717153,0.889263425,0.07736373,0.720639231,-267.2066207
0.563326619,0.208592964,-0.719436948,0.137145752,0.654631017,0.070459591,0.648214982,-0.4629472,-0.511058892,1.643234886,-11.93033204
0.272153536,1.45295128,-0.335738241,1.633349009,0.100462101,-0.113617956,0.79397317,2.915890358,0.060395032,-0.3474082,147.9811387
2.527010418,-0.358826371,1.234456979,0.427837861,-0.004481796,-0.717558639,-0.773414927,0.890408005,-0.386984839,0.648372778,160.438346
-1.588129926,2.14198264,-1.078344792,1.50997961,-0.725471709,-1.238965945,1.257676978,1.335051867,-0.637804067,0.592031809,16.6334617
-0.63139942,-0.403693119,0.439033835,-1.535376274,-0.490548845,-0.447791209,-0.210845343,0.172878961,-1.245668869,0.980278991,-104.0138929
-0.096508551,-0.526127924,0.151988159,1.27211619,-1.320558239,0.730485703,-0.593208817,-0.674504642,0.027161607,0.832466142,58.85317024
0.051391969,-0.26064885,-1.152444468,-0.724221314,0.513063343,0.920750468,-0.380697426,0.690782326,1.006378275,-0.072405147,-166.4644572
-0.32809947,-0.205958039,0.155184738,0.788134644,-0.055459585,0.321484566,0.224802489,-0.080181571,-0.555872776,-1.276777536,77.96144822
-0.314601447,1.530185624,-0.638985054,-1.08026706,-0.716394294,-0.159149472,0.380067441,1.520640096,-0.77061795,0.571102629,-187.56316
2.292516574,-0.859684645,-0.403049789,0.313758792,2.823730274,-0.10024759,-0.054135377,-0.271422711,0.238458333,1.157594257,110.4715641
0.568087421,0.923153351,0.267391301,1.286769756,0.170737111,-0.508483574,0.754465829,-0.92878337,-0.213630308,-1.506801645,139.3431346
-1.776089881,0.775095878,-0.172788005,-1.803400452,-1.481965843,0.69328585,-1.822958986,-0.424177552,-0.127992919,-0.508875195,-244.3823615
0.63541803,-1.239258395,-0.76914235,-0.939903101,-0.762724779,-1.607559864,0.829474842,-2.003862364,-0.264514841,-0.193826139,-184.0190568
0.193448575,1.309865169,-0.477839851,-0.044606532,-0.841449514,-0.43578973,1.342180131,0.624903595,0.023080659,-1.934087745,-75.27156906
0.26248925,-2.088996555,-1.355103515,-0.242653211,0.473296903,-0.713638456,0.405549671,0.735047735,-0.735121513,0.132511697,-134.2745342
1.050871449,-0.130546631,-1.032798812,-1.191006072,-0.581327212,0.274581849,0.393966288,0.561731852,1.094304483,0.49828007,-224.7620481
0.189599877,-0.589013039,0.21101703,-0.686278406,1.512796069,-1.903803867,0.221757746,2.956691633,-2.671061965,-0.835480394,0.233641071
-1.699979807,-0.072546615,-0.368767545,0.261632565,0.42877219,-0.94573812,1.99298212,-0.869220379,0.212169539,0.393495074,23.17770745
-0.264915917,-0.902395485,0.861530197,-0.449645736,-1.157836589,-0.510166985,-1.544427423,-0.953698433,0.606492108,0.170165068,7.942924885
0.694595659,-1.098023309,-0.057752497,-1.241422828,0.113100078,0.507943079,0.153253499,0.400050757,0.101728445,0.18495662,-113.3807193
0.837890095,-0.799269725,2.300449977,-1.44392653,0.202780363,2.18226781,0.750741793,0.631217378,-0.000235485,-2.534336192,79.30343041
0.756468837,0.406921741,-1.047858625,-1.604119158,-0.927722269,-1.784232873,0.369400066,0.520751356,0.353941066,-0.172766691,-280.3155608
-0.003846149,-0.5656263,-1.29280652,0.113964933,0.981743341,-0.142335838,-1.271843083,-0.917279233,-1.095079988,-0.23707399,-73.92909703
1.285904921,1.779448592,0.094443325,0.22121253,-0.078313683,-0.079145026,-1.739255646,-0.138032197,-0.846444375,0.837023006,15.40781868
-2.102305391,0.139563153,-1.200320452,0.123354792,-1.161647386,0.486635956,-1.05352262,-0.861663703,-0.69985656,-0.133084428,-135.8101896
-1.74639092,-1.112293156,-0.776811529,-1.096983444,-0.611380021,0.101211612,-0.741693999,-1.241211656,0.706709602,1.115706622,-205.2038827
-1.560877706,0.661339964,0.638923022,0.217420642,0.744314642,-0.811005239,1.744311252,-0.399817331,-0.256889984,-0.026425521,134.9727973
-0.249672968,-0.161689108,0.085304515,-1.177321041,0.680302892,0.743829635,-0.425248346,-0.326536603,1.327191223,0.837833678,-59.05343231
-1.290450565,0.122094033,-0.435563438,-2.122463043,0.867963687,-0.988057569,-0.454753966,0.437051199,0.552493858,-0.057124748,-213.3080358
0.976928903,0.169785116,-1.118011708,-0.313261438,-1.34925526,1.219230138,3.158941785,0.61835193,-0.121782943,-0.261468563,-171.1464679
-0.381631095,0.740125664,-0.972162218,0.079579547,-0.251117835,-1.758208877,1.434177037,-0.552692954,-0.800222735,-1.739425244,-77.59618494
0.141166249,-1.647693535,0.819999136,-1.120849268,-0.410136262,-0.772164687,1.553751886,1.725518557,2.331486093,-1.337152211,-41.25519314
-0.640142081,0.262943636,-0.11230798,-0.888798706,0.452901432,0.400339893,-0.479568927,-0.822949084,0.489841143,0.095242417,-72.6671022
-1.954593004,-0.310396804,0.131119325,0.884842583,1.520091741,-0.75134547,2.051246943,-0.272426901,-0.099314338,-0.693804418,177.8974375
-0.734233322,-0.141529637,-1.795643173,-0.330090192,-0.453414108,-0.423759682,0.732829082,0.487774821,1.048482651,-1.274232119,-216.4575607
0.861436526,0.251316648,0.480260501,-1.055107675,-1.63133511,0.652306152,0.822782781,1.105833066,0.692769032,-0.962651012,-129.3325251
0.563634325,-0.492441384,0.401282416,0.13697309,1.599570122,-1.726836148,1.474312939,0.131725288,0.219571356,0.147422441,115.8521742
-1.820603301,0.270057358,-0.528977708,-1.056557643,-0.608589723,-0.824514162,1.223083067,-0.570351366,0.352504968,-0.2588544,-165.9240961
0.625388006,0.058566968,-2.007248224,0.616371069,1.132069597,-1.145613984,-0.373559681,-0.131182786,1.558098785,0.160122482,-70.58393746
1.080056059,0.942788514,0.32434021,-0.532725498,0.819925253,0.514883596,0.839663864,-0.964200071,-0.900671383,-1.35751754,14.06296146
0.107229288,-0.499871035,-1.156555217,1.281238654,-0.347524943,0.697238046,1.216447387,-1.229526251,-1.262864754,0.155511604,15.04596239
-1.358429245,-0.614084315,0.405290545,1.144649444,0.522202545,-1.239304181,-0.03438193,0.566774681,0.268346667,2.220351794,165.5878686
-0.276769137,-1.658398834,1.175099704,-0.142372403,-1.198588228,-1.432741054,0.057763827,-0.613754643,-0.581494047,-0.966609204,48.72290579
0.163924064,-0.742659166,-1.667665266,0.990566827,0.573558837,-0.603296849,-0.878121704,0.432972928,-0.113824772,-0.984946125,-49.95933724
0.324458604,-1.803862793,0.79784378,-1.859336772,-0.538047758,-0.256340678,0.045491476,-0.481765971,1.856647437,0.558336423,-132.2813023
1.116833776,0.18641617,2.184096733,0.570507208,-0.83428181,0.515294322,-0.580648303,-0.239501922,-0.092944207,-0.611385247,212.5687793
0.961093457,-1.673084013,-0.543983413,0.427376045,-0.713628893,-0.019530389,-1.385360518,0.825557075,-0.388507067,0.59305405,-45.96228237
-0.203883469,0.71591714,-0.564951527,0.629135298,1.476922022,0.477814153,-1.523442058,-1.448124775,0.668562616,0.180321249,53.49402177
0.276716309,0.614884888,2.000311612,2.13519919,0.207856643,-0.816876088,-0.970399576,0.987592184,0.335731455,1.175371608,384.9033876
0.313723183,-1.484604792,-1.256565336,1.289203051,1.171101972,1.310605913,-0.318158502,0.141979914,-0.906215332,0.600733015,35.08950955
2.062524919,-1.067532914,-0.643549832,1.029960818,-0.846356655,0.484732817,-0.334775332,0.423599066,-0.955122579,-0.403648463,3.411239893
-0.442123094,-1.595710553,0.633697147,-0.122243932,0.730410795,1.212853739,0.420450852,-3.43606239,1.317089404,-2.102957901,72.03808808
1.594505063,-0.846961348,-0.150055587,0.125576453,1.375706813,-0.297563503,-0.173071824,-1.440050883,-1.096275087,0.015579048,59.21246869
0.483428231,-0.611014352,-0.840812802,-0.070833908,0.279237754,0.078434507,-2.055699774,-1.424745909,1.175440645,0.145006317,-84.71129687
-0.088050125,-0.053545652,1.086768965,0.892329653,0.272816732,-0.168216772,-0.440058773,0.939469487,0.904763902,-0.130393552,182.570693
0.102882676,-0.968608495,2.377224293,0.318548612,0.191080437,-0.336185804,0.139537469,0.08582584,-1.342090905,-0.063032424,243.8823191
-0.616775362,-1.347995784,-1.0633545,1.021624764,0.475334925,-0.458025183,-1.055989812,0.759500038,-0.909689788,-1.05005479,3.837305475
-1.130203725,2.411676676,0.732492103,0.288723663,1.2723535,0.264020081,-1.654887436,0.093372374,-0.122708934,-0.960046295,141.2078508
1.778077877,0.063446729,-0.410559189,-0.124288459,1.044546578,1.144204798,1.414220673,-0.558613773,0.604288391,-1.133570821,-5.826940662
-2.284651472,0.103396581,1.005576978,-0.042461754,-0.245573903,-0.208365005,0.8195894,-0.815296186,-0.529038222,-2.477503629,88.21861736
-0.123311599,-0.490167315,0.875656363,-0.866006709,0.858351233,-0.401173172,0.997954322,-1.032642698,1.211639626,-0.403314767,34.84498167
-0.798368633,1.704794158,0.457802513,-1.526106222,-0.825640632,-0.552583508,0.034752087,-0.643848771,-0.254310115,-0.807588435,-136.2519324
-1.407293443,-1.298103904,0.810027239,-0.724861084,0.316952007,0.021888821,0.054051663,2.317636789,-0.956058552,0.125548587,17.64414448
0.616370904,0.637156673,-0.884414139,2.827798524,1.536949818,1.035428433,0.138268961,-0.409082021,-0.412909342,0.138596066,229.0661379
-0.78286651,-0.960446954,1.293817691,-0.775482649,-0.58695821,-0.862306936,0.12486761,-0.046161944,-0.313952187,-0.782541286,26.90686122
0.536872163,-2.453555572,-0.884967627,0.710342481,-1.124731058,-0.360918373,-0.448157619,1.149940831,0.44625351,-1.152596601,-60.7819881
-0.815375628,-1.066234932,0.320785726,0.194051944,1.311983739,-0.297482201,-1.270061089,-0.638282727,-0.831954917,0.286955854,106.9209376
-0.160934529,-0.234773366,0.487539993,0.031592886,-0.092075426,1.747087219,-0.307526435,-0.053467436,0.76934561,-0.024197702,34.13613954
0.423919199,-0.216239043,1.302654087,0.99380084,1.487652324,0.851694843,1.832115093,1.430965256,0.166059117,2.031327645,283.7096758
-0.352203731,-0.215084595,-0.224464836,0.114146669,-0.785788873,1.009338928,-1.433821186,1.337637437,-0.020798639,-1.805550329,-52.79266407
3.377768241,0.515719619,0.507611823,1.100392892,0.342099482,0.349363553,-1.424971172,-0.724363632,0.229572641,-0.974452548,150.304408
-0.375407446,-0.048829836,0.485359908,-0.849104851,-0.509093805,-0.128877379,0.305665569,-0.637487435,-0.897659385,-0.731254569,-53.65007398
1.536655829,-0.561512021,-2.220256315,-0.031403017,-0.432694461,0.880471105,-1.092336298,0.769457311,1.551147081,0.131817733,-231.3486297
-1.20328713,-0.611657408,-1.188236087,-1.183063006,2.530524689,2.23813192,-0.444429997,0.627241221,1.586652,0.128715201,-123.7422258
0.166140613,-1.149741455,0.699212439,-1.607641311,-0.48398434,2.503171791,-0.27961272,-2.722454141,0.47281507,-0.127199384,-107.1839583
1.480296504,-0.629803915,1.380929826,-1.193842477,1.876550157,0.454948196,-0.190825826,2.195489088,-1.839235869,-1.364768716,84.92187282
-0.259042146,-0.196349849,-0.321635051,2.076747984,-0.349257704,-0.348652134,0.381935452,0.238789159,1.030283454,0.430041647,161.0278636
-0.836919829,0.849255639,1.065363442,-2.595207678,1.125322172,-0.033697524,0.305849274,-0.529003681,-0.019068259,-2.36801245,-101.0488889
0.223679696,-0.11941767,-0.448490431,0.898296871,-1.364440559,-2.018260153,0.346533147,1.270086148,-2.010027623,0.140205126,9.310434839
0.705513386,0.255944377,0.38033665,1.53512174,0.169403075,-1.604804311,1.310194856,0.921053128,-2.162679011,0.864584792,183.0306323
-1.333966631,0.563453522,-0.593699427,0.074512385,-1.224974007,-0.92992661,-0.572638519,-0.500754419,0.694914811,-0.323502669,-88.15934333
-2.373229733,-0.475425689,1.370401801,1.567195314,1.85526411,-0.824067667,-0.650298952,-0.446454727,-1.086882307,-1.608401187,336.8849895
0.794758522,2.006408638,-0.319832264,1.600907992,0.433452442,0.934141442,1.556416036,1.578945093,-3.018556771,0.932895355,160.3740431
-0.578961592,0.094255837,-0.785775152,-1.138578885,-0.637731963,0.572429446,-1.234265569,1.199225634,-0.727416702,-0.001404038,-211.8596393
-0.330553187,0.663094021,1.610484735,0.813689967,0.559196434,-1.820875552,1.60634704,0.115435907,-0.60957444,-0.225486671,262.3233706
-0.21464642,0.843143352,0.418892868,0.667151779,0.730195544,-0.23902329,0.60351611,-0.60775521,-0.596204297,0.050120372,135.7240945
-0.815578432,1.673467608,-1.779812429,-1.014666542,2.162080181,0.274344775,0.727275215,1.473581735,-0.941116745,0.845194475,-175.2869817
-1.978940174,-0.700899621,-0.152223255,2.05094038,-0.272305751,0.074435231,-0.360485227,1.007955902,1.015826145,-1.934433088,172.0676409
0.354799948,-0.730783834,2.275770048,0.275188417,-0.909369317,-1.747363149,-0.407036047,-2.102788912,-0.785027,0.794851835,185.400757
-0.172202165,-0.524829121,0.524813703,-1.27419748,-0.912193271,-1.763250932,-1.423717819,1.650520903,-1.359289051,2.381944983,-111.8947814
-1.130615335,0.622711224,-0.465805569,-0.150837712,1.573019725,1.755475698,-0.073947566,-0.758282069,0.195024984,-0.451659476,4.646357769
0.032004149,-0.75341787,2.157308213,-0.605714923,-0.487911408,0.677925871,0.742095372,1.561511197,1.301741289,0.29929258,108.7065561
-0.123033391,-0.027675593,-1.682437269,-1.42174545,1.592689983,-0.137035759,-1.67088194,-1.370745084,0.514723321,1.201679961,-223.9119916
0.487313163,0.792740176,-1.745969032,-0.182241824,-0.180653382,-0.464923014,0.68843652,-0.262974914,1.520664173,0.339783022,-167.8519268
-0.185959201,0.533833246,-1.33214982,-0.309924221,-0.098849161,-1.29604924,-0.063057648,-1.238521473,1.388322205,-2.360541491,-139.5684363
-0.566976391,0.954164514,1.230484356,-1.338330627,1.047849057,-0.54440102,1.532783885,1.006624632,0.28326995,0.364711773,33.34026718
-1.332128955,0.398232785,0.725923612,1.492609947,0.009290068,-0.573934633,0.908889036,0.063107121,0.368915129,-0.72144075,203.7649036
0.207844601,0.164994732,0.812075324,-0.421568079,0.09350037,1.188263175,0.591037655,-1.000605508,-2.89526602,0.362812916,56.02904553
-1.173733399,-0.045744689,1.142385441,1.266632344,0.445376367,-0.469120708,-0.267511801,-0.721716045,-1.146133622,0.611343429,237.8954081
0.696137678,-0.047532295,-1.823959785,-0.736759387,-0.017878892,0.730973808,0.848122599,-1.213292678,1.213547846,-0.303650437,-236.8961018
0.012612834,-1.26922153,0.774563304,0.117950171,-1.194339165,1.40098085,-0.189442778,1.295196177,-0.638063009,-0.270160107,29.86904734
0.14601061,-0.428145331,1.193242275,-0.281212462,1.504212901,-1.549202445,0.306696942,-0.796290189,1.972579904,-0.014944079,141.0652144
1.796405855,0.016615405,0.18307011,-0.797557893,-0.172255895,1.19890945,-1.709908444,-1.835840318,-2.322487051,1.788338353,-92.90599904
1.246164998,0.310838398,0.466321649,1.422258509,-0.341618467,1.03976229,0.219870142,0.063193604,0.193921477,-0.112970476,182.3005491
-0.13579564,-0.048495862,-1.384596625,1.939691443,1.66938346,-0.710270898,1.001326135,-0.507028263,-0.402668211,-0.089725576,105.3123962
-0.438408888,-0.052482682,1.457101826,-1.123901125,-0.196293618,-0.02264413,-0.621159243,-0.246290143,1.510286651,-1.915869026,27.26981805
-0.450012858,1.257149217,-0.569832928,0.329508736,-0.424236333,-0.045512245,-1.517173697,-1.130069339,-0.416194405,0.750579168,-47.7484339
1.662913655,-0.870642791,-0.803530961,2.753229511,0.4559684,1.400777276,0.078573221,-0.469070618,1.412096375,-0.577220956,195.1678179
-0.406730691,-0.201797103,0.318741246,-0.893438062,0.42940508,-0.383526616,0.754981944,-0.431316851,0.177974834,0.53767034,-34.94275085
1.245556815,-0.584409775,1.167195983,-0.490595742,-0.24739294,-0.181660927,0.576920411,0.742288508,1.940156632,-0.34842795,49.36506393
0.048521628,-0.830950116,-1.398567574,0.562969237,1.90941664,0.926177548,-0.650642569,-0.86399077,-0.592393924,-0.487125384,-18.636504
1.688822192,-0.585445021,-1.564854425,0.765643106,-0.070519553,-0.352180448,-0.478692189,-0.741571259,-0.023870968,-2.783716224,-57.80176843
1.027004412,-0.003748534,0.24729,0.761430624,-2.283280458,0.011208153,-0.947422895,-2.570147549,-1.155496042,-0.254154531,7.59697987
0.716879535,-1.892084926,-3.635200228,2.092098572,-0.511105212,-0.839797407,0.550556933,-0.495648753,-1.124655688,-0.767347486,-152.5969633
0.769624286,-1.457316907,0.698166268,1.352956123,0.263334389,-0.603048801,0.043845473,-1.193593105,-0.055238895,-0.213795565,207.3492463
1.56025553,-1.951602913,1.912005469,1.164060153,-0.051542209,-1.066032172,1.349179049,1.002236167,0.320997564,0.02443184,311.828411
0.273118434,-0.998212259,-0.624510455,0.74698084,-0.026260793,-1.045529486,0.031491562,0.691618575,1.087710426,0.690073676,17.26992886
0.095979163,-0.142293443,-0.820669519,-0.205976279,-0.252731093,-0.099588221,2.208059078,0.267687402,-0.871003179,1.302306711,-101.7491564
0.503119782,-0.720595912,-0.708276338,-0.936834239,0.155890628,-1.171745302,0.741657083,-2.255145721,0.405886465,-0.205535912,-142.3892484
1.346571663,1.443670319,0.71474565,-0.233724058,-1.777680962,0.785185082,0.707457711,1.353453648,1.607915061,0.776931692,-22.83324831
1.085786325,0.097983153,-0.465310457,-0.105948354,0.496699223,-1.229549594,2.644343347,0.467693172,0.253739661,-1.502970328,-13.84809094
-0.056316165,0.985192092,-2.342731487,-1.441497471,0.101286133,-0.50814452,1.669992096,-1.696082832,-0.524908987,0.327820944,-344.8261642
-0.153083733,0.417329302,0.238566126,2.166959267,1.579806957,0.281948874,-0.897941986,-1.085141543,-0.373058668,-0.019680754,286.1866387
-0.395803834,-0.419259947,-1.059751215,0.779885354,0.349158384,-0.759913994,-1.233671656,0.101806437,-0.197839934,0.27295733,-15.70614292
-0.226662203,-1.327528326,-1.008022062,-0.3585495,-1.002138378,0.154781204,-0.39747014,-0.334473418,0.924214693,-1.005396464,-172.5958126
-0.404918691,0.519130647,-0.118878763,-2.259553313,-0.716826608,-1.408663268,0.768991536,-1.29280929,0.669587691,-2.05315451,-270.0628062
-1.600683109,0.057974697,-0.18300288,-0.693276124,-1.06437241,-0.28515853,-0.377604953,1.007114429,0.475249929,1.061162732,-137.1752156
-1.625121259,0.082911853,-1.811989338,-0.950690693,-0.565258739,-2.385113699,-3.138514666,0.059905257,-1.141941819,-0.136989578,-290.6506172
0.793935121,0.213596575,0.086694571,0.742995411,1.197494517,-0.675039011,1.529101007,0.19267993,1.120129406,1.117520549,130.4583421
0.142255226,0.088787315,0.159932695,1.975336239,0.112922771,-1.375716477,0.903789142,-1.82698012,0.49435948,-0.507526431,185.2237341
1.492651179,-0.639246133,-0.535992731,-0.107484718,-1.017314889,-0.270416893,-0.504663374,2.001022739,0.512275342,2.601834188,-106.4326266
0.377074717,-0.488941422,-1.296931836,0.90595451,1.523596917,0.193859422,-0.627615991,-0.883087255,1.023426367,-0.842479084,15.25037794
-0.926988182,-1.548975212,0.355048607,0.410770339,0.084064811,-1.010590827,0.064363827,-0.409301888,0.029436691,0.926170805,81.2807178
1.021363235,0.911213104,0.427636326,-0.235788318,-0.371509226,0.814985035,-0.692679679,0.075498009,-0.324301885,0.474691224,-10.67842412
-2.77381494,-0.179619721,-0.602624305,0.001783041,-0.774203818,-0.264355833,-1.059211708,2.12455623,-0.516116642,-0.500261017,-109.1285901
-0.725490115,0.420891331,0.377070563,-0.363131933,0.917291979,-0.976302593,0.031760494,1.68793949,0.692036195,-0.378033671,32.79411519
-0.040157951,-1.430775102,0.19652117,0.709003758,1.32915253,0.64272276,-0.089735694,1.800940433,-0.676392302,1.440117215,153.3588625
0.502405843,-1.870189562,0.122336865,0.649480318,0.580153444,0.183178446,-1.520170103,0.983504617,-1.128256341,0.866662558,83.45763378
0.351535014,1.865295993,-0.918302231,-0.225258682,0.821945544,0.291638708,-0.80965005,1.958262119,1.282419603,1.113714057,-74.26340956
1.207953476,1.244450609,0.771279097,0.128475398,-1.262433093,0.967768788,-0.455012465,-0.872524793,0.329269325,-1.105402525,37.53175256
-1.519342073,-1.097610354,1.025045649,0.749842224,-0.099357821,1.466945107,1.009714768,2.248274769,-0.920499342,-1.04776295,171.308096
1.239390887,0.559541259,-0.382312341,-1.39183184,0.39619146,0.423642124,-0.004120785,1.113192427,0.224379628,1.807269966,-151.7929132
-0.814986884,0.809736687,0.742402068,2.045279918,0.894240871,-0.499356832,0.610564298,0.952945261,-0.904651309,-0.498414322,289.557901
1.25492883,-1.831116092,-0.198186847,0.090569265,1.012702471,-0.471857548,0.717390607,1.040587505,-1.817847858,-0.058963407,48.65882793
0.023579833,1.330257779,-2.429159763,0.08695329,-0.812584553,-0.73996784,0.06767149,1.396907532,0.36038427,-0.79734485,-239.1580711
1.095604337,1.933194222,-0.822076695,-1.616936437,-0.389319723,-0.207095143,1.403804733,-0.134227384,-0.128112095,-0.491723464,-245.1333238
-0.327894717,0.155190684,-0.524088398,0.152354872,-0.409282438,-0.694713131,-0.822419932,-0.009300321,0.000207065,1.121030667,-55.92107544
-1.327901334,-0.178206708,-0.091339448,0.162293215,0.878979088,1.256475529,-1.027618765,0.437275763,-0.719149522,1.290632904,39.06669295
-1.617961058,-0.832954018,0.218106868,-1.144207229,-0.898749425,0.03633894,0.26865081,-0.022560116,-1.256665639,1.741850304,-116.7653739
1.150085262,1.48654414,0.767666557,-0.610778898,0.635577203,-1.505819399,-0.116758955,0.70967374,0.972789814,-2.111440297,38.64872212
-0.067652777,-1.618376566,-0.431636434,0.946293247,-0.139370308,-1.492595994,0.675081841,1.038146696,-1.04740805,-0.23320203,39.71992452
1.350852331,-0.653679141,0.587855888,0.619738785,-1.186336427,0.868772501,-1.911316892,-0.758765258,-0.468496113,0.092979247,50.85241094
-0.316296536,1.158667023,-0.323682754,-0.266547304,-0.724532269,-0.859104274,-0.650793655,0.167691535,-0.228784344,-0.758163819,-83.73879919
-0.498264426,1.010130714,-1.164546778,-0.48813628,0.755504906,0.34337035,0.39546944,-2.033299111,-0.818134222,1.212490944,-122.2415838
1.085222264,0.038555169,0.548066925,-1.339489367,-0.057270411,0.272236725,-0.74238637,-0.113812538,1.897887293,-0.115997072,-103.3456435
0.17650569,-0.158847996,-0.004723763,0.017825379,0.524203261,0.435810557,-0.938587873,-0.968667278,2.049507318,-2.399848713,8.09543684
-0.2019136,0.221417062,-0.675880436,-0.515784068,0.539112065,-0.820448467,-0.812158364,0.051552217,-0.617486311,1.785029792,-103.5092712
1.601342523,1.434247524,-0.856785144,1.974907943,-0.246668739,1.469243959,0.119809476,1.126187666,1.862274128,-1.704527742,108.0157015
-0.592355956,0.123547696,0.499864124,-1.399306175,1.532367725,-0.818428666,0.367649293,0.885231483,0.625508017,-2.100026508,-32.19088603
-1.346094649,-0.781110665,1.219267577,1.810377615,-0.923631703,0.993100821,1.191254319,0.281634804,-0.447506227,0.661590407,272.6563455
0.01348002,1.481574791,-1.185885574,-1.971153019,0.27840446,-0.139686172,-0.213380476,0.433790159,0.547503678,-0.880427637,-285.3692906
1.612868371,0.946618308,-0.363175559,-0.216418712,0.915823782,1.251947455,-0.13642215,-0.270270368,-0.443429418,-0.778308553,2.505640058
-0.701289571,-0.875814825,0.334327055,-0.289981354,-2.014901233,0.749745475,-0.838500616,-3.601085104,-0.214537665,-0.742486778,-79.55755318
0.031070839,1.864047944,-0.932775364,0.063136644,0.611970874,0.37290391,-0.084848473,-0.135499725,-0.529989517,0.073849693,-54.67074293
0.253737297,-1.793076398,2.143007055,-0.469764464,-1.320892283,-0.133003164,0.158756051,-1.007867913,-0.608493904,1.156006669,110.060415
0.010710028,-0.21719055,0.546647279,0.019720122,0.771016191,0.142060706,0.384209801,1.340950422,-0.048168631,-0.59253248,79.91544068
0.044691783,0.074669046,-0.915239429,-0.991935503,-1.598252359,0.615179328,1.440729825,-0.64658022,-0.625036978,1.256281236,-223.2632448
2.023606219,0.006799845,-0.319847523,0.151757992,-0.075951024,0.987334517,-0.835142902,0.184740579,-1.607661027,2.089538722,-19.30880113
-0.59052457,-0.399938727,-0.155013429,-0.163657111,0.172837327,-1.716693734,-1.563413473,1.114355778,-0.068017488,-1.087768622,-20.96601805
1.011368257,0.722980513,-0.107293943,0.043587664,1.591308811,1.190004573,0.519530433,-0.085401751,0.516405948,-0.264349419,70.85476043
-2.39198189,0.346960297,1.359291424,-1.019968719,0.724428176,0.693697955,0.160562118,-0.865299275,0.442281638,0.563816559,54.98058581
0.05202065,0.127173919,-2.161162104,1.230645804,-0.00633414,-1.385926666,1.220715195,-0.072347475,-0.370770597,-0.433350555,-52.33444658
0.610235006,0.474742105,-0.748090983,0.291658933,-1.265636445,-2.973306171,0.289338906,-1.026242375,0.635245537,-0.170223792,-103.5605894
0.854903923,0.009395355,-1.070668371,-0.527653776,0.177908391,0.002925967,0.003582602,0.217405853,1.272428383,-0.194663695,-139.9144093
1.108980855,1.818106208,-0.617496376,-1.716484161,-0.552770013,0.683129245,-0.429411334,-0.855118157,2.067069687,-1.73578893,-252.1904018
-0.366343321,0.930820125,-1.652243567,-0.232641437,-0.054007202,-1.172288152,-0.441373614,-1.507680838,-0.559321977,-0.134265673,-174.3922704
0.397572208,-0.210262464,0.686410394,-0.771761899,-0.706677794,1.467540445,0.090332261,1.960567938,1.793101429,2.077321187,-42.49295209
0.388274255,2.979854517,-0.00660391,-0.023843768,-0.219058588,0.377639572,-0.519391322,0.094738476,0.296295366,1.631888848,-5.680753595
-0.846434301,0.92567221,0.556022097,-0.591284789,-0.041292687,-0.63540988,-1.846573048,-0.336895127,1.029440556,-0.428654527,-22.65275678
0.339278143,-0.308666847,-0.189388822,-0.715168264,0.370238627,0.72086382,0.519905016,-1.564433985,0.567191137,0.423162658,-65.00605936
1.458819136,-0.231418061,0.256360984,0.583729362,0.302743793,-1.209324468,-0.127996975,-1.313272287,0.656506083,-0.761455557,79.33579342
-1.251698049,0.021605548,-0.731260973,-2.421379752,-0.575058196,-0.958449381,0.14171179,-0.870766376,1.016643207,0.934717746,-317.505875
0.754085805,-0.158319613,-0.748383181,-1.2766182,0.112748938,-0.279966133,-0.041280773,-0.331593779,0.082202926,1.715118218,-181.817476
1.632245259,-0.295971504,1.434425316,-1.137340201,-0.556279065,-0.97839294,0.468309176,0.644532687,-0.357387665,0.217958176,-1.873590485
-0.561930114,-1.428904607,-0.640154457,1.48374391,0.029796165,-1.085747711,-0.734810898,-0.030786502,-2.152913516,-1.399228259,81.87945641
1.191235195,1.070857598,0.42653929,1.490143596,-0.965871634,0.11562079,-0.148555415,-1.187601117,2.018096733,0.130151062,135.3227111
0.413436963,0.293058828,-0.232585411,-0.885304556,-0.972688092,1.557076766,1.277287069,1.452786134,1.155027452,-0.502473888,-137.4331255
1.983373599,0.23152848,-0.864896112,1.275247013,0.392044504,0.093458492,-1.185852329,-0.974167428,0.820607476,0.832092018,38.49161901
-0.364954304,0.211181422,0.646782086,0.771127569,-0.752492927,-1.175458991,0.235858081,0.061758467,-1.103557202,-0.500812865,108.2792703
-0.911735679,-0.408956357,0.036959024,-0.480015249,0.542183638,-0.394600077,-1.790682926,0.107986711,-0.352482047,0.831995007,-15.55916052
0.356040444,-1.413831292,-1.042310233,-1.137244529,0.328267045,-0.807191864,1.51032917,1.06735471,-0.592063672,1.808663028,-192.59738
-0.417852493,-0.719407188,-0.642398987,0.121085593,-1.045702456,0.699966495,0.411321016,1.631193757,-0.945121845,0.52905404,-88.02352947
0.924027019,-0.184902136,-1.081063328,0.615935607,1.159329803,-0.360966166,0.593101258,-1.251113576,0.326133022,-0.309546439,14.63011624
-0.387716866,-0.325096471,-1.160336856,1.431749484,0.696757863,0.346782555,-0.426980372,2.483765993,-0.439217765,-1.100016642,59.82426812
0.574386351,-0.497369533,-0.134990228,-0.717639138,-1.31474886,0.253683554,-1.103758563,0.841041277,0.773877173,0.259595647,-133.9690555
0.175365241,0.240487649,0.104133388,0.916328953,0.034754478,-0.189981423,0.408684762,-2.187380915,-1.312840273,-2.936200944,102.4436743
-0.962430372,1.548317705,-0.6190731,0.199639292,-2.043827516,-0.101534375,-0.095985096,-0.240078461,0.756835912,0.636202659,-113.4588416
0.195360397,-0.065680473,0.255357031,0.229266841,0.206186704,-0.50933265,0.151749141,0.031634016,-0.164053323,-0.641844262,47.65408584
-1.909194618,0.510966777,0.626448171,0.797988368,-0.078925311,0.471091176,0.642109207,2.403327669,2.033067651,-1.54933439,135.742227
-0.325454329,0.395804941,-0.076993664,1.264915895,-1.312608267,-0.322241154,1.003137003,-1.059518585,1.112268293,0.231792763,58.77447941
-0.128922116,-0.426772281,0.229657313,0.05889233,0.855544292,-0.917671296,0.978557296,1.379218725,-1.807039611,-2.612763088,63.57676464
0.56976728,0.44770856,-1.251539424,1.443764604,0.352055397,-0.241236058,-0.082151178,0.456753219,0.342725346,1.117295832,42.90053996
0.347789437,-1.248030348,1.155374719,1.397312975,1.366554863,-0.587009219,0.801725002,1.326115628,-0.874408027,0.205782911,324.4012144
-1.664789001,1.342795315,1.532813132,0.988095984,1.525303292,0.989950854,0.967522995,-0.352217319,-0.837382084,-0.302661044,298.3790884
-1.745605536,-0.030471507,2.480204225,0.156999441,-0.907499861,0.052994308,0.548512281,-1.298432942,0.845310329,-0.217911216,225.5477568
0.458541754,0.385576036,0.618523971,-0.249438273,0.652291449,-0.605104924,2.35973041,0.700658155,1.239919398,1.561567585,59.13645533
0.424919602,1.676650803,0.012901296,-0.307289839,1.789438711,-0.439853263,0.016906196,-0.228880163,0.658820245,0.354772869,37.14997122
-1.778720249,1.496044311,0.86960592,1.355637859,-0.922165324,0.756988617,0.413434903,-1.244654703,-0.773789199,1.876795813,172.6580638
0.812862119,0.629628842,-0.589364757,0.849602097,-0.493000935,-0.20812225,0.357015486,0.307299521,0.899599875,-0.692909595,2.77427906
-0.107337141,-0.048540177,-0.166465745,-0.912379325,2.329275286,1.271326718,1.162549437,0.304625099,0.257758779,-1.363088136,-8.47424683
0.728645078,-0.771308335,-0.097640313,-0.425969766,1.109240368,-0.333966667,-0.755577746,1.581137991,0.32897225,-0.267623939,-16.05262496
-0.083441861,-1.3785305,0.842774572,-0.969484033,0.52893408,1.246106911,0.356081105,-0.99843613,0.149069713,-0.666602806,8.270056123
-0.169455655,1.418630386,-0.524431143,0.054671154,0.111226258,-1.218361756,-0.27465344,1.963922748,0.996398938,-0.29250614,-56.30124387
-1.179517457,0.132309021,-0.628298492,-0.197528604,0.672720488,0.537365425,1.334482351,-0.744872785,2.127918075,-1.117197666,-45.48098794
-1.288668584,-0.599877899,-1.832171101,1.758754539,0.703724208,-0.659015848,0.994757762,1.313182899,0.829817778,-0.680674997,24.30421674
0.241323203,-1.558229849,1.971350649,1.666589343,-0.205429329,0.11687697,0.865374971,0.265006359,0.677766566,-0.586694081,322.4349909
-0.460880392,0.379671987,-0.075976727,0.170003598,-0.894259623,-0.110138824,-1.858218467,-2.322805653,-0.44954358,0.3250767,-33.80351058
-0.233673292,1.076178734,0.908591095,0.457212636,0.784536238,-1.688592201,-0.182967041,-0.96927998,-1.161346871,-1.266358655,154.9274625
0.102965242,-0.626500216,1.66304226,0.53972368,-0.268032587,-0.105524939,1.451375461,-0.583342933,-0.848366536,0.255328172,209.9382512
-0.355408906,1.07058267,0.841130942,-0.150486316,-0.487778032,-0.263056338,-0.698893096,-1.610553201,0.769204649,-0.384569767,32.54993668
-0.203787569,-0.504560532,0.691841804,-0.487339926,0.60691371,1.568681919,-0.001330078,1.601900785,0.152782367,0.62737267,48.81391652
0.443819428,0.774634053,2.122156197,1.032465261,0.917861947,-1.260883954,-1.519369966,-0.707669466,1.266911149,-0.484234073,307.4879042
-0.416154797,-2.009929264,0.739722486,-2.179781192,-1.00573055,-0.1456974,-0.429274223,-0.717921951,-0.437721852,0.908311041,-189.5771658
0.031876101,-0.178826174,-1.123034723,-0.202789838,1.3858781,-0.526860711,-0.509073585,-0.20326177,0.353812871,-1.827103029,-60.60923672
-0.161846415,-1.618934912,0.369393902,1.42262574,0.736642062,-0.016253973,-0.133718924,1.893496321,-0.325725854,1.001101695,188.2736234
0.439826053,0.846964758,-0.506050222,1.281944023,2.111123401,0.186111457,-0.000156771,3.001668638,-0.281600755,2.656728349,167.5622643
0.257814705,-0.115070805,0.650383691,-1.113808885,0.723095887,-1.077012701,0.540456805,-0.160102414,-2.429292968,-1.049546459,-22.45496231
1.271248756,1.470893453,-0.495627155,1.2967743,2.155469648,0.259048634,-0.885339716,-0.21881411,0.987495742,-1.536663105,148.5313041
-0.104967708,0.612790742,0.331647667,-1.047157569,-1.746466726,0.068371566,1.711028809,-0.74516777,-0.39989999,0.523960512,-138.6699722
0.007063159,-0.660321139,-1.517873747,-0.357029201,-0.071599252,-0.293966948,0.890383164,0.049773687,0.500665721,0.575205016,-156.0858146
-0.515980989,0.416873063,0.248893969,-0.391156372,-0.177168115,-0.001621717,-0.429037248,-0.479968146,-0.247954207,-1.704785906,-39.51651398
0.390366194,-0.153905227,1.038606069,0.093158338,1.7665118,0.65953147,-0.51098917,-0.326012496,-0.168384922,-2.553549596,159.7632861
0.534505648,0.887655426,-0.383971272,0.250200206,-0.998060627,1.051947618,1.99566749,-0.183196619,0.606723059,3.109918556,-23.33005101
1.699435983,-0.401795027,1.220282896,-1.076679127,-0.107264766,-0.019873635,-0.762519239,0.900533077,-0.595534935,1.036302892,2.558855213
0.233784296,-1.805633292,-1.490311022,0.864157112,1.063047484,1.469947756,0.187666675,-0.006717666,0.322395095,1.22346014,-5.8916461
-1.921013139,0.65591914,0.593105399,-1.002109105,1.209086398,0.20541327,-0.650093755,1.528778836,-0.603437834,-0.451936138,-3.167053499
0.349615331,0.133499419,0.843790026,0.316087822,1.026087441,-0.692957005,-0.670543161,0.224420038,-2.153588113,-0.151397492,141.8556057
-1.216327446,1.427816619,0.06638185,0.129546705,0.204381342,0.885583234,-0.14764518,0.397522832,1.135484845,-2.174342727,43.67272347
-0.602489938,-1.290300177,0.620245773,1.060836059,1.231348946,-0.896977588,0.625090834,0.591078477,0.318011493,0.188847293,235.8512959
-0.082838378,-0.449866301,0.148942796,-0.336320372,0.204989147,2.213277918,-0.934485348,-0.893419086,1.873576394,1.375179058,-11.84450304
0.049007129,1.342476427,0.387478118,-0.553091039,1.215328132,-0.337707759,0.341407313,1.247093828,0.904725109,-0.716421349,28.07502611
0.269456392,0.435797276,0.513436186,-0.91147365,0.166304828,0.769291761,0.164003494,-0.509144549,-1.229828905,-0.476341266,-54.76032368
0.160489624,2.212531039,0.444773808,-0.825653683,0.550797572,0.408052847,0.149363482,-2.086477658,0.007178467,0.364140296,-18.50568951
0.34575227,-0.675415105,0.074068292,0.165904714,-0.461955049,-1.315651198,1.963832087,1.035493309,0.412834891,1.011907066,1.897763103
0.741416351,-0.442756618,-0.400201783,-0.182345676,0.140206524,-0.708703293,0.929878854,-0.516298447,1.315857672,-0.045879011,-44.08172393
0.582166997,-0.125234715,-0.856612644,0.885236614,0.863842094,-0.604580088,1.309757166,-2.125453598,-0.344189052,1.013526135,44.33883337
-0.193545749,-0.104646624,1.3690613,-0.769331154,-1.73604206,-0.444970203,1.652834186,-1.071959637,-0.646317298,1.113521353,3.884064723
1.114161367,-0.483406514,-0.220312405,-0.589846398,-0.725610873,-0.534505154,0.681927738,-0.072118655,-0.221162795,0.030614465,-87.89683342
1.010379313,-0.44575746,-0.494964551,-1.015995431,0.201999011,-0.233606961,-1.744760388,0.211879179,-0.323908853,-1.055324159,-119.3288898
0.412280598,-0.616100153,-1.50807588,-0.741939454,0.18844008,-0.519825222,0.756087881,-0.201107795,-1.976216064,2.587271456,-212.1688858
0.668724505,-1.331219989,1.163871046,-0.257100618,-0.241058934,-0.171382674,-1.234405658,-0.76068174,0.362729567,-1.573434839,64.5434823
-0.462736648,-0.307048341,-1.001009544,1.033189864,1.278434958,1.495571736,-0.65144255,0.397637502,-0.424598166,-1.866700587,36.82591027
-0.997863549,0.441322402,-0.384110127,-1.886775555,1.897354094,0.061016026,0.873486787,0.427643677,-1.708992011,0.314321446,-114.9225533
0.654979794,1.678185379,-2.157483829,0.239290115,-1.709767807,-0.414379766,0.655955622,-0.804542615,-0.070908107,0.062997786,-249.459236
0.932375242,0.171920849,0.343048531,0.46614713,-0.427110549,0.037014377,-0.765134667,0.705894196,1.191720302,0.426367819,60.60865552
-1.289676098,1.253734786,-0.861443429,0.097488939,-0.589423411,1.329534244,-0.226662204,1.718439616,-0.453259526,0.649147721,-80.24789837
0.226315953,0.496346411,1.233039133,-0.814071222,0.768116952,-0.038169587,-0.309328493,-1.970721282,-1.421669048,0.901619449,58.46570531
0.502001889,-1.706862562,-0.405736502,0.499414608,1.127924986,0.853060456,0.492523446,-1.028067812,-0.479459411,0.327818716,55.96094383
0.356362465,-0.775643648,0.313163088,0.343227929,-0.12511661,0.929217823,0.813200385,0.671710865,-1.576397713,-1.634546121,73.2638918
-0.860766517,1.302182206,1.155013378,0.571278582,0.60638703,0.038651285,-0.154052808,0.275314333,0.770804615,-0.544317672,200.9907649
-0.978637489,0.239380891,0.33089078,-1.341705341,-2.063459762,-0.045094449,1.102626308,-2.102701754,-1.401984268,-0.291025893,-156.6366542
-1.022778241,-0.011168617,1.479127888,0.741155824,-0.360221771,0.08645909,-0.640775274,-1.393804446,1.267128143,0.425938111,181.0149642
0.811396554,-1.148263289,-0.546680085,-0.27165511,0.176820872,-0.721737553,1.67345209,0.829732418,-1.299581237,1.340461052,-35.00793579
-0.088508201,-1.215942458,-2.059650061,-1.713307613,0.332497389,-1.776048545,0.935565151,-2.174367445,1.244885578,-0.691332773,-329.8686935
1.15043652,0.243207307,-2.88761385,1.228529316,-0.909999603,1.12297994,0.43873504,-1.013352616,-1.092962791,0.504564275,-175.7568469
1.089272247,0.382033706,1.830743825,0.493195688,-0.182040431,0.377554733,-0.968335863,-0.588108599,0.752483377,0.248305476,186.6886105
-0.654984489,-1.468021649,0.048683885,0.463460356,-0.32807037,-0.275182437,0.389847649,-0.222394151,0.847111207,-0.363249182,46.88057573
-0.710834839,-1.494986098,0.761628464,0.079445099,-1.155290343,1.290885896,-1.281156343,1.068795555,-0.945406639,0.52814547,38.85331774
-0.341380777,0.281832484,0.786842249,-0.43943046,-0.360176256,-0.492349181,0.597346381,-1.578911565,0.868336894,1.183804217,12.89565105
0.528125721,0.627914693,1.196346888,0.656695963,0.372954336,0.031492459,0.280556993,2.571696186,-1.152684836,0.422742555,194.348584
-0.506438044,3.222928442,-0.538201963,-0.120359248,-1.124845326,0.460587117,0.739032053,1.166035006,0.563286905,-0.427673085,-108.8484332
-1.348177045,0.015682236,-0.344063957,-0.374534151,-0.533090402,-0.002786111,-0.979925575,0.193379452,-0.668143048,-1.957338589,-92.18274958
-0.857047716,0.136950307,-1.249507063,0.509161043,-1.48843217,-0.582927215,1.976928357,-0.295771277,-1.575685493,1.91325751,-110.1142727
1.453275476,-0.078230659,-0.61085764,0.504483256,1.355572936,-1.570881457,-1.563034307,-0.347302289,1.435087399,-1.179459665,34.09377051
-0.00707913,0.013271752,0.387531769,-0.636350727,-0.289064842,0.215403109,-2.337671564,0.556922635,1.342473852,0.571802921,-38.7959836
-1.005555971,-0.367022419,1.709708029,1.20989396,0.870060217,0.637898316,0.439669722,0.776293591,-0.885934925,0.903891401,306.9982842
-0.018134244,0.293284429,0.987728516,-0.775606361,-1.384518019,-0.397548697,-0.779806676,-1.523597811,-1.882983447,0.99192631,-61.42027858
-0.262934375,0.821015541,-1.710995223,0.526043219,1.004692887,0.26410857,1.190263574,0.190407634,0.901090839,-0.004383542,-49.42636864
1.871714624,0.354590279,-0.64835637,-1.667783461,1.968858851,-0.705328331,0.86018412,-0.54555378,-0.303041821,-0.11481704,-139.660816
1.422748136,0.926215402,0.39046485,-0.103221753,-0.137371788,0.850897962,0.265362349,-0.134279162,-2.438817158,-0.582758658,17.94140948
-0.126489457,1.707221185,0.27234068,-1.184663537,1.131874024,-0.973599064,-0.700546816,0.711219273,1.405927903,-0.872068774,-60.95605562
1.138910611,-2.225935418,1.004821692,-0.423436583,-0.421102772,-2.161055997,-0.737261676,0.467574912,1.81907719,2.277688926,30.41689541
0.584524052,-0.268139139,1.285582234,-0.057061291,-0.238752602,-1.320077188,0.141595787,-1.655224712,1.170661629,0.475258605,114.9472334
0.380177388,0.093832945,0.461998024,0.11665065,-2.348001134,-0.037281218,1.156417771,0.168680859,-1.505709662,-0.750093657,-36.677091
0.950307592,1.710613373,-0.019419606,-0.303179783,-0.349316796,-0.223465982,0.799941902,-1.067802922,-1.053682419,-1.616310608,-50.64856902
0.651743049,1.258917822,1.157718917,0.933016739,0.661869019,1.876107175,-0.393078865,-1.57972015,0.868523193,0.090487997,223.2499068
0.422339602,-1.453633899,1.137976613,1.123302531,1.785850891,2.188581392,0.832309886,-0.020814089,-0.736548223,-0.047290646,276.922336
-0.358195,1.256520435,-0.114266134,-0.655158946,2.114376268,0.500198621,-1.081109167,0.099125033,0.936064392,0.023644656,-8.211026028
-0.60561554,1.826009714,-1.371901143,-1.613561398,1.71170848,-0.17294606,1.471170327,1.039904687,-0.669072739,-0.209323677,-215.9086056
0.844217279,0.369449427,0.0227435,-0.745792825,-0.721649377,1.0505739,0.158736333,2.294529509,-0.809144005,-1.031760622,-90.11924589
-1.581190702,0.895038314,-0.708406767,-1.513714393,-0.060660814,1.901190686,-1.803139676,0.508725023,0.267126651,-1.584135943,-218.8909074
-0.544477092,1.244694527,0.654813204,-1.014317047,0.00753863,0.783681949,0.143386263,-0.861107878,-1.220373653,-0.699263207,-45.37801168
1.006161899,0.112018794,-0.365431623,-1.335977806,0.467528674,0.894695061,1.241662542,0.244605685,-0.771948021,0.500464057,-113.4413916
0.769206347,-0.45855266,0.566816932,-1.24923552,1.105935462,0.889470946,0.027154909,0.142751587,-0.495999255,-0.201999997,-19.53113578
-0.543021946,-0.69694146,-1.514414062,0.548700476,-0.533543626,-0.926513255,-0.082513519,0.336601428,-0.834829911,-1.705207608,-109.0341268
-0.570314068,-1.179108214,-0.764186787,0.876173932,-0.523575988,-0.526531687,-0.709431157,-1.9759633,-0.382452398,0.644595432,-1.554368897
-1.783758676,1.425535677,-1.195708347,-0.02091235,0.041751488,-0.989131147,-0.674060904,-0.489391112,0.155310334,-0.119906411,-116.7139461
0.498791873,-0.512730556,-1.099486882,-0.279916043,-0.757588674,-2.321403263,-2.279789823,-0.117296372,0.909423296,0.190892744,-180.610331
1.524517181,-0.444946391,-0.098720894,0.826422324,1.369094583,-0.307246226,-0.225351485,-0.614143531,-0.678334629,1.666663259,138.8639514
1.290160024,1.327697863,1.624191328,-0.311265214,0.506410341,0.794544798,-0.98765833,-1.118846518,-0.504978235,-0.682238995,142.0466339
0.854209721,-1.622763452,-1.489188073,-0.128758564,1.002055685,-0.471011175,-0.766688553,-0.83100556,0.542610973,0.99128756,-137.215364
0.638184041,0.212726121,-0.646528479,0.846771109,0.787543324,-0.611515802,0.018999082,-0.727453925,0.618407216,-0.521254807,51.66759793
-0.027885482,-1.093076752,-0.490824183,0.895440891,-2.00068788,-0.170287126,-1.506616464,-0.725623419,-0.426791395,-1.0899379,-50.88663804
-0.340598707,0.500143033,0.226684248,-0.561557746,-2.230468019,-1.781158414,-0.553089817,-0.272544721,1.173442277,0.695863839,-114.6158745
-1.148848268,0.501336627,2.126441828,-0.120198344,0.281695914,1.953656748,-0.25881367,-0.773650912,-0.09217408,-0.074056537,186.0489809
-1.345098615,0.172005827,0.113080763,0.367286599,0.649415232,-2.078918481,-0.303571935,0.200023406,0.472239578,0.255015766,72.8591856
1.316077757,-0.358980194,-0.118825495,0.63001982,0.314254714,-0.980342216,0.728681459,-0.448282189,0.366031402,-0.317580311,54.27347155
-1.157091799,-0.72858389,0.778130449,0.778770283,0.629498224,2.677060531,-0.693589681,1.943888463,0.110364631,-0.132030493,146.1342286
-0.546838455,-0.987858074,0.110836379,-1.426463911,-1.454614749,0.263888494,0.358334071,0.818548716,-1.851586834,-2.128649125,-176.4413067
-1.184352317,0.192418071,0.576792488,0.02873003,0.248729853,-0.336256954,-1.390870591,0.492924303,-1.358262785,-0.938259504,68.95809092
1.939085986,0.690699884,-0.250592461,1.305779198,-0.376744972,0.090276868,-1.106348596,-0.343927147,1.06675541,-0.725538261,81.03687037
1.942379677,-2.384744617,0.605806649,-0.687835193,-2.211567577,-0.660310406,-1.09928125,-1.580155587,-0.418213512,-1.295022726,-89.15587136
0.693823454,1.166528336,-1.025964817,0.607289015,0.713266251,1.314226576,1.467850445,-1.724061811,2.5988229,-0.030263058,11.11177692
-0.194584663,0.033870549,-0.320746371,0.16681606,-0.082886984,0.612626377,1.156803949,0.767843695,-0.240398476,1.126238188,-13.59451928
-0.428428435,-1.283085436,0.773341695,-0.42337749,0.368824412,-1.147662628,-1.259002727,1.125930331,1.228115294,-0.041607495,46.84727401
-1.525656315,1.262584103,1.726963851,-0.399636186,-0.372833152,0.722381358,0.224684726,-1.760808812,-1.418365733,0.932590832,98.25858027
-1.679107536,-1.713955437,0.243284147,-0.012328198,-0.643943168,0.604436,1.118814432,0.070965816,0.407516145,1.087000887,5.617681997
0.543600155,-0.370614332,0.494030186,0.260673766,0.395803533,-0.625562702,-0.550305154,1.172729019,-0.025554071,-0.671623368,69.87788941
-0.244028352,0.294719253,0.129368007,-2.380739106,-0.314690829,0.037574859,-1.829681815,-0.910486704,1.037181406,0.615967006,-234.9029633
0.308691828,0.113556995,1.883769043,-1.370519206,-1.735644423,0.995324848,-1.130107669,0.424503456,-0.647585958,-0.449453171,-41.83113125
-0.585063171,1.17384202,0.454331433,-1.018842469,0.167681333,0.372794159,0.360016465,-0.724385165,0.282449764,-0.228151349,-46.65642159
1.316790515,-0.432667799,-0.876054888,-0.891799132,1.343016237,-0.278407964,1.072274429,1.249653444,-0.00155887,-1.547807316,-104.5885694
0.276581506,0.008556081,-0.005560294,1.17851269,0.844774376,-2.391956204,-1.373402889,0.419705608,1.868817841,0.51990214,129.1526473
0.611213148,-1.718524071,-0.769378752,1.327791337,0.865452659,0.511851511,0.577384224,0.311250876,-1.770777876,1.433389072,97.24899053
-0.091706024,-0.887769512,0.20953423,-1.091625172,0.210668465,1.075343402,0.233848026,1.424495821,-0.836062152,1.035443416,-91.29628045
0.314971872,0.214982817,0.264481685,0.06370236,0.374062088,-1.701140474,-0.21682705,-0.028816602,0.501900234,-0.292757919,37.36641856
0.280991868,-0.62269952,1.586016816,-1.237815499,0.662130675,0.113517345,2.133033375,0.588317206,-0.151785095,-1.9520878,63.27184272
-0.093903569,1.16300097,0.526981391,0.00756018,-0.742328013,-1.329007637,0.94293862,2.148296864,-0.352453732,0.181253948,30.86684716
0.044318683,-1.814761787,-0.563321155,-1.221671484,-0.144000911,-1.308018974,0.790386096,-0.216183464,-0.969538712,0.846627361,-184.5689143
-0.414630509,-0.724302534,-0.168419712,0.603645739,-0.246724424,-0.483658637,1.374611268,-0.964789738,1.187077679,0.359680848,38.10618213
0.540908519,0.876169167,-0.879282782,0.34859512,1.071929865,0.487305237,-0.125174428,-0.384942888,-0.115224233,0.846882104,-1.503974049
-0.838985563,-0.262352554,-0.893588125,-0.216206918,-0.009371559,0.253568228,-0.512029514,0.564650722,-0.849875925,0.571995637,-106.4295517
1.073800805,1.82350611,-0.084248885,-0.563493358,-0.243346087,0.777056898,0.715191303,1.326509259,-0.342117335,0.589901879,-89.32663354
-0.019918396,-0.247880119,-0.226942466,0.400000006,0.09743411,1.052211156,2.288790661,-0.911617302,0.782027388,-1.763236699,39.13811673
-0.439763044,-0.683727658,0.498323587,-0.532042607,-0.172347069,0.166810305,0.49847441,-1.027705466,-0.353920887,-0.697955491,-7.212834586
0.230325803,-0.409850042,-0.409780031,-0.626774048,-0.521320348,-0.498301075,1.198882515,0.311203102,-0.587615146,-0.763849205,-123.009358
-1.421102217,-0.500004329,-0.821889705,-0.527404175,1.502649222,-1.609594643,0.633094524,0.891744293,-0.265849413,-1.169201023,-63.42880798
-0.801621775,0.833003195,-1.067318583,-1.173865055,1.876140208,-1.015462626,0.879952481,0.676110294,0.555825174,0.925523311,-133.7659925
-0.238864391,1.253442823,1.067566121,0.693386704,1.36690069,0.267683695,-1.078669276,1.418485033,-0.222286674,-0.274833407,220.169197
0.270539969,-1.840254653,-1.800970313,-0.8639629,-0.704823883,-0.750379468,-0.746168772,-1.240788779,1.167193866,0.818146086,-280.0113674
1.173900932,-1.018037672,-0.244399836,0.555858459,-1.398098015,0.783731397,-0.287584148,-0.835601241,-0.137785861,-0.206754403,-24.4559748
-1.110354161,-1.160372978,-0.553623314,-0.366372847,-0.652736286,-0.084436786,-1.170003686,-0.308378469,-0.052297138,0.67796329,-113.6504826
-1.814889615,-0.316972108,-1.466605636,-0.951782213,-1.950571107,-0.347734564,0.616016719,0.343098437,0.541306732,-2.49924446,-280.9379723
-1.133370748,-0.33203975,-1.365374015,0.887309544,2.167724121,-0.850169089,-0.26185471,0.15704323,0.508114867,0.462798095,20.12380867
0.966298853,-0.774080307,-0.39272413,0.027636128,0.765352416,0.557539998,-0.449713195,-0.498875653,-0.203100967,1.097225733,-3.379128068
-0.814558347,-0.090364798,-1.116804126,-0.460696382,1.570100643,0.030394736,0.002081275,-0.519067557,1.563032962,1.447490915,-83.13868943
0.03121459,2.117372816,0.10321626,-0.712201025,-0.937044685,-1.48211837,-3.856375329,0.589228285,-1.684093729,1.074273297,-119.5514214
0.341240366,0.655889443,1.238146094,-1.105567085,0.839015911,-0.549859078,-0.45808318,0.1172118,0.323163969,1.324554962,47.51840449
1.398021291,-0.242165365,-0.390433235,-0.649838282,-0.434843569,-0.754836884,-2.116314772,-0.696343585,-0.264674753,0.192123368,-131.7888426
0.227148438,-0.616183606,-0.376915016,-0.32734996,0.703201055,-0.519345073,-0.643488454,0.483706295,0.354177354,-0.828940741,-35.29309229
1.00128193,-0.29760711,-0.865738728,0.805801214,-0.752342503,0.042301422,0.446958807,-0.887219259,0.635128501,0.770379635,-26.59229706
0.034333389,-0.362499003,-1.503046859,0.995693754,0.150602493,0.105278624,-0.881433705,0.925676758,1.164411741,0.090309799,-32.08101268
-0.462532966,0.387679879,0.103078222,0.023980019,0.237731728,-0.324619674,-0.750626822,-1.375085233,0.002183591,-0.299549411,33.90275829
-1.73026273,1.333885746,0.007362681,-1.478546937,-0.922412985,-0.05477836,-0.487633421,0.71658934,0.693923233,-1.436253865,-179.1170687
0.255977146,-1.119250242,-1.199204325,0.447696266,-0.242583036,0.045960936,0.54445987,-0.335515832,-0.140275586,-1.094494361,-77.65104585
-1.11158025,-0.035825579,0.879417041,-1.077376077,1.451001438,0.330851305,1.37649645,1.466540859,0.687065796,0.31313214,44.85153042
0.396366956,0.169747768,-0.028217879,1.364326244,0.667245147,1.189226461,0.662536033,0.817981544,-1.039220164,-0.822855902,160.8855001
-1.48326899,-0.106982772,0.11529227,0.20415956,-1.120458982,-1.298150176,-0.072748598,-1.685949201,1.133347994,-1.110127941,-19.07987853
-0.317712095,-0.356118401,-0.171819836,1.309107521,1.29795684,0.00663173,-0.119966499,-1.490305685,-0.146740378,-1.412427134,172.2012167
1.598538112,0.802128459,-1.851842732,0.783589665,-1.423682637,2.169936588,-0.678643061,-0.259800141,-0.781156378,-0.318237528,-140.2636725
-0.045586016,0.243339449,0.650201178,-0.099175864,0.872457328,-1.280304399,1.846636996,-0.69190807,-1.525525171,-1.070084766,94.1273532
0.297001294,1.080355801,1.193394436,-0.085939472,-0.241958212,-2.244889294,1.529330654,0.10958225,-1.838269734,0.452941593,90.37035865
-2.941628472,-0.587056938,-1.108187108,-1.288741896,-0.414205001,-0.596125779,-1.645554453,-0.690421035,1.631991007,-1.329520958,-238.9098794
-1.14815233,-0.591294784,-0.073934517,-0.377802666,-0.163291581,1.045163868,1.283177226,-0.276244035,-0.722991728,-0.941062017,-51.45536616
-2.145136244,0.914213001,1.477022404,-1.766528923,2.077617684,1.301808877,-0.460418141,-0.043826817,-0.400285652,0.33581712,42.33677636
-1.248274756,-0.456041674,0.509663108,0.478409683,1.433750034,0.49979173,-0.471642579,0.328208968,1.23631818,0.220109824,133.9990629
-0.805813663,-0.374742919,0.592892594,1.319067074,-2.612366377,1.910252823,-1.556336982,-0.730910147,-0.393703639,-0.720596857,71.16141943
0.20001124,0.918617605,0.079036445,-1.219814679,-0.278640842,-0.458805577,-0.151897225,-0.298115658,1.637042214,-0.063743317,-117.75549
0.646904523,-0.684440402,-0.283706728,1.190474985,0.69281521,-0.790017097,1.021962777,0.960932179,-0.339530157,0.211209399,123.1017756
0.084341032,0.849456255,-0.231375957,-0.022677525,-0.85430965,-1.74171662,-0.670090574,0.186161956,1.979948368,0.912023671,-57.9404757
0.413147476,-0.233208498,0.277515859,0.320187855,0.192004237,-0.309509886,-0.138335282,0.906787273,3.157771283,-0.377423401,57.36705672
0.936680944,-0.300340548,-0.166056118,1.189854204,0.197972125,0.623866784,1.336019687,0.634630206,-0.701898105,-1.161382147,107.4553438
0.364767853,-1.088917269,0.085046048,-1.13553011,-0.272846796,-0.816793727,-0.458478461,1.270386028,0.127380634,1.014897254,-109.0041435
0.793225718,-0.745620467,-0.460187049,0.460422268,0.49177989,-2.525831686,-0.896469438,0.568352149,0.913280618,1.196260988,22.9417866
0.450603413,-1.86981634,1.649480894,1.07061056,0.855555659,-0.706892568,-0.72960247,0.572390311,-1.293141544,0.361417317,284.2895433
1.27951867,-2.216818839,1.712040284,-1.74763651,-0.876773781,1.220821299,0.434770065,0.424393938,-0.795557068,0.475430683,-44.53041352
0.722776774,0.188612342,0.763945364,-0.044919538,-0.566670593,-0.152499678,-1.319195053,2.393012295,-1.128963265,-1.931452289,47.18290826
0.246456627,-0.086555482,-1.299089035,0.087268339,-0.080179917,0.144862629,-0.397923011,-0.471454213,0.025881762,-0.216787818,-119.4078253
-0.022300284,-0.688885543,-1.151153737,-2.839078659,-1.416227056,0.862223512,-0.809380821,-0.221513263,0.516946516,0.956703186,-442.0897063
0.227015737,-0.590426954,1.633870278,-1.020601973,1.124176785,-0.883055122,-1.039430963,-1.133819194,0.956128606,0.039981934,69.0522358
-1.54883128,-0.534622095,-0.349906866,-0.375644621,2.103910958,1.538777291,-0.360619367,0.884177461,-0.358179097,0.062489986,12.33845397
-1.202149526,-0.395680712,-0.288548696,-0.783753521,-0.709441002,-1.371673697,1.734936576,0.204389032,-0.555546779,-0.856772094,-118.7805068
-2.00046108,-2.982541912,-0.837789624,-1.843095772,1.20649462,-0.44311421,-0.987532927,0.604493656,-0.302852244,0.60604268,-204.5794282
1.284080277,-0.170172531,0.241043278,0.603917041,-0.720153977,1.589895595,1.512067949,0.173067649,-0.539429794,-0.153897774,63.58564396
-0.361230193,0.122490925,-0.133779373,-0.860438468,-1.52498494,0.141114497,0.694326381,-1.991140149,0.499821636,2.572752389,-151.1484102
-2.080282617,-0.795175012,1.30898941,-1.510924562,-0.325421271,0.49294981,1.12277124,-0.924408568,-0.568828588,0.661185475,-20.48480605
2.054567307,-1.315356942,-0.88693802,-0.495799531,1.892056425,2.639206105,-1.47149923,-0.367136997,-0.212843163,-0.841655067,-45.29085088
0.962217701,0.952686755,-1.096928092,0.807060562,-1.02716446,-0.537106415,0.51321105,0.142451759,0.508190655,-0.066573449,-65.23136414
0.332950345,1.658658272,-2.564086132,-0.666800681,-0.582504166,0.147100331,1.076694125,-0.763444929,0.078409481,0.07280902,-310.1408585
1.288075725,0.014508999,-0.185924481,-1.599394762,-0.735116801,-0.05790775,2.277086498,-0.440259204,-1.031966284,-1.234511998,-194.6193431
1.122481276,1.980289034,0.466424234,-0.441746859,1.616894711,2.131763959,0.36641779,-1.060033195,0.828986613,-1.926195726,55.76121866
0.815240683,-1.001171112,-0.277571473,-0.227940786,0.226748097,-1.16003737,1.539366303,0.888746722,-0.913554912,0.081212137,-29.49575498
-0.687624719,-1.052508911,-0.32457674,2.097011911,0.68591112,1.487449388,0.491661175,0.535512545,0.25651374,-0.968962055,178.187057
-2.487456759,-0.458223029,0.618068494,0.346527018,-1.808295328,-0.939565167,-1.008433021,1.414110391,1.537396731,-1.529748955,10.54363977
0.51658497,0.921516969,1.054035683,-2.464674485,-0.33727897,-0.453941547,0.012983829,-0.528246295,1.360611205,-0.39996135,-158.6397016
-1.819051015,1.868527188,-0.434794693,0.815594245,-0.526482355,1.540752377,-1.622974962,-1.171933929,1.097484971,-1.21346336,22.2168339
-0.002785449,0.315665318,0.224494982,0.298175703,-1.720072732,1.089558824,0.266076661,-0.211316933,1.186073075,0.046183617,-14.68217397
0.459322599,-0.857796979,-0.985717379,-0.234300915,-0.76822206,1.447407633,-0.386003935,1.347129768,-0.09820828,0.003806834,-119.1750532
0.554011312,-1.967646205,1.194239569,-1.042269086,0.026094801,-0.153829113,-1.930201586,-1.018435193,-0.390963704,0.710511881,6.754983197
0.564591901,0.790263318,0.909218921,-1.276482527,-1.233319736,0.478426201,-2.341530409,1.756929058,-0.855893804,1.237262585,-108.4024394
-0.696014093,-1.525935883,-0.942102205,0.128491249,0.182326167,-0.246564188,-1.748379644,1.025352485,1.33523077,-0.376731914,-81.16449103
-0.615397434,0.494517703,1.672929555,1.0567146,-0.057380629,-1.538794057,-0.979691019,0.812033728,-0.175844851,0.415394714,244.9386555
1.072325184,0.350347717,0.640682068,0.423823145,0.017791324,1.043135736,0.16440658,-2.065248687,0.162255875,-0.868598432,89.91583279
1.61297139,0.853551908,0.207244662,-0.485529976,1.355828471,-0.300708378,0.93857154,0.393625415,-0.497997556,-0.318202458,43.04461914
0.940300374,-1.468929337,-2.18911567,0.547850845,0.1421694,-1.341763915,0.656089927,0.516059284,0.190602703,-1.632618045,-124.1712392
1.154356286,1.388090032,-0.095042004,-0.946784064,0.075901023,0.481741033,1.812140587,0.376656592,0.412253974,-1.463393629,-76.11304467
-0.693329905,-2.244181542,0.477634391,-1.319728656,-0.801937475,-1.90979767,-0.131594082,0.538838704,-0.184725912,0.426631786,-105.2735913
0.357576628,-0.221273597,0.50528698,1.611593297,-0.840951336,-1.139185488,0.285879816,0.13484522,-1.09044417,-1.109960718,171.5436334
0.151035731,0.289276911,-1.625682707,2.332049604,-0.001984624,-0.026915881,0.231980329,-0.874154695,-0.339991111,0.437567346,66.33873683
0.39482002,-0.526165371,0.352011591,-0.213677171,2.340722612,0.080713727,-0.899447976,-0.879606309,-0.991442284,-1.442888574,100.4987568
-0.896341109,0.908012795,-0.821573304,0.709615219,2.157515217,-0.080555651,-0.246331605,-1.719688808,0.922180885,0.244807248,72.013017
0.190923732,0.10714533,0.595323288,-1.405859686,-1.17066253,-1.291455564,-0.297895345,-0.38555898,0.416659061,0.618289303,-115.7344059
-0.339605503,-0.25277166,0.308351621,-0.851799517,0.292965294,-1.04525869,0.155685257,-1.314945715,0.521791875,-0.934947837,-29.9622473
0.915935247,-1.749463168,-1.847597557,0.656811024,1.39155234,-0.257043026,0.488371112,0.464790939,-0.355231027,-0.674566557,-70.91360952
-0.493678158,-0.511098967,1.331746057,-0.88973875,0.874634111,0.081910913,-1.509238594,-1.577068268,-0.814691767,0.932959153,57.52383502
0.137341325,1.189642645,1.968757309,0.939735482,-0.390409186,-0.367022615,-0.760600664,0.391551175,0.118350066,0.570940994,244.6496873
-0.654714966,-0.000799109,-0.677894706,-1.533700679,1.269745986,0.636751266,-1.162042502,-0.172005152,-1.219752159,-0.096342599,-150.527364
0.842091831,0.493030048,-0.216885336,0.773517813,0.474450616,-0.044063609,-0.391925483,-0.152557283,0.496447097,1.376453373,69.01743075
0.21179242,0.033937885,-1.231499577,1.082624921,1.291330729,-0.283292959,-0.494880658,1.107311669,1.627118052,-1.284369408,42.04566963
-0.584400977,2.452369913,1.056724911,0.966807104,-0.737029361,0.336277889,0.719168666,0.648881926,-0.083089328,1.819771787,181.0906972
-1.72982548,-0.214787168,0.95501349,0.554691048,0.140043072,1.112955338,0.548303001,-0.356170409,1.020905884,-0.33193319,147.4166966
1.29854133,0.614036264,0.998084173,0.043204049,0.125408679,2.208046048,-1.037795473,1.535530773,-0.62212748,1.476743671,98.55081597
-0.57117899,0.572582781,-0.247177383,-0.681984248,-2.041734868,0.208382808,-1.00162001,0.640842861,1.797686527,-0.281100293,-171.9639942
0.693129476,-1.138591648,0.664927127,-1.22257737,-0.016109292,0.22328729,0.303589877,-0.604899722,-0.957939219,0.247986322,-50.60029142
-1.195070564,0.053514274,-0.634795482,-1.613130019,-1.197853745,-0.699318873,0.683062582,-0.954404051,0.560529285,0.394523605,-240.4926885
0.47096707,0.734964816,-1.502388982,0.107186465,0.998304569,-2.1471321,0.333002129,0.271211475,-0.283079074,0.326563016,-80.07159507
-0.273992473,-0.409017848,-1.560241978,1.854662134,-0.917028029,-0.054351274,1.13129905,-0.100046311,0.155751908,-1.392512567,8.112195865
-0.076865407,1.313473161,-2.102600692,-0.673539648,0.200738541,1.405647598,-0.858216032,-0.107444882,0.56291066,-0.546264009,-255.9110406
-0.665422298,0.721903485,-0.235916529,-0.406885245,-0.256280824,1.103933547,-0.534756671,1.280939577,-1.497257645,0.294971456,-62.06351951
-0.19526735,1.611424552,-0.471110626,0.467076787,-1.124828391,-1.91605264,0.087898362,0.417648814,-1.834035145,-1.312483947,-38.47637193
0.682338782,0.946577004,-0.001828759,0.139982096,0.297160024,-3.241513825,0.053897347,0.632216314,0.557408557,-1.326262162,22.5155868
1.042746633,0.044447919,0.22384669,1.425910332,-1.490349807,1.131678537,1.33280173,0.609285116,2.348018509,0.358909981,111.2313209
1.170932786,-1.229194952,0.734529218,1.655042221,-0.863212759,-0.085176092,-0.847671949,-0.028655661,0.02000322,-1.397055023,176.1510029
1.304834763,0.135176241,0.192861843,1.518422031,0.676994097,1.123427287,0.420268529,-1.841919079,0.606942608,1.304962689,199.423773
-1.232184678,0.679117332,-2.060019417,-1.09751467,-1.516355704,-0.331042731,0.045684327,1.352281083,-1.040948901,-0.602184129,-339.2112028
0.650667629,0.425910967,-0.889844771,-0.960779558,0.227405079,0.86780546,0.254127687,-1.03459796,0.391881262,0.697050979,-145.7053079
-1.135254185,-1.640581039,-0.48220568,0.028846469,-0.907675571,1.961309388,-1.46315366,-1.087242212,-1.288004625,0.431948223,-75.45510552
0.383190385,-0.400136063,1.106625309,0.706928985,2.209628652,-0.35432234,0.650610896,0.194607598,-0.995642407,0.983926909,250.0770365
0.523323783,-0.800590342,-1.167865307,-0.328375259,-0.452690149,-0.111847104,1.107721096,0.146475612,0.6443105,0.566602148,-158.4712983
0.501604488,2.445938931,0.419081013,0.048955024,-0.491877003,-0.119719115,0.447494336,-0.118336345,-0.179673044,0.442384723,29.92315263
-0.373035,-0.168005386,-1.125171735,1.645751097,-1.680170249,-0.678047643,0.496970012,-0.626006208,1.164993318,1.000082063,-20.37480706
-2.059160484,0.798501338,-1.532598235,0.26930619,-1.409215798,1.466442391,1.149487364,0.58099954,0.407689737,-1.574341718,-161.585687
0.62369321,0.015584573,-0.189786746,-0.981690716,-0.813542573,-0.334701468,0.526148825,0.967778862,-0.28748417,-0.605668382,-134.1819463
-1.870791921,-0.351513484,0.871124703,-0.326023532,2.075400799,0.289774857,1.201213922,-1.008086311,-2.038124535,-0.408075373,139.353617
0.587848091,0.728894936,-0.711809282,-0.06826672,-1.646562184,-0.124117111,2.01220394,1.690627969,0.157739073,0.37110196,-127.3721899
0.147225011,-0.315039087,1.752428788,-0.291520054,-0.090699161,-0.335212793,-0.350569393,-0.709841365,0.69007316,-1.869979523,137.7257871
0.062252459,0.688969336,-0.255743714,0.695573513,1.731692989,-1.462331609,0.723623511,0.84036882,-0.656929195,-2.489537092,121.051098
-0.39845657,-0.582302131,-0.177811109,-1.397098933,0.366451805,-2.609899364,-0.516613858,-0.198681116,-0.368149667,0.441825227,-135.7972773
-1.616713375,-0.229382332,-0.225656381,1.389024363,0.12861745,0.81398086,0.637324683,-0.034550624,-1.392735472,1.616300043,125.0826196
1.35111409,1.29274529,0.827115429,0.157974312,1.32527609,-0.518252639,-1.271919001,-0.375633666,1.062657291,0.211396567,124.5075931
-1.443604262,-0.482909839,1.471034691,-0.69949522,-0.576419576,-0.231300943,-1.037066074,-0.950063497,-0.796136803,0.665368935,44.55596991
0.710787892,0.60886066,-0.235638753,-0.242539069,0.519753727,0.541451094,-0.970798732,0.197029642,-0.056801777,-0.701154304,-30.48283503
-0.460462071,-0.338366669,-0.257512401,1.426169306,-0.904417229,-1.965040773,-1.087351708,1.155279103,-1.440349115,-0.605729981,69.51095175
-0.96523424,-1.259934414,-0.040970121,1.192530828,0.519196981,-0.598601814,1.127758532,0.294975293,-0.537768683,1.085294722,137.2383828
-0.081942482,1.937384241,0.100048628,-0.202720029,-0.644202998,-0.035638561,-1.19999558,0.04191804,0.442753321,-0.511197799,-55.07486793
-1.18713354,-0.975771025,0.902773547,-0.085289128,-0.568314654,-0.744814874,-0.004716411,0.48232997,1.011130502,-0.197712555,45.01982456
0.853663007,0.237483992,0.080025974,-0.830158316,-0.524849652,-0.196551682,-0.476857701,0.848847282,0.182096222,-0.289066065,-85.23117837
-1.004029961,0.455267824,0.331794489,0.17772374,-0.512138032,0.422535425,-0.427388019,-0.871871522,-1.029224311,-1.395584228,12.32877029
-0.349439327,-0.772568749,0.887503967,0.760846654,1.528031359,0.671531172,0.060085995,-1.332777397,1.249504901,0.388312005,208.6198265
-1.917348886,-1.471126405,-0.853823088,-0.643183342,-0.44360683,0.688205306,0.698953072,0.01502775,-0.117654932,-0.629037861,-149.9417638
-0.835347053,2.145149128,-0.718407266,0.894924377,-0.692905198,-1.243863235,-0.294949678,0.278994162,-0.673490624,1.247742073,4.61122799
1.565524029,-0.065750261,0.132969674,-0.700120815,-1.026515299,1.07363175,1.195046629,0.377211875,-0.558921847,-1.523186905,-87.36713537
0.955872424,-2.353232827,-0.84830905,0.272335067,0.200141323,-1.44253131,1.802044908,0.324291754,1.62778732,-0.155013891,-33.01978621
-0.016073886,-0.072064211,0.181615215,-0.211502007,-0.875209201,-0.780975293,-1.76858567,0.727279376,-0.318403574,-1.025793585,-42.42145815
-0.556164569,0.148760733,-2.369024312,-0.197355155,-0.330006869,-0.647652756,0.924357368,0.046936298,-0.496205876,0.567217905,-251.9191818
2.156349632,-0.380694624,0.57122421,1.390643596,-0.803434274,-0.317102833,0.470013661,0.516825266,-0.986440499,0.103381996,156.7217622
-0.435710832,-0.032874485,0.528036005,-0.768435517,0.994378731,-0.55813326,0.049094731,-0.262233569,0.685890456,-1.351707532,-2.77388948
0.505692501,2.195973053,-0.325462532,1.246596314,0.640746381,1.480492153,0.446860116,0.465238217,0.225562017,0.232660092,109.9644971
0.67893129,-0.136995489,-1.026369208,1.230000573,-0.242681277,0.706078914,-0.964705426,1.590582073,-0.28438465,1.628468555,12.26469058
-1.194627603,0.0028232,-1.17126821,0.253724503,0.100808854,0.526928531,-2.458741923,-0.096055086,-1.409356857,0.4138592,-98.04799756
-1.344886781,-2.142719846,0.462547923,0.37706091,0.951021336,-0.980970919,0.781428919,0.809779273,-0.378984074,-0.425192953,126.0812758
-0.025574312,-1.769075905,0.476357769,0.505470159,-0.9735462,0.807122597,1.060209907,-0.508963626,0.392415967,2.759660039,65.24573016
0.292192728,-0.187329018,-2.087027019,-0.584617731,0.458386704,-0.637307747,-0.031058933,-0.667779556,-0.936506375,-0.909683417,-235.0854653
0.747012807,0.969029154,-0.22064635,0.074164232,0.44084306,-2.663640631,0.131277799,-0.688149439,0.652670269,-0.762142727,-2.127147433
-1.267336966,-0.669356096,0.289304636,1.141830928,0.154850448,0.829273687,-0.739136559,-0.196811123,1.634605512,-0.219970087,117.7044892
0.129998226,-1.063036273,-1.566959371,0.407090383,0.336499789,-0.672393584,1.953059696,-0.710015443,-0.759802132,-0.994856352,-81.41169773
-0.098588132,0.018849623,-0.224855982,-0.650002581,0.076851883,-0.131256967,0.168654672,1.41093238,-1.090399077,0.44194065,-86.65929564
-0.19370538,0.540287944,-0.805095181,0.188475761,1.233724278,-0.272410017,-0.656689346,-0.220538229,-1.510041212,-0.260309041,-16.12991139
0.887308962,0.034741234,0.642121004,-0.759651761,0.444874917,-1.47623048,-1.023734445,-0.606663941,-0.990860754,1.017174214,-7.489202634
-1.465491555,-0.521171426,-0.90379678,-0.238846457,-0.780913466,-0.757634872,0.002504061,0.565354187,0.096757268,-1.32563591,-135.3166731
0.09806754,1.295871782,-0.730956276,0.75792185,0.358453618,-0.535335087,0.685507739,0.668654805,-0.175563945,1.848608833,15.0566424
-0.300569391,-0.446977553,1.177208787,1.834134564,0.925904177,0.735655144,-1.771422551,-0.469729796,-0.803723661,-1.229883115,325.8452194
-0.122771426,0.902325761,0.687177475,0.274215035,0.004438523,0.520776445,-0.069219408,0.623255423,-0.270536737,-1.326434827,76.95789378
1.132926387,2.060422698,-0.566813318,0.810913773,-0.522414728,0.099014449,-0.65374203,-1.668713862,1.222711793,0.91540297,5.654778725
1.427305364,-0.419434753,-1.395448505,-0.707910941,-0.057395365,0.507020272,-0.262746748,0.652330338,-0.739028658,-1.595893969,-203.8010671
-0.029638657,-0.975689343,-0.445609716,-0.56631227,-0.46503234,0.449352818,1.469290278,-0.619389511,0.197740336,0.045351961,-116.5709835
0.965890561,0.897044961,-0.791695863,-0.686270739,0.772488104,-1.712881908,1.681292405,-1.189097916,-0.809059502,0.396654254,-82.17227201
-0.297861192,1.1455328,-0.654662974,-1.052008158,-0.590805551,-0.497627683,0.269277274,-1.407573994,-0.420426256,-0.318070306,-181.0052335
-0.944823894,0.387786827,-1.234801386,0.706863633,0.489124362,0.317374216,1.346013823,1.635629501,-1.796783246,0.404585474,-16.55527163
0.551964259,-0.344098028,0.480586758,-0.872988967,-1.265258409,1.040954174,-0.206984589,-0.836980354,0.822350471,-1.031025275,-74.28423847
1.281383398,-1.889703484,1.383135647,-0.680152366,1.122203333,-0.203318285,0.181781233,-0.262575659,0.373653406,0.294418978,90.63357124
-0.04921975,-1.246053775,-0.12735409,1.018455957,0.005824058,0.961958663,0.600652372,-0.823699775,-1.147155377,-0.735570446,90.29517507
-0.149313422,-2.566119386,-0.118852482,0.50116207,-0.571738582,-0.17690009,-2.176779701,0.062150906,0.309138187,0.39411193,6.27513406
1.379735211,0.5338377,0.598912719,0.180743895,0.368796308,0.442853494,-1.462928207,-1.449748451,0.284746561,0.506955535,69.37624283
0.734830246,-0.367628411,0.767651305,-0.476450062,-0.841277963,0.336074202,-0.711104863,-2.452827355,-1.356069243,2.001587266,-8.461530552
-1.104668356,0.535640225,1.293989213,-0.29116377,-0.262816823,0.438023605,1.055054549,0.365396208,-0.959972519,-0.334206998,91.15084903
0.39999413,1.403973256,0.219370648,-1.998877736,-0.032901891,-0.30192165,-0.029308621,0.506336005,0.221034543,-0.832652075,-177.1716165
0.837417509,0.408257706,0.142902527,-1.82246366,-0.509072999,-0.315331882,-0.361116466,1.411064664,0.423678989,0.540250883,-188.290165
-0.098705515,-1.603608788,-0.892557801,-1.104812788,-2.261199563,0.938884907,-1.199856774,-0.943766282,-1.44727941,0.005570194,-259.9940734
0.856459813,-0.013862135,-0.285872255,0.161513499,-1.12196812,0.245276932,-0.432121043,1.179424468,-0.838623674,2.440923965,-51.0046535
-0.106739209,0.904470663,-1.064219701,-0.368647458,1.599091209,-0.890291388,0.569745102,-0.734816974,-0.216319707,1.45076664,-71.53434012
0.393797298,-1.927672579,1.738851352,-0.321242766,-0.635557841,-0.116765916,1.832557043,0.368733147,0.482066727,0.814151762,100.7793314
-1.53270056,-0.196280651,-1.097368319,-1.476924928,0.157761439,-1.390221925,-0.739371407,0.243004722,0.950015829,1.191899334,-214.0899455
0.790371896,0.340051295,-0.493122822,1.443632003,-0.689727774,-0.013837746,-1.256506894,-0.279760168,-0.27896293,0.813205187,66.71874801
1.431787525,0.568973444,0.062346683,0.074625278,-0.119727767,0.249271693,1.175163753,1.53941796,0.468146164,-1.404469575,-4.700421153
0.883383434,-0.441901844,1.109714739,-0.347446404,-0.160308349,1.060359166,0.474825528,-0.459674644,0.862151638,0.591974872,64.22909733
0.521941566,0.296984673,-1.607483235,0.184633859,1.307142754,0.227459935,0.259882794,-1.320456613,-1.236950711,0.781822872,-96.41467325
-1.135119419,-0.866730233,-0.065310712,-0.662188548,0.263035182,0.450598331,0.516134966,-1.02074021,-0.501229007,1.529883488,-52.26058188
0.419579298,-1.55189575,-0.008250969,-0.334586249,-0.146366176,-1.203818447,-1.578424976,0.633503956,-0.634836352,-0.637825522,-40.30131501
-0.993354518,-0.989262369,0.153962266,1.505507149,-0.901591259,0.963917703,-0.089764887,-0.682344426,0.055212354,0.086094372,130.3327443
1.043227689,-0.561014216,-0.446936071,1.46940953,1.040090157,-0.99348014,0.244705997,-0.733177576,-0.19994269,1.405885389,143.3441568
0.42615656,-0.980388251,-0.718483985,0.783465648,-0.499201998,1.870138693,0.70826622,0.011369909,1.889282454,0.7756753,-0.577532764
2.158019011,-1.05762893,-0.746520739,-2.253756415,-0.400735799,0.990802856,-0.936498313,-0.610458266,0.158566695,-0.946027746,-297.8945145
0.309952471,0.097728172,0.396150866,0.339152299,-0.829052839,-0.400743088,0.290027013,0.876966102,0.340145415,0.114495539,43.72488786
0.920000985,0.367655547,-1.208251451,1.136605887,1.671611693,-0.576590925,-0.587442443,0.923096947,1.705717761,-1.323795445,58.47894207
-0.856169841,0.035566074,-0.565576368,-0.471315721,-0.283218039,1.481960768,0.718417423,1.665351918,-0.64166682,-0.157746983,-87.69689457
1.15083465,-0.086384984,0.033551597,-1.303001922,-0.005587134,-1.482913041,-1.473280173,0.19028291,0.871705131,0.48661948,-105.0635897
-0.454794717,-1.039806531,1.558789184,-1.53046141,-0.777371485,1.146030144,1.629642131,-1.890010171,-0.242698748,-0.372675584,-31.12133643
-0.699600809,-0.209375613,-1.619173057,0.629739514,-0.618175042,0.173947208,-0.265920074,-2.14143088,1.86404853,0.556874722,-106.4904577
0.47458382,1.232909374,1.587580913,-0.575585454,0.273319645,0.24176689,-0.22252208,1.344105694,1.136534856,-0.106199372,93.554761
1.049552715,-0.535235212,0.05963037,-0.646936778,0.924633683,1.399355437,0.698223314,0.635171802,0.89519322,0.393485385,-12.68149748
-0.558282393,1.215774756,1.220570292,0.301788831,1.379023241,-0.020701003,-0.29613958,-0.036499277,0.867660141,-0.12337891,189.3911606
-0.711927057,-0.7501222,0.451790756,1.548894608,-0.629906043,0.371743909,-1.012183581,1.175426062,-1.113105738,0.753774711,139.1221625
-0.376790988,2.923553663,1.63559973,-1.12411609,-0.158436915,1.089620398,2.390294505,-0.567188299,-0.048002732,-0.87878568,58.85807796
-0.863189712,2.040133886,0.182170628,0.891877635,-0.509893953,0.362449882,-1.227014077,2.401583661,0.184962587,-0.679905897,71.86341765
0.067855511,0.852773675,0.919228935,-0.668144086,-1.438277978,0.113270411,1.873297776,1.281016362,-0.447321896,1.080048066,-26.40739908
-1.005607936,-0.454994007,-0.018994515,1.414569372,-0.029205772,1.120606312,0.678615246,0.400540179,-1.417710494,0.729418547,147.4469816
0.092174168,-0.005540239,-0.061445681,-0.638954851,-0.598480226,0.009060054,1.361711456,-0.189468083,-0.174768839,0.717060152,-70.9712451
-0.788585712,2.076796585,1.710658673,-0.665335803,-0.243012131,0.58598418,1.348870471,0.174056039,1.770882208,1.174933243,81.95565947
1.044291798,1.602964347,-0.948105344,-0.23334087,-0.381586697,-1.653971579,0.279841305,0.257995797,-0.394047285,-0.343538225,-124.7466953
-0.00288618,-0.189216224,1.205788804,-0.763699456,0.990641974,1.011707308,0.350809151,-1.508631582,1.502896423,1.092367044,81.28680899
0.639737507,0.452496456,0.697182621,-1.10718327,0.203276221,-0.390888267,0.260656155,0.057754147,0.573656963,1.317540819,-28.32070335
0.339141686,-0.99064731,-1.852342503,0.247085656,-0.554666875,0.121243732,0.530489799,0.252329973,-1.233694164,-1.574867612,-174.6527238
0.565340204,0.250606101,0.252209859,-0.318677181,1.055873536,-1.415072999,-0.643745283,-0.766714919,0.813635044,0.510783543,35.37549466
-1.508342062,-0.25134928,1.036244355,0.353508019,-1.189083707,-0.19053729,-0.119290306,2.018565712,-0.744860279,-1.571052205,84.55738823
-0.184610994,-1.157712924,-1.089513408,-1.434580861,0.123457556,0.700595397,0.106505401,0.745856518,0.919261092,-0.542696874,-246.8236588
-0.839288437,-0.428808609,-0.36799994,-1.103598959,-1.094481081,-0.441629545,-1.79644528,2.591466871,0.048906799,1.963392581,-175.1979881
-0.650656621,-0.326647563,0.658143036,-0.395283548,-0.447877645,-0.062893867,1.592964096,0.069704269,-0.89154349,1.465210503,22.58712457
0.694774171,2.073709431,0.885840747,1.335960556,-0.957806435,2.011491113,-0.36001486,0.353216773,0.574956683,-0.700724578,155.6105156
0.479510563,0.539654774,-0.908153949,-0.422200685,0.096897876,-0.530089586,-0.217950906,0.378226285,1.855118573,-0.233907985,-120.0036096
1.581314716,-0.372736559,-3.236993693,0.080887119,-0.616927462,1.001483972,-1.517497758,0.315643308,0.181192448,-0.827699477,-305.0255722
1.211427504,-0.50544721,-0.179630373,0.779130626,0.095350274,-0.832476622,-1.577228371,-0.259596722,-1.638245659,-0.850197746,55.69155121
0.327821173,0.92427014,1.870965175,0.389614177,-1.879924385,-1.585983312,-0.868292732,0.003375507,-2.635747739,0.534629086,134.1801471
0.394488195,-0.582304645,0.392575677,-1.523255932,0.668639679,-0.549624195,-0.678993883,-1.464939579,-0.131482786,0.819121707,-96.45822233
1.208323286,0.24478462,-0.753188913,-0.295480814,-1.790650993,0.18324191,0.207838383,-0.784566993,-1.037326198,-0.398592039,-161.6710599
-1.271548521,-1.153084332,0.460797244,-1.522334318,-0.413894942,0.766388477,0.797975255,-0.092874501,0.012169682,-0.555109228,-103.7004287
-0.513900627,-1.198951398,-0.17529453,0.399317602,-1.078512741,0.107169915,0.360393395,-0.507008659,0.29096473,0.504287853,-23.22903483
0.746057939,-1.527161033,0.072806129,0.09109401,0.558900524,-1.489244251,0.336517566,0.241452425,0.070098959,-0.350365844,30.10066098
0.797848608,-0.846607603,1.249043652,-1.072518869,1.068294012,1.572574147,1.444920255,1.647822413,1.044822414,1.966870787,55.05603874
-0.304939559,1.702020951,-0.578416238,0.204492042,-0.493190437,2.47247154,-0.754973136,0.75798676,-1.097669775,-1.441337594,-51.23700257
-0.049029341,-0.160360081,-0.103431224,-1.239052703,1.857702344,1.497431683,2.095843502,-0.812402349,0.678946988,1.594442392,-55.26581276
-0.31112649,0.468182186,1.485454565,0.394394733,1.727334962,-0.996658013,0.820048087,-0.856194971,1.027470055,1.230480968,238.2879339
0.067910109,-0.005012319,-0.066171048,0.642862762,-0.849208017,0.279764741,-0.288851308,-2.157997917,-1.344695979,-3.076196124,20.62290145
-0.582513596,-0.09833566,-1.458926455,-2.70470452,-0.673646659,-0.362931106,-1.826844466,0.835538916,-0.008218901,1.099029933,-435.2614704
-1.857386906,0.238944555,0.545456903,-0.070859167,-0.108343592,0.357864556,0.763164293,-0.433892818,-2.912160025,0.939932571,45.912367
-0.833141523,1.06596372,-0.402310023,-2.993706603,-2.552540152,1.274063584,-0.831287895,0.396627939,1.384871094,-0.49094895,-402.6355849
-1.191524141,-0.116588138,0.018149066,-1.434796421,-0.633250871,-1.81013847,0.031196506,1.818707025,1.408858598,0.469319397,-154.8702014
0.339616083,1.850044679,-0.328090565,-0.502943837,-0.897843421,0.471143081,0.372440713,0.119058289,-0.748398274,-0.128844489,-136.622952
-0.022766671,-0.29205403,-0.103302784,0.511235732,0.896278558,0.730602779,-0.895704601,-1.021983535,-0.204402607,0.66625854,79.58085934
-1.068520754,0.345414182,1.935861026,0.135855902,-1.636403019,1.454826174,-0.096000662,1.048116759,-0.436263032,-0.198059763,134.6798949
-0.851386975,-0.710791494,-0.924277504,-0.574215452,1.66289331,1.474827769,-0.519586262,0.347064519,-0.398448487,-0.484199388,-72.85253669
0.051376086,-1.169329847,0.349546986,1.941111476,-0.555713545,-0.566708482,-1.540753225,1.03084708,-0.263743836,-2.029185619,189.1179217
0.547412792,3.348207186,0.066640002,0.241556794,-1.192224849,0.167046553,1.267168637,-1.371193996,-0.409067834,-0.196764395,-10.09072609
0.261577484,-1.489609612,-0.584499216,1.338249631,-0.397740284,0.201785107,-2.043768702,-0.750038178,-0.620540875,0.876759989,44.24024842
0.113394392,0.458994002,-0.753862114,0.382653551,-0.253951706,-0.553177245,1.124932545,-0.276671772,0.409438531,-1.742771974,-42.32473715
0.282766968,1.214039365,-2.038331902,0.888147844,1.00557293,0.053263931,0.668764161,-0.299102251,-0.409163885,-0.154151658,-55.54714219
0.163871402,0.329633533,0.567330477,0.99441442,0.418215078,-0.746563352,-0.127156029,-1.05630813,-2.038446525,0.976497703,149.6627033
1.879050624,-0.925731724,1.590487761,2.424399991,0.191299379,-0.040454766,-0.184800299,-0.094266341,-0.074389184,0.542772416,370.992082
0.560919448,-0.295480318,-0.436385891,-0.109609804,0.00642227,0.546284248,-0.088362959,1.598647171,-0.258796063,-0.37001103,-62.70728946
0.55201487,-1.1562072,0.570363744,0.564618162,1.017906792,0.147120841,-1.106156129,0.175736627,-0.399207459,0.522831863,137.9300768
1.187591818,-0.149680948,1.086758977,0.671259666,0.142621393,0.559811762,-1.380389847,-0.203298245,1.365328748,-0.80727777,169.5182169
-1.984409018,1.532639468,-1.060942995,-0.920524132,-1.295041413,1.878847618,2.598544729,0.175395412,0.994204266,-0.062452228,-215.0380415
1.477926736,1.815677455,-0.459475432,0.882924806,0.550573594,0.062446977,-1.215543212,-1.455473476,-0.790710619,-2.543093189,67.02607325
-1.360995789,1.338093648,-0.403361849,-1.863073895,0.186260457,-1.579753176,1.120889028,0.616953185,2.14844623,-2.107502767,-213.6498351
-0.316334193,-1.001803167,-0.453756118,-0.089436859,0.005586621,-1.744675024,1.06541563,0.445328162,0.758522541,0.224944151,-53.80340032
-1.004337826,0.126824685,-1.087748675,-0.123892363,0.392768363,1.683314576,-1.118523484,-0.300128787,-1.351290403,0.642855494,-99.17098676
-0.049209692,1.363290165,-0.766591273,-0.254442792,-0.113436497,0.528892096,0.472747223,-0.480151257,-1.233652939,-0.780348876,-95.67693317
-0.479524995,1.629318517,0.037563351,-0.152018906,0.611601562,-0.438427367,2.299969124,0.656406565,1.289131835,-1.441341746,15.24772017
-0.551957015,1.69395794,0.320403521,-2.143686229,0.031745274,-0.767799617,0.689849428,-0.659382335,-0.022347951,-1.169668503,-173.7524682
1.231304264,0.104046481,-2.009733367,-0.549054431,-0.961251487,-1.292303375,1.510731652,1.017147674,-1.198361547,0.264824242,-244.947444
0.864137819,2.111239019,-0.133434836,0.20267829,0.670917809,0.773407213,0.742976161,1.165707841,-0.306636674,0.541519217,50.53281053
1.447796418,0.938640023,-2.83303029,1.359189494,-0.559546285,0.786406212,0.76050612,1.56818243,-0.607568792,-1.74294753,-146.3894707
-0.144732399,0.354048509,1.797838733,0.576446493,-0.699582696,0.014033734,-3.655086515,-0.799797938,-1.384088992,-0.486391769,175.2127806
-0.242728589,0.122728908,-0.577342016,-1.509993171,0.437506203,0.58843618,3.287761187,0.113334464,-0.325738893,-0.141149672,-162.1886424
-0.445114539,-0.303425628,-0.887893013,0.146425727,-0.19151365,0.725816758,-0.641233808,2.935966592,0.556015714,0.787803993,-82.93557862
0.200839839,-0.012431352,-0.290115365,-0.832604412,2.007988106,0.622483335,-0.525972059,0.299830464,0.121801322,-1.002942803,-41.03636796
0.584230207,-1.183678785,0.131477422,0.029180661,-1.27154025,-0.570940399,-0.492053012,0.670705765,0.976227086,-0.161223466,-4.836211578
1.392734119,-0.355829127,0.869329104,-1.854786451,-0.005536359,-1.480267457,-0.064392441,-2.505034589,-0.641566904,-1.215784441,-85.76268066
-1.291180534,-1.272082354,0.854831947,1.070350951,0.121779127,-0.76098679,0.232988667,0.464169534,0.61970618,0.183239096,209.1510089
0.055592147,-0.344962067,-0.541823061,-0.340939181,1.299224424,-0.350243335,0.739531287,-0.737722588,-0.840204579,-1.419475719,-28.97405993
0.530316445,1.24229914,-0.348710379,0.769909425,-0.350006031,-1.267551506,0.039744249,-0.107800149,-1.195742597,0.705991041,36.20157964
0.546486936,1.266605377,-1.550972565,-1.493946102,0.084574222,0.390964103,-0.853691473,-0.110735166,1.480479282,-0.343941977,-286.9759679
0.505337148,0.52783935,-1.481580772,-1.339469775,-2.618133199,-0.628670247,0.135190341,-0.281164042,-1.345335487,-0.326233704,-344.7206561
-0.06658574,0.630746687,0.009575052,1.348224307,0.213595013,0.389163797,-0.266284058,0.325726515,1.551993532,0.001237018,148.5651177
-0.263705306,0.557937782,-1.518995163,-1.077388964,0.667394438,0.433463674,1.107310534,-0.263499473,-0.424076593,-0.06086957,-193.680829
0.355563689,-0.708231559,0.504114269,0.283332225,-2.6397155,1.368619713,1.653918941,-0.808461087,-0.371302909,-0.23638587,-24.18936254
1.321973678,-0.83800702,-0.361076765,0.115154804,1.303360903,0.334800291,-1.363306256,-1.060839309,-0.334442892,-0.76555809,-12.40104429
1.103083278,-0.155755309,-0.164213784,-1.888523413,0.260706162,-1.097926363,-1.07025544,0.367165405,1.94401765,0.794926018,-193.0287626
0.739759291,1.485216584,-0.887962937,1.027883891,-0.914653735,-0.31906292,-1.828164928,-0.772508606,-0.342994226,1.617358697,-27.01343623
1.448820108,-0.315081928,0.919871516,1.01892324,0.185837629,0.11345604,-0.594210872,0.69881567,-1.040198711,-0.616143458,184.4308788
0.400368289,0.242291186,-1.528587982,1.557186632,1.668808081,0.218568889,0.075409129,0.560761268,1.675918788,0.488989531,87.35803464
-0.441475805,0.893347263,0.511555529,0.365431843,0.145758639,1.075934123,-0.121487105,0.986761617,-0.082136664,-0.860002475,79.47768711
-0.900929218,-0.384491549,-0.561040646,-0.206298629,-0.768065037,0.216255836,0.557471062,-0.38986216,0.07624033,-1.247362973,-83.54169886
0.350760873,-0.953750829,-0.183612222,-0.329322439,-0.020382444,0.511170524,-0.055855004,0.135027228,-0.795039136,0.478546271,-40.92781174
0.891219681,0.621434791,0.317255806,1.440814642,0.193849349,-1.337756988,0.372445175,1.109488562,0.405676752,-0.3028079,156.1796951
0.994693151,-0.001307534,0.231030326,-1.057016504,-0.51816529,-2.420217471,0.993987157,-0.298044174,-1.016700953,1.19100655,-91.78082549
-0.351802476,0.097302829,-0.668340578,-1.315129742,-1.36964918,1.052977457,0.005907809,1.018074499,0.374916834,1.465185143,-225.0337426
-2.351158213,-0.93906325,-0.568805417,0.12984783,0.16845077,0.248934612,-0.706329707,-1.268872593,-0.335283475,-0.171457931,-36.53772458
0.055143846,1.695223432,-2.685688208,0.842157738,-1.286796549,-0.879651398,1.429685115,0.084962438,0.38007414,0.555994964,-216.895986
-1.109455555,1.712711411,-0.319907278,1.390833548,-1.227828566,0.058608917,0.31880834,-1.360834978,1.896123276,-0.020921037,65.95252552
0.507083363,-0.913206901,-0.810314157,1.48847083,-1.36909186,0.837856778,1.693137492,0.577368298,2.218646904,1.415112727,32.21254387
-1.110454531,1.12793616,0.779922165,0.520002281,-0.407792377,0.723317579,0.640184645,-0.606962224,0.32777419,1.677788563,90.48095958
0.223914134,1.36414043,-0.601367644,0.319781934,-1.334025495,0.105375506,-1.592993734,0.552489954,-0.019637799,0.440474738,-89.97709598
-0.466318057,0.295811935,-1.064919753,-0.708868528,-0.528674594,0.472768468,1.442656769,1.282713958,1.213379133,0.955966526,-190.2959217
-0.940398916,-0.560760907,1.948342645,1.025109153,0.191897736,0.941181866,-0.653898388,-1.582176763,-0.047370703,0.02731338,273.6280409
-1.941669965,-0.403197718,-0.875813405,0.857449029,-1.479862982,0.780543483,0.968686844,0.265029116,0.698604849,-1.385082696,-60.29691368
-0.277657806,-0.572103629,-1.432266902,2.041028941,0.259179442,0.888220111,0.865136536,0.061152234,1.54462673,-1.414853867,72.39459812
-0.877484022,-1.407087195,-1.460500899,1.191260682,1.67711587,-0.476876461,0.675137056,-0.063745286,2.710794299,-1.716033248,38.1703304
0.506424497,0.563291896,-0.424913539,1.891580338,0.048848467,-1.551973012,-0.236572939,1.912200421,-0.476391396,1.950928997,138.0382983
0.413754203,0.242450181,-0.926239113,-0.261780722,1.474497368,0.646320163,-0.599355705,1.728329381,0.095027885,1.235431776,-43.4835974
-2.385008798,-0.181109562,0.478300392,0.033601707,0.389865158,0.643235419,0.383644385,-0.963499061,-0.635306534,-0.119454401,76.79021697
1.096069907,0.425321308,-0.887329459,0.771796177,1.726226546,-0.453636388,0.356252789,-0.732968899,-0.667189085,1.261519253,56.78423185
-1.428067176,-0.908066971,-0.104551389,-1.39429775,0.302962307,0.000539363,0.513521369,-0.425924599,0.409212579,1.92222456,-116.5215108
-2.23979163,-1.443115289,-0.087808352,2.079156698,1.281978362,0.186927053,-1.17581098,0.936506606,-0.539312924,-0.150583548,221.0915281
1.153590343,1.386349397,0.05225849,-1.060605066,-0.080878498,-0.091399558,-0.717016149,-2.105646942,0.97781555,-1.284584266,-100.9357606
0.556738543,-0.495297046,0.591297915,-2.196541289,0.860335129,0.73864683,0.013140757,0.239106546,0.991303613,-0.1865357,-124.1471265
0.089187697,0.202520883,-0.420355327,0.999149595,-0.816064188,-1.020625041,1.198482352,-0.705433724,-0.251280861,-0.29289083,29.96132767
0.377094727,0.514265592,-0.641112428,-1.49467022,-0.171445743,0.4098088,-1.367871777,-0.999171843,-0.698902882,-0.622140955,-207.5229883
1.949098076,0.060975503,2.318742267,-0.325391355,0.044129915,-0.28239632,-0.677429479,1.57309172,1.501594898,-0.152728992,181.3312699
0.072801794,1.710808544,0.525112943,1.041912604,-0.288977258,-0.241321388,-1.148207292,-0.875323568,1.605690108,1.838754501,122.3553601
2.735960159,0.568769695,-2.953823485,-0.523104307,-0.898873811,0.612156807,-0.866570554,0.695166018,3.285723714,0.349012269,-372.2016976
-1.02247413,-0.56029589,-1.666282442,0.662573141,-2.227241208,0.148030755,0.839110923,-0.197147331,1.099167562,-1.349487704,-166.2010723
-0.749775875,2.114543462,-0.141659198,0.237636403,1.56288982,1.442578172,0.081655225,1.599704201,-0.336435578,-1.611698442,72.94692383
-0.40248008,-0.017386889,0.747630179,1.599392137,-0.921365575,0.702437317,1.45785884,-0.177659819,0.555488775,1.604278037,200.2390483
-0.358706241,-0.500169097,0.119062078,-0.554015533,0.32474332,1.209279539,1.188599181,1.442591621,1.263189123,1.662412598,-11.93160485
-0.194080132,1.278485207,0.158683324,-0.396083966,1.424283414,-1.584327578,-0.377989746,0.261857207,0.5933366,-2.015221905,27.13095689
0.288693629,0.260321839,-1.193636832,0.919154174,1.775310893,-0.64622731,1.000582318,-0.250046515,1.3924653,-0.670620209,67.73637158
-0.303582784,0.466196955,-1.225417512,0.796298761,0.638843023,-0.486168102,-0.806173606,0.453359728,-1.106203309,0.271649237,-19.37228536
0.570486086,0.994414528,0.681634224,0.014108356,-1.422234502,-2.191978656,0.605513651,-0.814402821,0.570945695,0.064407522,1.793865648
-1.285864017,-0.505489755,1.059565573,-0.555280497,0.663646347,-0.759673018,1.038012527,-0.469346466,1.727963835,0.764213203,79.23297432
-0.818666737,0.265114005,1.125289774,-1.839275214,-0.457651186,0.628246068,2.445298965,-0.06918462,1.429961187,-0.886139933,-70.18911935
-0.778587047,0.644064923,1.126433717,1.601992655,-1.304003178,-0.461745041,0.978002976,-0.636256835,-0.344634837,1.270529224,199.5563179
-0.359629672,0.301107339,-0.412997822,-0.926698309,-0.557423053,0.595029466,-0.03143917,-1.785866492,0.573127813,-0.848428634,-142.5595437
-0.182805902,-0.481510038,1.135315215,1.019841279,-1.217961882,0.917938363,-0.232393035,-1.593999532,0.272671623,0.895021076,155.2999389
0.740421214,0.66988449,0.520794306,-0.492884912,0.968498803,1.540107824,0.749938393,0.58371142,-0.252353482,-1.686876951,49.83482419
-0.252395869,-1.97354091,0.068426312,-0.166054383,-0.254344772,-0.888314042,-0.265373581,-1.144095233,0.531405975,0.225995883,-14.95127207
-1.316119954,0.07431289,-0.083990223,0.476777691,-0.233310852,-0.30023926,0.644802819,1.227404017,-0.28207471,-1.386965476,42.7734771
-0.35084943,-2.21834776,-1.058440634,-2.498061017,-0.061075671,-0.668345195,0.200459631,-1.949561718,0.262066809,0.608905356,-341.2963461
0.625932096,1.369868223,-0.630232074,-1.570475045,0.396319682,-1.218176067,0.971344285,0.187007721,1.55716089,1.395101907,-192.2025495
-0.264320956,-0.443414147,1.010827698,0.376205,-0.755842458,-1.422706244,0.685681846,0.02146026,-0.05965401,2.150388393,111.4844786
-1.412682067,-0.69622838,0.205960716,1.744168136,0.3004161,-0.553045008,1.81492591,0.354840156,1.058105618,-0.597265373,199.9429087
-0.568128801,-0.522602925,0.681714895,2.353245639,0.502384183,-0.802788681,0.890908553,0.383626668,0.019410974,2.400784056,314.890382
-1.281490973,-0.748811671,-1.106344157,0.101655762,0.486287305,-1.855933287,-0.544274433,0.225788034,-0.804361502,-1.077743935,-87.86939308
0.225269722,0.60676215,0.096754918,-1.614749862,-0.406110357,-0.448908387,-1.445518148,1.07452979,-0.797438117,0.361914271,-150.673313
0.367787889,0.226375203,1.07474125,-1.267001976,1.015646733,1.111356184,0.525200966,-1.6550004,1.088496858,-0.156598566,21.55663792
1.68948737,0.123958406,1.975156589,0.491828718,-0.186859682,0.501295789,-0.447600217,-0.777105812,-0.143531034,-0.358182605,225.0318645
-1.963358643,-0.575308608,-0.560353156,-0.175358174,-0.724919343,-2.052782433,0.13175011,-0.581443086,-0.014925372,0.362450869,-88.84899187
0.665614666,0.531823433,-0.491568628,-0.932268327,-0.134938103,-0.807009383,1.804714373,-0.066545402,0.158482754,0.457955025,-112.3838591
0.987081666,0.464421467,-0.31531554,-0.480175723,2.067098253,-0.586350889,-0.562686189,-0.042276201,0.607228058,-0.470202609,9.606896546
1.512126142,-0.946153581,1.362759562,0.18911585,2.422555575,-0.981609264,1.581876093,0.325963605,0.081861341,1.212106713,236.777249
-0.884109141,-0.153785165,0.212299618,0.240580758,0.913391091,1.351088946,-0.303922648,1.312207994,1.237150975,-0.909652026,80.62537728
0.795432707,0.029174427,0.426790193,-0.685472853,0.28367845,0.463269569,-1.005695087,1.608077135,1.161211402,0.037647372,-6.978156039
1.509131013,0.605606233,1.159381043,0.973101561,-1.51188342,2.093197932,-0.779092739,0.18568858,-0.457633249,0.203235955,132.1772283
-0.71279432,0.93257352,0.960322219,1.524756664,0.090275144,0.930102262,0.547231832,-2.957031751,-0.076827877,-0.093459856,252.230359
0.179666039,0.952818777,0.0820869,-0.780217148,-0.944880501,0.145148696,1.046800903,0.840567698,-0.93539726,0.147318859,-90.10418316
3.078880808,1.119574911,-1.515191062,1.366874267,-2.301921165,-0.275051697,1.644967714,0.311250155,0.576556963,-0.24903604,-87.17563554
1.671659437,1.070882292,-0.941617766,0.505934306,-0.172524373,0.224590633,1.031018217,0.361252283,-0.258800864,0.874587646,-39.61752079
-0.358210497,0.18795342,-0.105927387,0.071834598,0.135550964,1.918869254,-1.245459984,1.220120253,0.759607968,-0.045405666,-8.017591157
-0.01653359,-1.27596657,-2.186278347,1.938200243,-0.606312257,-0.807669267,0.941824029,0.010888797,-0.899080936,-0.494806053,-48.15640011
1.078849567,-2.159268935,-1.874055503,2.196332235,-0.028901523,0.493254176,1.200800819,-0.23603419,-0.34513723,-1.284944662,33.78783316
0.832231639,0.561525111,-1.378949728,0.372452452,1.933617535,0.014402044,0.695278566,-0.632372244,1.098946005,0.342812777,-16.92469257
-0.494587988,0.569620786,1.170032968,-0.421960989,-1.720938401,-0.037883028,-0.5182778,-0.042420752,0.410879281,1.016555816,10.62072674
0.842513896,0.754958766,-0.515170899,-0.126518897,-1.438411167,2.057811177,0.43945269,-1.42222965,-0.024398567,1.267960487,-110.4004672
-1.499714811,-0.020979957,-1.531414982,-0.008076536,0.07226791,1.060828687,-0.618908125,-1.277913107,-0.02567526,0.91823088,-150.2628354
0.215668771,-0.352546243,0.885577082,1.781684786,0.238498926,0.139821359,-1.364676326,0.433749686,-0.276335295,-0.052473856,262.4794028
1.734762793,-1.070468243,-0.124300939,-0.078752886,-1.174142372,0.431283817,1.305582716,-2.336069605,-0.261945006,-0.7133109,-55.51156382
0.421222239,0.028680696,-0.162791682,-0.182286706,1.280518637,0.293136106,0.083001052,1.450847336,-0.894722999,1.11820486,23.54215772
-0.595489992,-0.334546029,-0.269410618,-1.453606445,-0.417022183,0.234717733,1.402764311,-1.595032217,0.651448051,0.687456398,-180.4951929
-0.822861416,1.293426875,2.122109457,1.135867516,0.185961254,0.903288121,0.487607368,0.47887497,-0.146888104,-0.936985874,313.0431162
0.33687469,-0.873256677,-0.027017168,-0.678870216,-0.213218373,-1.311550901,-0.562221827,0.798451422,0.469684481,0.843069301,-87.46223884
-3.094289249,-0.44722436,0.521891234,-0.278664771,1.087940253,-2.431121164,0.56271986,0.794774038,0.072375516,-0.978074263,67.1671023
-1.178451869,-0.055673869,0.128195082,0.016414517,0.088560131,0.070686701,-1.403840019,-0.531123023,-0.941763636,-2.261218464,8.442251442
0.462252329,1.046879032,-0.138567623,-2.56743591,-0.104820366,2.008909419,-0.447362949,-0.830234634,1.563961337,0.852015035,-271.0484511
2.097127212,0.302613526,0.199379921,-0.845628488,1.9686541,1.255226247,-0.545726041,-1.178941402,-1.030122105,-0.183090785,28.84268929
-0.92185868,0.938391334,-0.899373201,0.610244258,-0.453883599,1.370026376,1.607617387,1.676635341,1.260429399,0.416396259,-31.90943847
-0.048182927,-1.169861106,1.588415858,-0.569061833,-1.067882872,-0.385528375,0.786430108,-0.972996765,-0.058562051,0.675387606,52.11625432
0.355402537,0.772888178,-0.348645091,0.117957303,0.691515856,-1.047171415,1.065418039,-0.522872813,-0.414242656,-1.202209048,15.09361353
-0.713770275,0.524398506,0.966539809,1.568159398,-0.163093839,-0.751029603,1.111355313,-1.18193587,0.982176173,0.505737342,232.0608698
1.953107198,0.686956632,1.050049042,0.324658236,0.398992158,0.967794469,0.142990635,-0.02738432,-0.270366697,-1.726010619,138.1229087
1.528956165,0.563640504,0.369023366,-0.575076955,0.52120389,0.448656711,-0.956689598,0.621278253,-0.793861152,-0.223290361,-1.881038706
-2.018234111,1.322617841,0.943159201,-0.008870932,-0.625107421,-0.719472384,1.133688498,0.720989153,0.965264384,-1.324833056,82.43679052
1.561940536,-0.23070327,-1.086945324,1.321371106,0.389985862,0.026210292,-1.025329551,-1.279297498,-0.166524013,-1.251470562,49.29564431
0.311634299,0.645296958,0.287267929,-0.037914678,-0.127162796,0.62893911,0.098526025,2.698040457,0.017972579,-0.200444983,23.95162666
-1.248581689,0.206816362,-0.748274655,-0.420264031,-0.244095562,-0.658113493,-1.209965029,-0.200134554,-1.502801711,-0.114788822,-143.793704
0.050845299,0.483781608,1.204689284,-0.126426599,-0.408422611,-1.255820479,-2.018592492,1.2764931,0.794462455,-0.509969773,79.56240237
0.522445211,-0.448596873,0.266975783,1.678573964,-0.300535985,1.491166404,-2.124027076,1.092537834,1.465835979,-0.6900126,165.5703496
-1.600189287,0.706520773,-0.108586477,1.031738981,-1.026035248,-0.686880235,-1.446882967,-0.734320002,-0.172031362,1.453634151,56.37635044
-0.855968452,-0.885748062,-0.584661879,1.447454832,1.925128884,-0.372911404,-0.130763669,-1.280987924,-0.473211188,-1.181150391,145.5687604
0.131659261,0.038530278,0.515924003,-0.964943626,-0.319170217,0.475566794,0.394274318,-1.246735869,-0.360720432,-0.074097656,-57.701887
-0.202086906,0.347598771,1.326318217,-1.007049048,-1.970005356,-1.424073643,-0.715946739,-0.180165374,-0.305238272,0.989604543,-62.60364555
-2.079789336,0.211033729,0.300474194,0.841823167,-0.204275011,0.656921032,0.669309469,-0.951267688,0.537841074,1.239861201,117.9386083
0.091671383,0.519464441,0.774474795,0.863459476,1.281605441,0.760829212,-2.077961258,-1.168208736,0.964576495,-0.306985242,188.8114042
-1.268136805,-0.168259134,-1.006927361,0.04782532,-0.34182182,-0.95118437,-0.56419618,-0.497672523,1.255145788,-1.494037793,-97.68373867
-0.26916933,0.66419327,-0.267067698,-0.663551644,0.808576406,-0.599122393,-0.423959157,-1.239583549,-0.842163764,-1.794691659,-72.50294195
1.795035984,0.268910871,2.684426782,0.781625727,-0.081549112,-0.973191507,0.462052635,-1.483477227,-0.38458295,-0.524552016,326.3233964
-1.193925006,0.142943095,1.173124638,0.369642192,-0.33381949,0.696954405,-0.107302144,-1.126767469,-1.570876152,0.447716926,120.5369186
-0.296035689,0.534113408,0.965899264,0.9927793,-0.762250033,0.275330561,-0.788237465,-0.470098273,0.874991185,0.532123991,164.6793752
-0.483886254,0.057732463,0.044026161,0.446631532,0.553335573,-0.551378558,0.249303784,1.278144802,-1.320802362,0.630543216,91.03349863
-1.318092036,0.60981252,-1.513279469,-1.3045489,-0.399424781,-0.293431402,1.284916785,-2.044330476,0.022067701,-0.47388287,-276.5972832
-0.30757739,-0.96775234,-0.435857355,0.464320561,0.461330713,-0.130575457,0.555398861,-0.94277524,-0.605990046,1.083261776,39.96167671
-1.068507632,-0.754858553,-0.562299185,0.743824461,-0.637225698,-0.974157342,-0.804936367,-0.444386285,1.088038836,-1.79997657,-8.574529003
-0.188829843,-0.113645208,-0.128787676,-0.235729469,-1.254256523,0.322701636,-1.687650838,1.266417906,-0.026380712,-0.758262594,-78.45286835
1.834888894,-2.72937625,-0.498557397,1.40449401,0.700137646,1.419357803,0.460055192,0.231378929,-1.354003693,-0.139735939,130.8770249
0.42881118,-1.456046493,1.483890154,-0.469130716,1.762473165,-0.571735823,-0.503163519,-1.232589064,-0.629594232,-1.013605842,162.1245174
-0.879870405,-0.800340632,-0.346874392,-1.679635498,-1.404765222,-0.186971513,0.746316523,0.02887248,0.784170174,0.766503767,-234.7228466
0.887513852,2.846985449,-1.427098691,0.167320084,-2.18044112,2.047308951,-0.01845881,0.32344683,-1.737620017,-0.410845172,-203.6240404
-1.37279125,-0.50393068,-0.072329001,-0.737626265,-0.697078913,0.194838819,-0.701063531,-0.768194235,-0.901565495,0.48688595,-102.5807787
-0.627540003,-2.053486549,0.783155656,-0.568876975,-0.573819914,0.328644026,1.408619493,0.746023953,0.671270137,-0.125746297,-3.146257013
-2.34497227,-0.511693872,-0.241921127,-1.876690331,-0.01738411,-0.388569247,1.721692612,1.244548991,0.172704417,-0.274045989,-197.6479294
0.585586403,-0.935045932,1.395270782,-0.369346727,2.146812894,-0.591808195,0.431435794,0.072861552,2.196738267,-1.386728361,170.3040062
0.762363731,0.468586717,-0.228484946,0.874197875,-0.394687149,-0.642672855,1.198848071,-0.235033265,-0.023418631,-0.45435038,51.59357522
-0.113571742,-1.079532704,0.525913801,-0.167654935,0.402782766,1.314346114,0.792665067,-0.743084172,0.044022733,0.302322747,53.763929
-0.939615581,-1.049214769,0.000821337,0.029183758,1.096593789,-0.185503529,0.207528278,-1.255198115,0.624920464,-1.236382128,50.44412277
-1.074989567,-0.002343403,-2.485794912,-0.585521562,-0.266063656,-1.839992249,0.855189053,0.040798218,-0.59482031,0.447266558,-299.7223987
-0.165327719,-1.369617465,0.751250663,-0.790635103,1.135154366,0.54209986,-0.683226375,0.014165159,1.625340312,0.43500345,35.78844341
-2.25529182,-0.324714995,1.195635243,-0.082822909,1.124582628,0.094393907,1.974326388,-1.030117423,-1.98429845,1.583389953,160.3361887
0.780005961,-0.034682259,-0.295153975,0.55898283,0.37351258,1.16080631,-0.667353588,0.908366427,-0.742522443,-0.299252256,30.81750697
-0.794281847,1.09496957,-0.926185876,0.661138013,0.684269956,1.120818649,0.111514224,0.316435683,-2.022876157,-1.009010231,-2.198925595
-0.304458021,1.307135423,1.95192909,0.077937297,-0.286721695,-0.990654077,1.182900489,-2.799964303,1.113862398,0.506976346,164.5952853
0.447786951,0.146055848,-0.812694725,-0.110514171,-1.196937412,2.291959327,-1.531007065,-0.789948857,0.183152039,1.790309165,-159.0594996
0.687049347,-0.753649711,-0.080093393,-1.078225226,-0.712347052,1.681248139,-0.721947716,0.425308769,0.244785088,-1.087341435,-145.5220843
-0.698261849,0.124175685,-1.098409218,-0.619122948,0.970175083,-0.272844546,-1.506525258,0.995973679,-1.181981996,-1.004290563,-143.882084
0.575516122,0.498569691,-0.27232461,-0.268668616,-0.122886042,0.715478432,0.014079798,-1.361636548,-0.052063541,0.653437371,-59.20715248
0.92217926,-0.517504591,-1.61748076,-0.565628437,1.420614007,0.83019729,-0.232134799,-1.551134901,-0.265221573,-0.978341932,-166.0431011
0.228086528,-1.58419555,0.504379673,0.901885068,0.856226445,0.133767347,0.413905124,-0.851643962,-0.105982944,-0.32354154,178.5310612
0.43975803,-0.108286238,1.874996446,0.178109625,0.037612355,0.033493387,-0.054142167,-0.046743734,1.797144802,0.523902007,194.766076
0.295229741,-0.913049184,1.225421061,2.193925152,0.071533182,-0.113820326,1.560366818,-0.50694869,0.589283433,0.877134619,331.9350417
0.89866916,0.037696573,-0.213875168,0.970316202,-0.103586853,-0.188202439,0.41875996,-0.378579743,-1.270951721,0.220583538,71.9276093
0.207263729,-0.66950356,-0.561440107,-0.064801698,-0.40826511,-0.395483639,0.778560354,0.457348685,-0.60567366,-0.040801581,-60.9394073
-0.185010877,-2.36451537,-0.239012211,0.576251392,-1.423103111,0.262058183,0.675509675,-0.246573913,0.706406609,-1.859815176,-12.65019124
2.038641925,1.266803608,0.73111084,-0.639139218,-1.804602909,0.845460533,-0.736197084,1.034699696,1.16190113,0.991047047,-84.77540242
0.207920067,0.985948383,1.509523993,-2.966753069,-0.03147137,0.367199799,0.509887248,-0.064871441,1.146962868,0.717738707,-145.2457182
0.037541841,1.091805339,-1.399078428,-1.520286792,0.715493097,-0.227719615,0.450962635,1.081514086,-1.571152351,1.006730071,-232.6466175
-1.603216847,-1.814883829,-1.665125296,-2.001740167,-0.754298133,1.869066504,-0.150468141,0.132597672,0.207860501,-0.66316459,-379.2816158
0.220538493,0.553271538,-0.394944231,-0.682551471,-0.202358246,0.783239037,-0.171716564,-0.172943161,0.1697543,-0.625753755,-102.4761783
-0.64636767,0.057982947,0.463280342,0.780213972,-0.170476149,-2.031823556,0.319127343,1.31199279,0.028906593,1.76140255,116.0634254
1.924940513,-0.30825663,0.934274018,-1.381962785,0.787273695,-0.137164911,1.749766506,-0.261787674,-1.135316281,-1.558762253,-0.717622484
1.281643795,0.557691061,0.020886488,0.230700906,1.661470166,-0.175854404,-1.260164765,-0.317715097,-0.37519638,-0.616361408,95.94615418
1.677358132,-0.549318972,1.078357192,-0.22127364,-0.241138714,-0.770104262,-0.444233962,-0.991198645,-0.252625469,-0.279614783,64.46074634
-1.932734143,-0.249918485,1.458979817,0.269423452,-0.108334847,-0.328553252,0.566465484,0.309729503,0.231461582,0.274536188,142.7964525
0.784557867,-1.602768978,-0.725074937,1.471365703,1.534286975,-0.229715839,-0.225199429,-1.099389228,-0.351548476,-0.843326353,116.474525
-0.138512245,-0.423890042,0.341660232,-0.271314978,0.351165468,0.729063645,-1.216580804,0.019458256,0.709352514,-1.121530147,-0.144052324
-0.611085062,-0.240724304,-0.298152526,-0.692065199,-0.097311151,2.004423304,-0.06820253,1.496880274,-0.076239017,-1.406719433,-84.91467887
0.678115697,1.252575371,-0.806277038,1.702011701,-1.276385612,-0.457275151,0.223679486,-1.210552646,-0.043899106,0.788823601,25.67762476
0.672756787,-1.178572785,-0.387580891,-1.665384638,0.234928125,-0.219412321,-0.85056539,-0.886639169,1.434001004,1.454538461,-202.4704562
0.192049116,-0.309116464,-1.092312765,-0.31640845,0.609138121,1.091310121,1.2130977,0.393317839,2.31932954,0.141716914,-103.4985478
-1.073688659,0.081082543,0.248325143,0.078117735,0.501685045,1.028768991,0.400235856,0.046079222,-1.029972275,0.201652905,61.19902927
-1.202721716,-2.122550772,-0.946813166,-1.005956693,-0.73708391,-1.128785427,0.085308865,0.147229876,0.549592694,-0.194536596,-195.0534633
-0.60468085,-2.087069246,-1.885864618,-0.372562281,0.170400994,0.050913696,-0.681351606,-0.860507327,0.599578628,-0.659059691,-229.2926308
-1.092163633,0.834751326,-1.548960525,0.257975981,-0.90406829,0.196131459,1.103877343,-0.589271652,-0.002403841,0.475167746,-144.7419888
-0.496073569,-0.363354095,1.717444428,1.015420415,-2.033451428,-0.788881535,-1.28914501,0.914810536,-0.574022344,0.798907673,171.956878
0.464961646,0.227947262,0.960060875,0.299796172,0.489962309,-0.691930841,1.740858077,0.231406351,-0.262882473,-0.32674459,133.012352
-0.498278777,-1.897539194,-0.965331822,-0.231208163,-0.862681386,-1.326619362,0.069759617,-0.178931267,-1.27770631,-0.731580842,-153.9858772
0.701882252,1.338519509,0.166338866,1.236204978,-0.572586048,0.510098731,2.069947739,-0.629374211,1.862759686,0.85436932,136.8000192
-0.010487429,-1.226876921,0.701058349,-0.731601866,-0.233175298,-0.10937617,-1.132023189,-1.824158165,0.192784004,0.074474973,-31.78113791
0.842157836,1.700288642,-0.72213487,1.409987512,0.303970178,1.057184539,0.547875237,0.330852878,-2.267558343,1.017792987,91.26390514
0.473007955,-0.542115787,-0.289821909,0.570891586,1.69560986,-1.52435907,-0.325659681,1.042128309,0.484577193,-0.70254163,85.89674686
0.056183918,-0.074781297,-1.967094563,-1.470380135,-1.755767858,-0.885962568,1.361538203,0.536487727,0.501249087,0.016206599,-376.5745173
-1.014421623,-0.530011304,-2.846374316,-1.067876227,-1.636827842,-0.037850691,-0.616624942,0.093545459,0.067408085,0.644256181,-436.0834684
0.437663557,0.333046796,0.920662146,-1.651653564,-0.693211244,-0.142431337,-0.277923872,-0.458883094,1.0118431,-0.517930562,-98.15747146
-0.385229755,-1.987435305,1.52914095,-0.828558681,-0.244231632,0.425634758,0.415318262,-0.369364873,0.188062177,-0.83819154,69.38019189
-2.239322667,1.544333487,0.377618406,0.443675727,0.084888242,0.130357203,0.338594433,0.66476309,0.055739773,0.193655317,99.86664421
0.016362562,-0.319012654,-0.924184989,-1.004360538,-1.714061191,2.047713566,-0.281521701,-0.153852573,0.527670472,1.255845673,-230.0192093
0.095303399,0.781008955,-1.794443585,-1.121279591,0.66758496,0.313123417,0.888157322,0.795021459,-1.548583034,0.876045777,-216.9988302
0.388942031,0.324320081,0.807082893,0.237555617,0.258905594,-0.967408049,-0.248766305,0.096209042,1.985269205,-0.640649994,109.0199522
-0.399035003,-0.057243601,0.602862955,-0.034362372,0.753768931,0.788019985,1.722232311,0.566588106,0.222105369,0.699871244,79.03316122
0.785974099,0.588831952,-0.517967299,-1.785741282,-0.76825532,-0.865209054,-1.003465426,0.618462392,1.345875003,-1.482476515,-255.271834
1.206508967,-0.816935671,1.06667469,1.16929559,0.507274031,0.820482181,1.382158991,0.146713686,-0.16711808,0.648709888,242.1953279
0.099125792,0.039355755,0.451322825,-1.136693119,0.153528457,-0.451375231,1.23548377,-0.679221937,1.558384012,0.63711904,-52.95289358
-0.218866252,0.766242975,0.500831591,-0.878473801,0.945211535,0.168015341,0.742458914,-0.303350067,0.216683119,-0.637587542,13.29209121
-0.796781233,-0.458398363,0.142688412,1.603701855,0.690700889,0.380520305,0.459637318,0.675664453,0.133565416,0.913607218,205.4607486
0.953009498,-0.299877474,-0.938467106,-0.546407619,-1.210742627,0.237642656,-0.282240592,-0.357415048,-1.162938987,1.05077429,-192.0836111
-0.061334156,-0.204121585,1.275119748,-1.609071008,-0.359298725,-0.876023304,-1.540669726,-1.925643025,-0.350172925,0.830530604,-60.51638776
-0.477051692,0.667322519,2.484580984,0.671574565,-1.701767091,-0.534189208,-0.391211614,0.492282374,0.933693902,1.188846719,209.4676319
1.012245908,-0.648446653,0.289767144,-0.806922086,1.068889276,1.03875629,-0.046008829,0.601082738,0.23457002,0.611291147,-25.57291259
1.36383488,0.402345148,0.579509316,2.024878609,1.141628173,-0.974093554,-1.15442395,-0.3420272,0.549106505,0.862566501,284.0658066
-0.454547719,-0.218653277,0.156693728,1.023530644,1.897288695,1.695722878,0.175286779,0.131927967,-0.411823369,-1.336725439,174.3699431
-0.133659733,1.619322076,-0.729341859,0.28385729,-0.019260756,1.132622458,0.153005373,1.622358159,-0.217098062,0.168259102,-35.34318466
0.128763736,0.688240951,-0.786297405,0.025245629,-0.151197386,1.702107934,1.755083606,-0.50099127,-1.181005008,-0.502824719,-68.42393803
-0.922976898,0.093906482,-0.359905537,-0.247707198,0.340864599,1.900831815,0.039906695,-1.784943969,-0.766869525,-1.142790695,-47.17769416
-0.476098469,0.562709838,0.001353302,-0.828408107,1.190885933,2.513643468,-0.17508515,1.500660849,0.440662557,0.08380236,-35.73315047
0.654924448,0.446170944,1.65449193,1.501938549,-1.494149795,-1.933914812,0.753215036,0.449782618,1.509973988,-1.115077038,233.9833397
-0.362855627,-1.527461356,1.069283706,-0.208205258,-0.600506635,0.273614581,-0.787722433,0.335160567,1.963552834,0.226292267,55.20998294
0.82112226,0.158047122,1.091138633,1.279801172,0.985431806,0.149732735,-1.868253831,-0.998332137,-1.505565185,0.504930955,234.8586074
-0.261008724,0.009426361,-0.076278152,-1.661580989,-0.269493756,-0.923072396,0.860332559,1.501879134,2.714816939,-2.767325423,-172.7574871
-0.235332639,0.313973274,-0.813557454,0.766722923,-0.480527906,-0.756911412,0.717870974,1.372233868,0.390837813,-1.273242873,-19.4922746
0.583883022,1.284104695,2.58357366,-1.330226256,-0.016054039,0.087391429,-1.98994627,0.31606787,-0.376422555,0.332376834,104.2506434
1.038727059,0.201529606,-0.31062924,-0.1723927,0.13155164,-0.113354794,-1.585246011,0.493537294,0.647605983,0.356477105,-44.26787449
1.179725208,0.194107631,-1.104862793,0.220541427,0.833333912,-0.548268795,1.217959152,-0.230524625,-0.717918891,-0.513196365,-51.20348256
-0.681380235,0.967826024,-1.2445425,0.232868087,1.3601159,3.07686037,-0.608006143,0.432216691,-1.340072071,-1.014479727,-54.72112631
0.39063122,-0.095920676,-0.032441229,0.942101316,1.593952593,0.226229548,-1.99124698,1.009408824,-1.522004298,1.12376063,132.2260231
-0.831971108,0.594509003,-1.328351792,0.165615125,0.181477882,-1.399343048,1.374135824,-0.126987813,-1.17148313,-0.281023197,-93.12570463
-2.075316769,-1.386826761,-0.030886389,1.741912244,-0.277230169,-0.408388601,0.378758953,0.011208238,2.051765098,-0.492773163,149.1644668
1.650572963,-0.62921215,0.297227222,1.667256842,-0.195472644,0.819739717,-2.123992818,0.282034219,2.13558673,0.413616258,176.7847587
-1.335862404,0.724136559,0.272421397,0.41746509,-0.779019422,1.252540731,1.191085855,-0.547905304,1.092106784,-0.818605027,33.92141922
-0.964879744,-0.783505094,1.26406046,0.427831343,-1.278426341,0.392293351,-0.858596019,0.415850936,1.494196473,-0.341179203,111.9399893
0.005113457,-0.234587133,-0.702053094,-0.327662147,0.968644991,0.097077549,-0.392108153,0.261055272,0.296120277,-1.463514948,-67.50749776
-0.295923952,0.535836152,0.8653647,-0.062088241,0.95950986,0.243876299,-0.847262107,0.321242775,2.246337548,0.383357937,118.9544993
-0.649076334,-0.931165261,0.556717977,0.612884072,0.881746401,1.195941907,-0.615313882,0.301931685,0.043125431,1.857850151,146.5110301
2.70086647,-0.07618567,-1.290167414,0.662993702,0.757734114,0.959508057,0.376325958,0.452762588,0.492609487,0.606424728,-29.53513571
0.717169975,-0.564360425,0.550679323,0.86817548,0.176212706,0.541582932,-0.725887584,-1.0937684,-0.183316842,0.299195622,135.7468158
0.509303058,0.678102626,-0.084649761,0.501744345,-0.146181923,0.057062424,-0.565155145,-2.965955758,0.033373169,-0.094891553,25.88144804
-0.900991898,0.380908834,-0.033602797,0.633637072,-1.705493444,-0.051753239,-1.841839575,-0.420282075,-1.570349132,-0.535406259,-9.06691347
-0.387491315,0.712504442,0.069085193,-2.810628317,0.184119398,-1.393817648,-0.267317023,0.903520684,0.354309382,0.448413249,-259.6552899
-0.998820869,-1.222364615,-0.455342423,-0.353858963,-0.814685653,-1.018805198,2.165521452,1.168580364,1.024774112,1.054620628,-86.52071001
0.267696254,0.853110264,1.618068481,1.993383501,-0.768766829,-0.726994826,0.751563225,1.947328487,-0.580355003,0.783384724,302.2706912
-0.000708644,0.670559991,-0.929847713,0.195205244,-0.728496734,0.668393371,0.769853958,0.033137462,1.481484247,0.00318485,-83.90083946
-0.161829263,0.055538741,0.140910878,-0.420619342,-0.337796263,0.833130328,-0.219107162,0.423323382,0.713566152,0.0681671,-41.29720444
-0.817409612,-1.521097902,0.805082238,-0.378542854,0.757872362,0.368183197,1.093308541,-3.339356663,0.070742222,0.30736382,76.98912803
-2.081437162,0.552811979,-1.248528682,-0.234259457,-0.761327348,1.260378518,0.262683458,-0.209953568,0.758307426,-0.510731682,-157.5948216
0.332490981,-1.033485467,-1.062334524,0.416591867,-1.882694675,0.279407546,2.426472289,0.339725422,1.577304298,1.217912665,-120.7985645
1.948788145,-0.858417663,2.166417624,-1.27994754,-0.459118313,0.027779909,-0.205424581,1.928252687,-0.972712788,0.383098513,65.80081621
-2.172924568,-1.836377787,2.097085551,0.203818334,0.369415816,-0.371289238,1.270169728,1.65677437,0.562869676,1.191379719,248.6392661
-0.336150003,-0.119423161,0.417681405,0.093365193,0.138975652,0.457400743,-0.659426887,-0.780376605,-0.71438656,0.00400126,44.65059072
0.269963794,1.314047623,-0.79370598,0.396806282,0.281820086,-1.708441366,-0.094999296,-0.418365024,1.109663664,-0.946328169,-41.76310212
1.030692299,-1.41375229,-2.303370732,0.591210818,1.793201646,2.021813005,-0.743298152,1.441233886,-1.343746622,0.646886556,-102.8124922
-0.772365478,0.795662704,-2.160531287,-0.745026228,-0.643041664,0.004567553,-0.278522558,-2.234539613,0.720762245,-0.400001632,-291.7197019
-0.741484725,1.617959684,-1.059597505,-0.238629715,-0.283015528,0.300286892,-1.022455901,-0.420086005,1.205636609,-1.086289174,-133.9077348
1.506167131,-1.303472429,-0.578163623,-0.092221158,-1.263075651,1.588765223,-0.751856744,0.484484239,0.319500766,0.006118664,-125.4820258
2.404624492,0.598168134,-0.100041038,1.070351835,-0.25605379,0.284735557,-2.820266503,-1.195816437,-1.742369226,-0.597949345,65.70257516
-0.755950707,0.360441676,-0.184032399,-2.487822058,-0.363573295,0.291202755,-0.221781404,0.052526368,-0.631402556,0.969369302,-272.617119
2.214329943,-1.34770923,-0.658382718,-0.594503696,1.537551319,-0.075671073,0.478140576,-1.551537421,0.152525883,-0.577228726,-56.47193441
0.66184747,-1.535536887,-0.281087382,0.630922853,-2.022823548,1.308177188,1.330906715,0.09478447,-0.21537043,-0.419976758,-59.15464208
-1.263387539,0.351208915,1.368074735,1.323650064,-0.081331569,-0.944551089,-1.564850638,-1.779104678,-0.593131556,-1.723195231,246.4907031
1.223793623,0.949296498,-0.686604532,-0.845689311,-0.989650966,-1.266631995,-0.267898734,1.158471996,-0.819341593,-0.708778203,-184.6821515
1.181891093,0.480908093,-0.04489303,0.182501031,0.269294753,-0.399899062,-0.6701152,0.487560297,-1.176173337,1.171717915,8.892138999
1.887166062,-1.176963205,0.538084786,-1.558699805,0.936899194,1.189919716,-0.488137724,0.826128634,0.250398697,0.819421207,-68.75297598
1.22798781,-1.362029682,1.47675373,-0.721622191,-0.301331861,-0.94660991,0.066669755,0.157517497,-1.481845501,-2.624411166,49.20802242
-1.562325869,-0.921988036,0.77664631,0.503175457,1.35861854,-1.432353356,-0.640369744,-2.227646123,-1.283251622,0.811084613,152.7161036
1.532380383,0.420536706,0.733179317,1.37814268,1.021963155,-0.341092932,-0.990623223,0.448078341,0.758981695,-0.343191569,233.4017035
0.107760055,-0.249893736,0.558695283,-0.40463852,-0.907326559,-0.0349415,-1.224387273,0.384209222,1.734041954,-0.892773307,-14.63258029
-0.21070807,-0.810906847,-1.986159928,0.729563165,0.384277556,-0.277999046,0.416302212,0.178508869,0.949616624,0.617323267,-112.949207
1.634929257,0.774334216,-1.063071955,0.124198437,0.242580209,0.084085202,-0.424078614,0.487656732,-0.62842329,-0.099476034,-72.55790648
0.190162494,0.686172598,-0.392177265,0.261599957,0.061972574,-0.710803483,0.877826825,-0.41596899,0.148601093,-0.709727543,2.107776612
1.33393564,-0.713712464,1.7632988,-0.257316501,-0.473183106,-1.11939088,-2.81512369,-2.617113117,0.13493953,-0.202968343,112.7518418
0.457280405,1.455822322,-0.201491534,-0.006521315,-1.13768567,0.651521991,0.59879439,0.081995556,-0.734173799,0.668340489,-60.45390572
0.019599617,-0.80243004,-0.368619366,0.807046417,-0.074926556,-0.348157397,1.119687779,-0.041337205,-0.339311187,0.283053162,70.29677802
1.133847367,0.039279645,-0.294129141,-1.586597561,-1.067073216,0.103360199,0.7998134,-0.347805165,1.087410554,0.35628005,-200.9171093
-0.247755408,-0.173160033,-0.598126745,1.541231583,-0.586187162,1.137637405,-0.551820291,0.067457371,1.712752767,-0.056741488,67.56597353
-1.892356825,-0.228884209,0.876706835,-1.232008454,1.824889152,-0.218538254,-1.261208256,-0.501367316,1.444603983,-0.577287851,17.94030178
-1.216785641,-0.834159047,-0.037892832,1.281495399,-0.239524317,-2.383112181,0.047672895,-0.803824648,0.430089156,-1.646511387,100.465503
-0.814918343,-0.243243123,-0.619923662,2.384644978,-1.350991035,0.064905516,-1.129258365,-0.116870004,-0.833717279,-0.383813913,106.4946934
1.180989905,0.403274563,0.644123768,0.081988814,0.161299543,1.252283662,-1.752377095,0.166655817,0.672389338,-0.860729163,61.80508462
-0.450784493,2.086264101,0.110034824,1.635047671,-0.312577425,1.058136113,-1.042775057,0.520004381,0.438005259,0.203247731,142.1762283
-0.419889208,-0.705571198,0.048647132,0.470139689,0.843440859,-1.166073926,-0.090714323,-0.152891077,-0.887171594,0.130043063,90.13700434
-0.468519929,-0.79370458,-1.292873732,-0.169730487,0.786954564,1.034668102,2.123320513,0.170575581,-0.674620524,-0.504350854,-93.96585795
-0.745589292,1.872420105,-0.07078055,-0.857166542,0.665255695,-0.248594408,2.34887597,0.933261904,1.82023875,-2.954390599,-51.76007324
0.780630674,-0.574185068,0.77600286,1.168232599,0.777640438,-0.033883843,0.551096983,-0.581149511,-0.446233367,0.596605614,199.1645338
0.220189314,1.032389398,0.534347213,-1.768415426,0.846839945,0.421247379,0.995167665,0.372842249,0.830161372,0.937367414,-93.15562378
0.790680758,-1.577886623,1.025626278,-0.491003975,-0.7962808,-0.315394413,-0.143457195,0.890308587,1.612270122,-0.095142281,27.01795518
0.555742178,2.054092441,0.686774071,-0.641821404,-0.156276337,-0.639193534,-0.569351424,-0.384792024,-0.857733177,0.59166805,-18.21514312
2.332117702,0.739661091,-3.200569927,1.869253831,0.331822807,-0.305518975,-0.185805917,-0.741310894,2.099379811,0.182297748,-106.5413992
-0.795955112,-0.91026463,-1.434502266,-0.088801403,-0.924139145,1.137190157,2.224687629,-0.818464105,-0.800444747,1.091894609,-182.5513589
-0.488188101,-0.280000531,-0.624499806,-0.535310515,0.473596856,-0.576558557,0.793742051,0.685227302,-1.192037555,-0.895593101,-91.45340691
0.434941038,-0.393986681,1.991370418,0.392913511,1.623256691,-0.998440853,1.590403569,0.040924749,-0.797113566,-0.569148199,276.5743643
0.041512943,0.014941586,0.303411572,0.413935232,1.145102465,1.246850068,-0.672721232,0.680894217,-0.667393819,0.845018343,134.3534474
-0.934608913,1.196150222,-1.288351419,-1.070508135,-0.225981545,0.328563115,-0.935082836,-0.521865517,-0.147538188,1.085671909,-239.345293
-0.722556088,-0.017230064,0.562140623,0.881656461,-0.855836169,0.481762709,1.019636491,-0.62553836,-0.413777728,-0.160916727,110.2868557
-1.394495069,1.053891552,1.294985585,0.544220352,1.28381686,0.323185482,0.845802873,0.756564675,-0.461169732,0.514062552,213.3945686
2.054095583,0.459475059,-0.051581257,-0.771890375,-0.977754401,-1.051547558,-0.885028632,-1.007962235,-1.505065857,0.105075971,-136.6622078
-0.716248148,-0.714042355,0.512622991,0.247719221,0.861225723,-0.758393174,1.053547423,-0.119953725,0.178799422,0.263179524,103.4991608
0.390695921,-1.326472128,-1.122544806,-0.917502821,1.537931918,0.818777644,1.017661467,0.340589216,0.551476275,0.271495311,-136.0132471
-0.06327396,-0.659748641,2.291911267,1.867462004,-1.09714365,-0.552261252,-1.16206582,0.129187473,-0.39946549,1.582116751,351.3316988
0.334519385,0.600318396,-1.341203693,-0.080735321,-0.75927215,0.901516514,-1.490469403,-0.111260897,0.237754218,-0.698589603,-177.5920117
-1.061497641,0.252428757,-0.477599951,0.048192177,-0.923415625,0.58640901,1.299431215,-0.933634217,-0.39613472,1.411105009,-70.75258924
-0.693732303,0.354945419,0.282597417,-0.497726798,0.561206944,1.001241872,1.602313235,0.080947111,0.747387327,0.332963473,2.755644689
-1.331349441,-0.219743748,-0.433355441,0.567241707,-0.509094651,0.982438831,0.935268755,-0.566009729,-0.234366022,-0.533137268,-5.516562302
0.367287313,1.838183677,0.738810481,0.615367484,-0.259546678,0.513105798,-0.935438702,0.808057798,-0.535963445,1.085982116,116.9061903
2.626289255,-0.09290847,0.03726761,-0.868729233,-0.006411217,1.139290518,0.369994507,-0.922021378,-0.577881837,0.586512219,-73.88661285
-0.003967201,-0.824126096,1.14141282,1.523550126,0.445851228,-1.145468468,-0.448149819,0.880278568,-0.095086819,0.644878466,271.8368567
0.299164567,-0.301513645,0.0294327,1.88755135,-0.132161752,-0.627477484,1.565820594,-0.178219013,1.449413769,0.620875416,192.6988728
-0.201067479,0.490251666,-0.119411201,0.094795774,1.686741393,0.632267342,-0.611729978,1.258658218,1.248347265,-0.391958541,55.27722306
-0.164155433,0.375621232,0.269823632,0.307552918,0.120995434,-0.206399057,-0.758523261,0.45014976,-0.442225526,1.058402908,61.75743072
2.984024506,-0.148085632,0.961304674,-0.021646507,-0.632583133,-1.439441756,-0.008076122,1.431846498,0.56213476,-0.295423052,55.24275948
-0.005743596,0.071103857,1.622875984,0.696223683,1.504112838,-0.85378638,1.556656568,1.224724522,0.763512567,0.151795949,266.1730847
0.901030176,-1.33783118,0.214130044,0.225456377,-1.386001257,-0.178069527,-0.365165081,1.208406049,-3.17987024,-0.132314917,-5.7251991
-0.54721844,1.78979077,-1.117894339,-0.784111534,1.318607828,1.031042739,1.114082436,0.532596488,-1.521432981,-0.591645815,-135.3010678
-0.245388116,-0.753736164,1.158595579,-0.820682318,0.787084604,-0.97468167,0.963376129,1.896792983,0.82206016,0.412780927,58.27167217
0.444198327,1.101322958,0.425843659,0.418205756,-0.077221045,-0.607354433,-1.776011754,1.384532048,0.252568846,1.063940988,48.67582707
-1.081651096,-1.502265252,0.54752653,0.725590175,0.916706473,1.707548889,1.439954041,1.06864222,0.566760381,1.075626794,157.8436755
2.010085713,0.056038822,-1.535033917,-1.558009074,0.818668918,-0.918510115,0.904357813,0.207060584,0.044825299,0.207853102,-254.3204307
0.482039797,0.724094203,-0.46379727,0.405029604,1.797544845,0.786120548,-0.969279198,2.397023918,0.899041533,0.843989252,46.78906508
-0.942191486,-1.128825593,0.804752278,0.784955461,1.179164796,1.466694834,0.130263904,2.119371936,-0.294042784,1.304796027,191.112298
-0.0893095,0.640627093,0.957254681,-0.708412852,-0.163273215,-1.331173423,-1.533535619,0.830368704,0.799295319,1.706849581,3.159750043
0.293206871,1.434533377,1.747250809,-2.430566124,-1.058129718,-2.020493171,0.814423972,1.413782404,0.254702604,-0.700327163,-109.9865738
-0.069851868,-0.797485497,-0.848904656,-1.308684131,-1.073091328,-0.125819352,-0.153500696,0.405850267,0.906784267,-0.86644777,-251.1166606
1.924979031,0.300080456,-0.849583891,-0.529485557,-0.959226975,0.42942206,-0.030506666,0.177418239,0.856643475,-1.328028557,-144.448411
-0.214502567,0.551126604,1.311480819,-1.141415792,0.134583285,0.684104991,0.500238351,0.740333423,0.094176469,-1.248302802,15.70043911
-0.164696047,-1.107199798,0.302990857,1.007531402,1.862895553,0.659573957,-1.612850935,-0.049604511,0.605686211,2.012955849,170.6017054
-0.172845675,-0.435764497,-0.867922463,0.557137618,1.833896546,1.992036636,0.749282557,-0.012298449,-1.495541536,-0.597478858,58.84234107
0.657972538,1.675925127,1.791802214,0.512928915,1.548348615,-0.328521318,-1.594619613,-0.805908905,0.160054962,-1.206684886,261.7681878
-0.66909676,0.803986496,-0.696293579,0.865271157,0.367319388,-1.695017793,0.696189716,1.090244284,0.907532301,1.471400348,20.38381107
0.293526833,-0.448194719,-0.804632996,1.248771619,0.595563382,-1.782955457,0.008194433,1.22231785,-2.41673365,-0.47426882,85.39655882
-1.564318838,1.423439977,1.207667653,0.354122219,0.089374619,-0.029077491,-2.332626182,0.958142626,-1.906546104,1.947709642,148.4880874
-0.496234009,1.178637946,0.937564014,-0.881509965,-0.930338835,-0.108803728,1.102432642,-0.679812353,-0.603779796,-0.961155035,-33.74614026
0.957304823,-0.106090635,-1.239588013,0.607840339,1.212129204,-0.185097649,1.101330165,-0.528946763,2.324698914,0.716340081,-1.671377036
1.203578055,-1.489284264,2.530369669,-0.227892559,-0.301798493,0.484734648,-0.230786152,0.614961232,0.123906817,-0.796986669,209.3768856
2.935406206,-1.027923765,0.147298,-0.680494048,-0.883868895,1.681492457,0.614944639,0.331918448,0.811705572,0.509683077,-79.17567402
0.771908087,1.073079744,-0.067962386,0.436408668,0.185459438,0.282420521,0.204197469,0.393310694,1.83100698,-0.293000603,53.54955319
2.421342117,-0.443449438,1.786290324,-0.407384323,1.8140712,-0.015194777,-0.182361802,1.036189345,-1.925865275,-0.619028501,191.7440656
-0.060939512,1.176637549,-0.210163648,-0.368576907,0.031769713,0.359765704,2.011721575,0.001912936,0.927819456,-0.822903591,-39.6819268
-0.733425167,-0.011006322,-0.89083168,-1.948378507,0.236646913,-0.482124284,-0.738715266,-0.95891409,-0.354850731,-0.540139039,-251.337346
-0.864285262,1.135620585,-0.53214389,-0.38856822,1.057801008,-1.476657224,-1.123878405,0.781497239,2.459871985,0.37804626,-61.43909527
-1.131505301,0.015784773,0.557029622,1.744010234,-1.663689978,-0.959732335,-0.99604494,-1.335691522,0.043423409,1.22219418,145.0614925
1.438028722,0.06887464,1.330803916,-0.339335844,0.20688253,-0.618396853,0.826651797,-0.482800689,-1.44371837,-1.435368827,100.2845736
-0.977646837,1.028877442,-0.369243892,1.590835334,0.160259287,0.296184554,0.35855446,-0.073473055,-0.794083707,-0.408499518,104.8857852
0.618575284,1.144135283,0.749357421,-1.080766172,-0.946933098,1.248437272,-0.901911031,-0.298185642,0.971640112,-0.008975274,-63.32250776
1.982834635,0.024532146,0.215476759,-1.317778313,-0.97547548,1.503883345,-0.510879353,-0.877132269,0.174171094,-0.436485896,-122.1006608
-1.103624724,0.333230467,-0.236595294,0.468270255,0.136599618,0.735160407,-0.035218406,0.167090846,0.155422225,-0.281513457,17.40039983
-1.17228757,-0.414504942,-1.702224061,0.811767841,0.682041343,-1.005818661,0.449818156,0.509838437,-0.469289653,0.74191974,-60.98080227
1.449964191,0.825538923,0.484590228,1.483470561,1.973536896,-1.352660995,0.866317702,0.381213874,-0.309079239,0.393983643,269.3598494
0.400641589,2.17348283,-0.603838627,0.619916047,-1.122805933,-0.888997008,-1.371465757,-0.78076687,-0.960759998,0.287455261,-51.27674057
-1.006613262,0.557068466,-1.317033694,0.309950979,-0.653458573,1.786780836,0.211421229,-2.6533791,-0.74639801,-0.004859613,-117.994615
0.841856629,-1.259462765,0.420798889,-0.076535939,-0.649288661,-0.329551878,-1.205528605,0.927591521,-0.626983774,1.81736833,-1.389590823
-0.203225875,-2.16366025,-0.233021199,0.481503195,-0.977364745,-1.273391426,0.879807521,-0.882947963,0.739155072,1.648638343,-9.950753025
0.704108543,0.654138376,-1.398961434,-0.013703386,-0.684176864,1.044878743,-0.577201186,-0.681650791,0.548028612,0.38862148,-145.4696275
2.255156295,0.24667271,-0.321424782,1.75471924,-0.040921732,0.725422512,-0.661457104,0.39780339,-0.409816695,-0.272172556,139.3457776
-0.370697915,0.612411653,0.923033437,0.551255922,0.921936601,0.798648207,-1.139286159,-0.233879603,1.804410827,1.700971519,163.0365463
0.163951481,0.410460222,-0.28146008,-0.006061826,0.171244048,-0.273606557,-0.449285348,-0.603120088,0.473731661,-0.968083589,-11.2315107
-0.755483394,-0.056661542,1.129523429,0.473649777,-0.574602922,0.431855493,0.150685858,0.206659698,0.815316885,-0.697516571,110.3649291
0.446374245,-0.640230495,-0.093845616,0.802727572,0.14999509,-0.168139646,-0.667782394,0.987834421,0.470868859,-2.196446262,71.43746078
1.746077518,-1.3476848,0.801785184,-1.006308006,-0.231452215,0.854199649,-0.161447133,0.207627398,1.226389944,-0.070114144,-29.31506498
0.954589841,-0.84773423,-0.432283329,0.055154557,-0.239627881,-0.406242873,-0.078511705,0.593023477,0.943097037,0.230768539,-63.96391066
0.10080387,1.654668316,-0.768959913,0.1126852,0.586515158,-0.654341871,-1.195575328,1.814649167,-0.082143046,-0.662517146,-42.61456196
-0.828180564,0.685656393,-0.547191789,-1.251356182,1.334506133,-1.106870292,-0.4309962,0.250951021,0.268413274,-0.238605532,-99.50110828
0.385055168,-2.707565694,-1.202671508,-0.990013714,0.037566859,0.017832255,-0.8250973,1.544092664,0.077885727,0.046461273,-206.0096796
1.166339712,0.909129353,-0.336858349,-0.391947907,-1.242532115,-0.672031077,-0.736730988,-0.171509159,-1.172206618,0.852053782,-126.3591488
0.100762823,-0.187693931,-0.322522119,1.118168548,0.187068938,1.420271085,-1.130116632,-0.441377503,0.137758405,-0.225348134,81.7898213
0.660217805,-0.493310383,0.187147487,-0.245653352,2.01393003,0.246208228,1.384140124,-1.200364206,0.133422635,0.301186958,60.21455265
-0.78717407,0.20335946,0.912620323,0.421716933,0.058449481,-1.289480587,-0.059654312,0.187800338,-0.809724836,-1.701665858,112.5080599
0.54451845,-0.312112524,-0.128635922,1.041696558,-1.887093524,-0.120544668,-1.185683791,0.020191238,-1.701831669,0.747038927,-10.90209901
-0.326673248,0.1247521,1.090183471,-0.748096065,0.659649998,-0.036589974,-1.967325064,0.249417688,0.29353753,-0.021244779,34.9395696
0.500240469,-0.533600306,0.045222709,0.051197902,-0.627313446,1.180640912,-0.501784193,-0.061003972,0.322974504,-1.372465548,-20.56280645
0.253099196,1.287246371,1.789022741,-0.644613306,-1.092060935,-1.285965487,0.240208875,-0.012713548,0.603200342,-0.474078203,60.59604453
0.951449277,-0.36650702,-0.048897183,-1.405189847,0.845157971,-0.278883394,-0.052404451,-0.062004009,1.246891716,1.704105516,-98.80502833
-0.11246329,0.198677867,-1.367825298,0.589507756,-0.510031155,0.665824374,-1.21423686,-0.467692937,0.693289359,0.693011016,-92.24367288
-0.365780745,-0.071585693,-1.979594276,-0.413438802,0.823356829,0.622769125,0.949700384,-2.430122376,-1.196515048,0.274468336,-185.5179666
0.065784689,-0.600829639,0.949641499,-1.715093347,0.245235848,1.404316282,0.677637102,0.914867798,0.851929071,-0.007674064,-63.01963643
0.544426372,0.437243218,-0.337933316,1.689919835,0.933974322,0.134088686,1.917886326,1.060708866,0.541385371,0.237175,160.478764
-0.102648573,1.363607295,-1.297728376,-1.462110455,-1.410467416,-0.689329068,1.009585968,-0.265924194,0.274038841,-1.514573509,-315.3435746
-0.444144473,0.521460069,-0.980408945,1.675522521,-0.388304609,-0.834543587,-0.140095543,-1.415064873,-1.072276218,0.225589819,65.67044563
-1.12124374,0.929409985,0.759514887,-0.291758632,-0.286794236,0.997632077,-0.059826144,-1.99553178,0.290897058,0.493560204,24.55519824
-0.74249815,-0.256978423,-1.348610466,0.063327203,0.999148025,-0.258651841,-1.666331373,0.503621966,-0.458529616,0.372975149,-92.52798101
0.010021152,-0.688694433,0.489130557,0.055170638,0.214110982,0.291732725,-0.000608482,-1.507552945,1.51611618,1.196627121,55.89620253
-0.566537162,-0.124917468,0.10812017,-0.843425268,1.226785426,-0.39484837,-0.476129348,0.319816759,2.082845264,1.373253869,-26.14086586
0.581880063,0.651847399,0.802560672,1.373633272,2.026988756,-0.594345708,-1.209540728,-1.305044003,-1.083325261,0.521129104,289.0243799
-0.08826023,-0.203759513,1.388800104,-0.355546671,-0.298937397,0.737070671,1.509546863,-0.88780138,-0.015865918,0.434126982,109.6845277
-0.901299708,0.971551711,-1.127856246,0.450414161,0.486031602,-0.550093292,0.148495306,2.084071274,-0.297444755,0.378979362,-19.79434941
-0.677312528,1.011050016,-0.949213481,0.22532518,-0.189835128,-0.620175624,0.78377945,0.146863209,-1.170187075,0.629648013,-71.88034158
-0.035901298,0.34527051,0.402391169,-0.120518374,0.818175525,0.381269147,-0.157226717,0.072689463,0.463444938,0.936814317,63.59718279
2.068779433,-0.10086511,0.136970041,1.077822761,1.534655689,0.486318962,0.462771045,-0.833986266,0.187210018,-0.450981412,170.4507936
-0.181449069,-0.106337003,0.28100925,-2.132595626,-1.315815816,-1.435909524,1.01263741,2.307916251,3.24309297,-0.158153844,-218.4188228
-0.111464324,-0.899426245,-0.945150652,-0.392403586,0.716988762,-1.160922887,0.124573354,1.589689443,-0.363413246,-0.143319449,-93.67174249
-0.322061396,0.471080404,0.480229262,0.71586463,0.049297425,0.87184457,-0.5043652,-0.13268178,-0.250787607,0.299183461,101.735209
-2.598272652,1.03983002,0.362966143,-1.147380242,0.478144826,-0.789888173,1.784968556,0.380554757,-2.663775197,-0.122948845,-43.50416928
-0.132487787,0.775484767,0.148892309,-0.016973594,0.185702575,0.070275206,-1.070977547,0.724810598,-1.436039519,-0.402316291,21.70934578
0.655554358,1.805668878,-1.223744847,-2.477506119,-0.409320215,-0.073984782,-1.038540857,-0.169328857,-0.402833428,1.112798196,-355.8103933
-1.873400748,0.145102286,-0.188685048,0.432776778,-0.194357847,0.398830731,-0.211113896,1.214143636,-1.30233724,1.219501243,1.188825351
0.703454544,0.113602026,-0.926523766,0.369248443,0.700329171,0.105121097,0.267621053,0.595238364,-0.928186201,-0.184780833,-31.98925745
-0.473024465,-0.637328356,1.670882613,0.347600477,-0.660437794,-1.438304541,0.064995874,0.477576111,0.383597881,1.346886004,166.2626804
-0.768995118,1.119475441,-0.37922415,0.501470885,0.251258261,0.813772981,-0.299713115,-0.061722147,0.427307953,0.901056387,13.32785211
0.273185214,-0.570425813,-0.060185852,-1.831485604,-1.001470512,0.770842463,0.031584656,0.721824992,0.07021065,1.224786484,-222.3073369
0.017757957,0.2452034,0.456544667,0.556852422,-1.084166203,-1.392093803,1.670357185,-1.937878665,1.30925297,-1.014430411,70.20743316
-0.280637479,-2.463684124,0.975044055,-0.603741093,0.063065029,-0.453157894,-1.172411608,-0.277448509,-1.363465016,-0.145134583,33.82863878
-1.401155093,1.561107296,-1.457145826,0.174878759,-0.918415109,-1.953650604,-1.18943563,-0.492448647,-0.088956104,-0.522357731,-144.3441035
-1.023659746,-0.285686548,-1.436352457,0.550128481,0.343597535,-0.074592677,-0.800293282,-0.527066118,-0.035420141,-0.017927968,-82.75368319
-1.298962365,-2.848685531,-0.8623715,0.461188858,1.008260121,0.405108849,0.502721861,-1.160332258,1.506625464,-1.544741065,13.08020873
-1.707225995,1.132287375,0.292035722,2.748782416,-1.068047138,2.060341544,0.066588827,0.041080864,0.788498947,0.06178827,264.3293375
-0.055896467,-0.078590796,1.110753172,0.755184974,0.432850403,-1.178179687,1.084477525,-0.736901352,-0.466618968,-0.211889531,192.2669457
0.785047023,0.108953717,0.224179485,-0.451836728,1.042139893,-1.382285904,2.271574459,-0.111466083,0.975611276,-1.648249719,46.61657884
0.349649757,0.201033504,-1.553456134,1.004829149,-2.023931611,0.753601109,-1.505279176,-0.996189246,-0.352049656,0.401538636,-131.7582045
-0.676676228,0.770260671,0.621335742,0.815038018,0.126968413,0.126563382,0.392358072,1.424058992,0.876006062,0.114667636,152.0756008
-0.896806379,-0.872433441,-1.810721305,1.570292298,0.38997741,0.701129798,-1.086996087,-0.661283339,-1.238922152,-0.960933924,-2.521457035
0.218388988,1.288863425,-0.193304226,1.471585083,1.346099795,-0.302885244,-0.021856747,-0.193427629,1.475112364,0.707231374,164.5644834
-1.312496352,-1.186222262,1.295507582,0.737786756,-1.376788825,1.772436543,1.566978847,0.925666948,1.431453021,3.136686048,121.3984732
2.096161276,-0.478696381,0.979035825,-0.643153997,0.02846894,-1.865839755,-1.22656058,-0.908652282,-0.060685433,-0.18580561,6.147577764
0.650450093,-1.503080302,0.085318143,-0.808265722,0.978858051,1.738899664,-0.830444407,1.401598593,0.418398221,0.522514105,-46.15762788
0.808036189,-0.848065598,-0.114802249,0.566771726,0.683223015,-2.099356264,-0.657372554,3.112910201,0.711410579,-0.048965031,58.92176334
1.055238734,0.640194145,-1.701154966,2.30078874,-0.549707733,-1.898221352,-0.355547868,-1.132276793,-0.042733725,-0.211029493,59.80432883
-0.138417852,-0.911797882,0.352750225,0.429088404,0.145522492,0.440881011,0.881361487,0.058477068,0.224895795,0.266446076,69.74794255
1.341465825,-1.203475058,-0.180683892,-1.473699338,0.702608085,0.593075034,0.241788346,-0.090832578,-0.97855334,0.706793506,-139.6058636
-0.397115332,-0.041471778,-0.393382298,-0.762417951,0.457213064,-1.568144313,-0.760363641,-1.312163201,0.382433316,-0.393611582,-95.09229226
-2.169677418,-1.194189401,-0.589332231,-0.458638636,-0.957568955,0.395420985,0.85670248,1.076848145,-0.805171752,1.677377088,-138.5991011
1.056623198,1.853788259,-0.402090259,-0.191826454,-0.691596708,-0.139288362,1.776286069,-0.912963366,-0.553661449,-1.336356431,-59.07117814
0.624817823,0.804942574,-0.406029154,0.537179815,0.299671977,-2.342478338,0.94421484,-0.178706885,1.665252234,0.195162047,41.30579718
-0.518800042,0.73226762,2.005768295,1.26302807,-1.574209646,-0.128051179,0.188099566,1.384311753,0.395898107,0.507512872,238.0821974
-0.663618279,1.270653837,0.543838087,0.821607086,1.143230897,-0.352556026,0.432412475,-0.236912601,-2.291857345,0.454331921,188.5553148
-0.88911686,-0.463334156,0.233917198,-0.826505812,0.80611193,0.808215017,0.696107554,-0.812118933,0.1740552,-2.098182585,-11.58736048
0.729819362,1.391920888,-0.631241136,0.599450686,-0.140553486,0.709410981,0.385710841,0.293352036,1.419035611,-0.809890099,0.149573678
-0.457253442,-0.509706384,0.573867241,0.115258255,-0.653186153,0.75997842,0.410881342,-1.832517587,-0.692970413,-0.683594504,22.09389919
0.088367082,-0.660075733,0.339598609,-0.434327021,2.032870644,-0.227729008,0.505978015,0.393136384,0.094761076,0.972395902,79.48032145
-1.182376938,1.315749187,1.50850553,0.723688227,0.220926662,-0.117456057,-0.474645197,-0.923968011,0.588053762,-1.403487861,215.2285658
0.656595781,-0.335391053,0.867191126,-0.851471879,0.181323671,1.533845105,-1.891810537,0.491351894,-0.006426812,1.675202424,-5.853291339
1.18673462,1.436335406,0.638660169,1.058118325,0.298158466,0.603247501,0.36761984,-0.712220764,-0.881068337,0.14808942,178.9821588
0.072680524,-0.411493145,0.491207665,-0.35802938,-0.612166917,-0.483561484,-0.139397201,1.318302325,-1.909356088,0.739653152,-9.038114048
0.777794752,1.093906952,-0.362334458,1.543950605,-0.988371062,-1.673897928,-1.072890116,1.484060553,0.579976577,0.012404983,82.28141329
0.304200986,-1.245720015,0.978207814,0.25788347,-1.225502061,-0.856406325,0.551668207,-0.344834173,-0.132453986,-0.654755197,77.15800087
-0.252123159,0.021973296,-1.651053395,0.41507251,-0.138972732,-1.027313423,-0.169213658,-0.456994039,1.20400113,-0.040522384,-129.6134713
0.155324999,0.398147265,0.008783655,-0.237683317,0.733547814,1.598321808,0.07660907,2.042177911,-2.104749506,-0.511763558,9.750268229
-0.527928603,0.003342453,-2.219313713,-0.381807115,-1.88008499,-0.863368022,0.25207929,-1.345339117,-1.362334074,0.655585607,-302.2295764
-1.001137558,1.600397299,2.82200025,1.078651946,-0.290382992,-0.387053026,1.150128678,0.074681639,-0.707188679,-1.460285906,358.8411115
-0.852888044,-1.731657524,1.365832289,-0.308314369,-1.371761415,1.005411015,-0.778491565,1.899185321,-0.051054413,1.079277693,50.00365929
-1.262295361,-0.109075381,0.564385645,-0.962846175,-1.95251306,-0.298173294,1.239264459,-1.343181095,-0.451866895,-0.776163663,-113.8777622
-1.427129908,0.477788731,-0.679437734,-0.497632355,0.489376197,-0.706942716,0.433684139,0.277322377,0.17050758,-0.349147164,-98.99904539
0.030233803,-2.075595065,-1.914005828,-0.580127643,-0.228318426,0.174311004,0.687373242,-1.159282399,-1.154618568,1.437546751,-222.7837298
1.621825802,1.267360182,0.517684194,1.177705478,-0.080883722,-2.619505083,1.75685474,-1.28456545,0.933567409,0.650935677,181.0376906
0.486842069,1.677239593,-0.664700905,-0.121075432,-1.451834745,0.906834146,1.36556037,-0.589578996,0.450054671,-0.046496581,-124.0746361
0.192596919,2.392109635,0.286774112,-0.147205279,0.887079776,-1.197966429,0.564842359,0.069369803,-0.221042464,1.635797806,48.56146015
-0.162219149,1.828909632,0.250352608,-1.173698811,-1.677094558,-1.327210274,-1.348331505,0.039849304,0.451775386,0.202767602,-150.6638646
2.119016728,-1.555985703,0.267592022,-0.044109433,-0.468607621,0.125513043,0.633765367,-1.298855904,0.364902856,0.574978939,-0.521752122
-0.100860923,-0.439718359,-0.937786666,-0.691628425,-0.292375353,-1.448355918,2.006105097,0.824659563,0.93146952,0.424896104,-160.2721608
0.999937522,0.393184232,0.260377859,-0.262739023,0.464532135,1.66897664,1.728473827,0.278167972,0.989054018,0.842930563,22.76773209
0.973707494,0.654684189,-1.480593609,-2.19157873,-1.315640653,0.513016458,-0.291604611,-0.685510243,0.513870605,-0.473090934,-384.2737284
1.44767999,0.31362271,1.692713433,-0.144827494,0.57691718,-0.511763957,-0.339396815,0.855351207,1.620111605,-0.246762539,159.556363
-1.159010697,-0.343832672,-1.640167331,0.3743781,-0.865875582,0.492027096,-0.400257823,-0.014307061,-0.475123161,1.283601068,-156.4273729
-0.59083531,1.310144388,-0.609299395,1.316255216,-0.85610784,-0.959859605,-0.029943447,-1.140161139,2.310459275,-1.447466417,27.07593425
-0.554044384,0.178239744,-1.357823207,-0.369716685,-1.508169209,0.487086559,1.828625262,-0.536346027,-0.20822271,-0.851591833,-212.1399354
-0.370582762,-1.348047112,-2.018487864,0.145063746,-0.828196273,0.858014195,0.793175688,-0.159362232,-0.457848386,-0.122057132,-199.4658668
-1.355407352,-0.67056051,0.522285044,-0.939835173,-1.905539888,0.618396656,-1.188437783,0.216406185,1.338502927,0.538576667,-133.3531354
-0.514091339,-1.064330713,-0.646839677,-2.27586319,0.434161239,-0.503537863,-0.924512874,-0.606868016,1.091567539,-1.447606692,-265.4804601
0.95331031,-1.440980815,1.000396913,-0.716764653,-1.147004366,-1.845974455,-1.748938157,-1.830772765,0.510547216,-0.511643855,-41.58622054
-2.35262557,-0.15999032,0.725448277,-0.403112099,0.920974916,0.194389839,-1.844012622,-0.091196647,-1.840378591,-1.673908715,60.75299757
-0.746883506,0.705800661,-1.46682597,0.037972654,0.661516621,-1.120034057,-0.298431416,1.199769778,-0.482274798,0.673887784,-104.5353845
-0.434188456,-0.853945157,-0.388278559,-0.283747181,-0.500108108,-1.369435612,1.269045711,0.221999595,0.533239869,0.770417247,-74.38919772
-2.269747705,0.275297351,2.086388959,0.854047336,-0.798541821,-1.702705646,-1.073333837,1.393835455,-0.995650388,0.225030541,244.8786572
1.235204701,-0.250961193,0.495075179,0.042231437,-1.239490598,2.093253325,-0.028535161,0.531632087,1.106001071,0.583010759,-0.806599391
1.061816646,1.414029136,-1.117327009,-0.041491105,0.369925613,0.934654707,0.97048846,2.322609225,0.636553207,-1.258264629,-70.27766565
1.238283071,0.021271577,0.181021559,-1.296831948,1.173473857,0.662881269,0.399687952,0.586364019,-0.528616682,-0.651356894,-66.03087442
0.044034327,0.530207607,-1.22190746,1.183766106,-0.707712373,0.589151939,1.042648526,0.845989687,-0.06869457,-0.599149098,-33.72501121
0.622963275,1.566269044,0.846899721,0.119725029,0.556062024,-0.545199679,-0.47954174,0.202918459,-1.264264775,-0.233694778,98.57743765
-0.788309265,-0.870163158,-0.235980099,-0.489944021,-0.469957873,-0.787551441,-2.550026292,1.601898792,0.543654128,0.386024619,-103.6044833
0.997342562,-0.945129319,0.456473763,-0.675450517,0.013687621,-0.979946297,0.362613385,-0.677753786,-0.044155652,-0.029551731,-18.87575061
-0.057836612,1.127788027,0.107983921,2.606859163,1.015220892,-0.386112776,0.193406367,-0.637808693,0.106182919,0.059691881,293.7580542
1.325372259,-0.006764594,0.232013088,1.314281843,0.930085805,0.053514653,-1.998837533,0.956173436,1.644781646,-0.188217584,148.8124392
0.527915236,0.040091002,-0.869062868,0.288258395,1.141843241,0.92919986,-1.314911061,1.144027584,-0.174113088,-0.724374211,-10.60916258
1.846725014,1.961582624,-0.635192127,1.377801845,1.866838113,1.174152098,-0.533455817,-0.631052893,0.640272925,0.584753016,145.6882599
0.862504733,0.353565838,0.782877553,-0.02127285,1.164034397,-0.783760169,0.144337337,-0.799501658,0.487009259,-0.008398017,108.4392064
0.274513987,-0.182923298,1.207425749,-0.356542429,-0.416791651,-2.002948414,-0.693696492,-1.22222572,-0.851114787,0.879263905,54.75183497
-0.092782455,-0.141909851,-1.219457897,0.223352224,0.342290873,1.187152317,-0.152750082,0.240585262,0.946557749,0.052414883,-69.72287251
2.01527511,1.290644461,0.049308332,0.768839676,1.890440685,-0.731631739,-0.608226507,-1.889649292,0.311109991,0.363115628,149.5138126
-0.453430357,-0.471261479,0.141542908,0.795859014,-0.446971421,-0.158652002,-0.265909277,0.889785825,-1.388847583,0.572714989,71.17659503
1.352800535,-0.466574071,1.302590397,0.137661941,-0.821814828,-1.137032883,-0.550587067,1.50084303,-0.814398187,0.509689231,105.4918708
0.23385641,0.671992011,-0.873396669,1.266321074,0.815182609,0.251138743,0.005237149,0.122590778,0.309673158,0.839379254,83.15398594
-0.877156527,-0.31348275,1.616784968,-0.986763755,-1.643328644,1.416976082,-1.227879253,0.097295538,-0.684209372,-0.055372337,-5.900968209
-0.066448975,-0.358079446,0.957993941,0.663545618,-0.906648545,0.108014121,-1.026080844,1.181890043,0.997265568,0.381425618,109.9061891
-0.988591107,-1.103589317,0.104201104,-0.062593128,0.281191424,0.75892859,-0.753964589,-0.098339627,-1.692956814,-0.280675077,9.834117224
-1.650354504,-0.982092407,1.081580728,1.589446936,0.290580348,-0.679419561,-2.528004589,0.460327818,-0.303086077,-0.834194094,249.7477214
-0.800335406,-0.498987256,0.753417473,0.099826315,0.121844464,1.725693793,-0.667333381,-0.775606605,0.205455687,-2.241915935,75.0618149
0.46543309,0.6654187,-1.436211926,2.186800997,-1.208515167,-0.304651084,-1.352734885,0.790032568,-0.844759148,1.697965519,30.23406056
2.278517316,-0.214388932,0.319887968,0.942763725,-0.80964446,-0.936150446,2.785911914,-0.767272572,-1.170435757,0.981821944,99.24018967
-0.200685218,-0.404695857,0.979259744,-0.249655538,-1.019801334,-2.391078565,0.207542295,1.190529644,1.847866996,-1.346785662,10.3306928
0.239358932,0.741081665,-1.141549067,0.189671544,1.793052685,-1.670812761,-1.629193187,1.028162311,0.897747048,-1.349981117,-33.29696958
1.056024745,1.307309119,0.269799075,-0.563869903,-1.264455259,0.46461996,-1.109262478,0.249675028,0.183235599,-0.289839893,-83.47260146
-1.847400061,-0.226591119,-0.512104898,-0.206508059,-0.168242204,-1.247189992,-0.149675374,1.242696479,-0.727759301,0.193628251,-70.8760231
2.404804775,-0.48428073,-1.215211418,-1.099689087,-0.090732091,1.267395183,0.247064325,-0.314874069,-0.975943744,3.002652485,-216.7429336
1.191707497,-0.08371796,-1.143019312,0.820158187,0.87231538,1.029457482,-0.064688605,-0.150242989,0.073196991,0.072874098,17.74403519
-0.144586767,1.823358962,-0.078825879,0.079856836,-1.242620145,-1.125950896,0.011332378,0.562979182,-0.215476716,0.676101614,-38.2309557
0.085713183,0.316758714,-1.895535876,-0.011708956,0.572229445,1.214480865,-0.73277496,1.739296409,-0.380653172,0.012861885,-144.4555945
0.71373522,0.32797039,-0.881141309,-1.00571298,-0.384582444,1.085188916,-1.064496421,-1.033028845,-0.742745571,0.659068029,-199.810226
0.855275264,0.700836447,-0.516919486,0.837868387,-1.643065427,0.47385594,0.19205291,-0.107612885,-1.590679511,-0.623697261,-34.27634961
0.926955712,1.181832557,2.392326681,-0.919125189,1.240527155,-0.767911281,0.197441085,0.491734785,2.288399376,-0.398439595,181.7916338
-1.006542565,1.139878561,0.194384302,-0.353166293,0.325796317,0.579633173,0.338483843,1.317597536,0.168460976,-0.29540141,9.880752598
-1.3446022,-0.300862445,-0.039219277,0.06503261,-1.381680034,-0.614814673,1.361047364,-1.147069479,1.068496174,-0.781992072,-37.35525944
0.151847657,1.65131176,-0.693922219,-0.394000313,0.590780842,-0.932659639,0.022491238,-0.772853425,0.657133908,1.641312447,-68.75999554
-1.375634089,-0.473645458,-0.455467056,0.244957093,-0.117667302,0.635329195,0.474633486,0.408135913,1.178252848,0.707591822,-34.99765176
-0.070165711,-1.660960934,0.380197851,0.610585745,-1.335344359,0.177701001,0.559790448,0.459180079,0.833922155,1.080780726,41.66522986
1.163615809,1.339305784,-0.019977786,-1.32728117,0.795596366,0.873163708,0.666883258,0.778212482,-2.780382333,-0.244997932,-105.9660964
-0.677011177,-0.374390033,-0.029803782,0.524584683,0.473336676,0.082864842,-0.336066697,-0.687784295,-1.51054605,0.268804934,86.26328955
-0.648132434,-1.911642211,1.492264509,-0.253640454,-1.613901455,1.321211126,-1.148583315,0.440819799,-0.722596781,-0.247350927,48.38204751
0.342091601,-1.260378294,-0.437220057,-1.729797415,1.762534547,-0.10467932,1.902205971,-0.339445367,0.626041662,1.011109307,-124.1612707
1.31582184,0.646743935,-0.481717051,0.242602813,-0.728790196,-0.850782749,0.865674651,-0.844702999,-0.837823061,1.081316958,-46.90576296
0.605133016,-0.280282713,-1.429724243,-1.420893985,-0.027214132,0.478847573,-0.203168529,0.757304224,0.850982679,-0.160653286,-275.1336529
0.404211915,-0.839146579,-1.329231055,-1.214527031,0.028738441,0.892823117,-0.547105929,-1.493357189,0.290337635,0.965225709,-230.2759074
-1.2914043,-0.250526621,0.709868988,-0.628325096,0.252969934,2.715768937,1.264600423,-0.100522111,-0.124536388,-0.026949056,30.88029895
-0.372004533,0.815368414,0.727788032,0.782042793,-1.908269405,-4.295390984,-0.742248204,0.169445922,-0.043236516,0.027678211,57.47963763
0.112807388,0.099541582,2.05630101,1.814350576,-0.846818848,0.583211775,0.605035141,-1.549996626,0.329786226,0.430403423,321.2355423
-0.074433429,0.620672098,0.632407739,0.97255445,-0.562466776,0.707751935,0.621809962,-0.247518636,-0.727137176,-1.57022472,131.572521
0.019769191,0.541159636,-1.333195569,0.012985415,0.685706026,-0.431084476,-0.210972495,-0.522648888,-1.732186158,0.037825228,-102.0765856
1.016725856,-1.406969011,-1.023131975,1.291212459,0.106433835,0.169095272,-2.493573426,0.182165416,-0.921318755,-0.250124888,45.27171476
0.909280658,-0.811236858,-0.04939968,0.284169791,0.677404954,0.939601375,1.073289736,-0.602927839,-0.812055367,0.008393427,55.32210717
0.78452726,-0.567195151,-1.547706401,0.349630542,-1.961966851,0.036506222,1.568199691,-1.442853754,-0.720368855,0.348221104,-176.7910113
-0.60922348,0.915287325,-0.395729774,0.820197245,0.766508001,-2.109059103,0.403710573,-0.454822052,-0.120222434,-1.002426682,76.65363597
-0.37478385,0.47181174,1.335345357,-0.182408701,0.254540646,1.252275478,0.70405123,-1.272993332,-0.500215864,-1.762527111,112.7254082
2.010940885,0.119100568,-0.006119005,0.403344968,0.05050489,-1.799155824,0.862285717,-0.058206053,-1.610042599,1.047588422,30.43334609
1.139628755,-1.213029829,0.915156338,-0.15090007,0.083892619,0.264717868,-0.297341545,1.446909945,-0.918726635,-0.229499384,51.45831472
1.106231559,0.200698694,-0.85349548,-0.669436914,1.796665202,-1.099039225,-0.97830795,-0.936592006,0.552905229,1.798480087,-74.30243043
-0.025991547,1.15012263,0.719318283,-0.011948122,0.162396059,-0.181310621,0.786372187,-1.367865134,0.611772285,-0.070765995,75.57364276
-1.194937826,1.175523971,-0.386005223,-1.728583776,-1.520693559,-0.859219276,1.327193104,-0.49206749,0.985316074,-0.557523061,-241.7424786
0.355338196,-1.809267715,0.223926874,-1.946525286,-0.756004019,-0.450253388,-1.117927608,1.243428278,-0.928219967,1.5391972,-183.3273094
0.060736126,-0.767546501,-0.329743159,0.785846413,-0.037538801,-1.155075621,-1.07449839,0.000304964,1.35361211,1.020381874,33.36440069
-0.081874177,0.563673654,-0.231868507,-0.342017346,0.609951387,0.18421723,-1.153482531,-0.590221966,-3.321114556,-0.370036613,-45.81377899
0.950176423,1.278756127,0.892762743,0.983320994,-0.110781052,-0.407131499,-2.47248931,0.255609366,1.646481892,0.889550496,137.0637854
-0.633272705,-0.096760103,-0.72895925,-0.189014298,-0.04427332,0.18699021,0.180294881,1.805574433,-1.476262544,-0.814868149,-84.23319968
-0.832070468,-1.084967987,1.741383655,2.842593728,-0.706743182,0.165384769,-0.278584724,-0.259686863,0.097417343,0.353039248,395.9195366
1.242516124,-1.194465249,-0.560083888,1.696057754,-0.490092469,-0.103040582,-0.553833023,1.017817286,0.125406783,-1.540640969,94.88341024
-1.477612407,0.257600857,-0.01656841,0.683324512,-0.045928829,-0.484258352,0.590744336,-0.371779012,0.063649061,-0.220113731,50.88996798
0.483711971,-0.741560039,1.10627822,-0.216993348,1.005981477,0.632248882,1.962421677,0.33333298,-0.493896462,-0.103980049,124.6926643
0.531059815,0.161454665,1.747113709,0.160404987,-1.644381733,-0.16003059,0.005680216,-0.780750967,-1.299306821,0.676057055,131.6179143
0.58384583,0.981309757,1.301647135,-2.747232142,-0.011878118,1.136576704,-2.436229321,-0.554932716,0.505915388,-0.29197856,-148.0250616
0.107979813,0.470753242,0.270049613,1.398624611,0.162615624,0.549751222,-0.250854661,0.496701612,0.868054654,-1.456937546,154.2110746
0.421992081,0.00204351,0.872956866,0.923166171,-0.26438336,2.618728821,1.055873139,-0.068597196,1.939449217,-0.640085322,153.5693891
1.293753156,-1.569099025,-1.16682277,-2.01500844,-0.776773909,-1.730222126,-0.002915151,-0.168771939,2.62530558,-0.797822121,-337.6117316
-0.340340483,-0.225722632,-0.087015223,-0.583122831,-0.541620763,-0.318301014,0.486741502,-1.050941166,0.773547615,0.197313412,-75.61692963
-0.853528308,1.523945809,-0.288516475,-0.402096104,-1.618111818,-1.298719635,-0.19703686,-0.212407424,-0.522502342,-0.108621798,-127.4588239
0.379610056,-0.836187115,0.458600454,0.908222524,-0.081279548,-0.698473758,0.333945048,0.860085068,0.555379656,-0.379907967,120.4207072
-0.041291362,-1.474502687,-1.24448645,0.449827214,3.529055188,1.010839735,-0.707552285,-1.125654968,-0.720212021,-0.538790305,83.77668803
-0.068286208,-0.263423635,0.981149716,-0.386929447,-0.371257371,-2.156445377,1.737984985,-0.128398266,0.338758162,0.428967949,56.48086687
0.14304877,0.849611989,-1.843793583,-0.890317848,0.17553623,0.301700009,-0.064077764,-0.162123975,-2.196127821,0.53629091,-244.661908
-0.487069412,0.51826241,-0.68001148,-0.018604706,-0.23964663,-0.482094678,-0.96168724,-1.136751079,0.748491008,-0.223507751,-73.46950945
-1.115500787,-0.780116782,0.900536733,-1.059668557,-0.506141092,-1.125626158,0.242314257,0.572698642,-0.195930667,-0.016938583,-46.98320374
-0.64231821,0.439413517,-0.621009053,1.963119012,-0.292928635,0.735598995,0.137624161,-0.932480577,-1.477082036,-0.257487313,109.982325
0.243320691,-0.495906191,0.686314805,-0.226564276,-0.83452965,-1.679899241,-1.073179387,0.651602255,0.733203672,-1.838629899,-2.566766572
-2.782960432,-0.087148392,0.701255639,0.723070324,0.646083241,1.297940194,-0.153808778,1.268807656,-1.085173678,0.318827044,156.122451
-0.820477376,0.889808052,-0.307712484,-1.069862996,1.677012684,-0.539836331,-1.036307318,-0.609979975,0.370567328,-0.622427132,-69.48820089
0.56752425,-0.527553698,-1.727997859,0.615478005,0.461543838,0.9030218,0.772474012,-0.056602639,-0.949887756,1.393696751,-78.80797418
-0.695811157,-0.446786208,0.184391175,-0.170165077,1.828720323,-0.700238738,-0.386090463,-1.73764447,0.545044396,1.008831954,86.80669881
1.435570993,-1.828405881,0.965326667,0.70433621,-0.853399474,1.072929615,1.852040045,-0.361628109,-1.097610982,-0.417783013,137.0572753
0.186506217,0.226583929,-0.498464083,0.196851926,0.916378827,0.035225306,0.118027714,1.002721415,0.073740786,-0.608628287,-4.595496642
0.9001002,-0.954059342,0.018463336,-1.305546628,0.274805464,0.894249007,-1.709889765,-0.585755713,0.361695099,-0.634529083,-117.9430126
0.483178537,0.922413321,-0.029223995,1.153801118,-0.299866234,0.315915475,0.176656428,0.859946028,-0.564112539,-0.92267475,98.47458737
-0.060280749,-1.010881497,3.14042291,-0.149585315,-1.894834368,-0.358394483,1.0387279,1.857590877,0.996388426,-1.238161144,195.3219574
-0.163066964,-0.744902645,1.188913371,0.708303847,0.75429133,0.800409525,0.351448208,-0.881874651,-0.026521259,1.070150238,208.2269234
0.111574055,0.385675017,0.297216693,-0.70194921,-0.010919962,0.861415841,-0.344615286,-1.104974016,-0.131498235,0.642042123,-40.69288731
1.384203093,0.971769469,-0.005658452,-0.622614992,-0.125865551,0.17787262,0.903904555,0.755858334,0.31752592,-0.842615041,-65.60485534
-0.325596612,0.013827753,-0.936148897,-0.068854901,-0.254525398,-1.428690963,-0.705129977,0.952700614,-1.036437366,-0.169036717,-103.7745221
0.239857746,0.486309993,0.685857819,-2.153730574,0.000755507,0.975713378,0.446981717,0.623087348,1.653309637,-0.638585825,-160.9647324
0.629718724,-0.090424101,-0.184906617,-0.460555573,0.773261221,0.294145884,-0.342512408,-1.209111289,0.283059547,-2.297912533,-16.43732042
0.848805458,-0.0644222,-0.690337062,0.441082662,1.694175758,-0.560557345,-0.306772685,0.698575481,-0.61729907,-0.306996357,36.92333269
-0.62747115,-0.196800677,-1.071041835,-0.79830065,-1.38768685,0.780000832,0.777675471,0.55811354,1.261536984,0.6067061,-227.561968
-1.385616054,-0.840161901,1.309577369,-1.047957041,-1.489055968,-1.140193585,-1.309185221,-0.69538165,1.085993795,-1.148149488,-46.41957368
-1.663559228,-1.026016955,-0.025288713,-1.603163366,1.013323503,0.298488107,-0.091630784,-0.146744573,0.476034809,0.886580565,-106.9756752
-1.273489016,-0.335088299,0.600884449,0.312958125,-2.030782998,-0.293607159,-0.99082765,-2.103049517,0.80647723,-0.01595863,13.37124265
0.658544273,2.010204539,1.547505201,1.795877673,-1.515744115,0.202923021,-0.61278869,0.33445679,0.285865391,-0.38770156,243.9090351
-0.413465161,0.260280507,0.160018226,0.501782736,-0.548287296,-0.155898178,1.117398816,-1.326047686,-0.359768646,1.44849923,45.31809298
0.207604169,1.099058519,0.967387068,-1.374400928,1.155061481,-0.902488413,-0.21960308,-0.686820673,1.005947859,-0.05133547,-14.7968174
1.25450386,0.798824809,-0.920055634,1.565874548,1.29800681,-0.470013866,-0.347791129,0.068774907,-0.553948341,-1.136134633,100.1391641
1.161837432,0.120862168,-1.838766032,0.362054991,-1.199875813,1.080870778,0.581612751,-0.134806612,-1.382318975,1.967969447,-173.3211671
-0.268907676,0.557786724,-0.138917137,-0.34840583,-1.068726954,0.020708684,1.072708741,1.723884876,-0.277997122,0.379325364,-81.97280335
0.533695248,1.492952623,0.256783257,-0.228472544,-0.139542043,0.46041565,0.667065473,0.296572677,-0.363312008,-1.545056407,-26.48524464
0.759304571,-0.371985759,0.327962574,-0.236899154,0.65231261,-1.161760503,0.301896063,1.292394639,1.060599775,-0.960484556,29.40667395
0.478037815,-1.439608131,-0.671014846,-1.095839163,0.636870158,-1.771896682,-1.104451828,-1.681968784,-0.222574927,0.43354161,-131.8290638
-0.766120831,-1.128062555,-0.091956783,0.016025282,-2.074640038,0.273010717,0.794600383,-0.150614015,-0.503569619,0.973622249,-62.06137746
1.47802641,0.169762362,1.808854215,-0.995318399,0.277238034,0.862705477,-1.772151372,-0.466624078,-0.360837825,0.941318819,68.91309678
1.41631199,0.435369503,1.740451821,-1.185617964,1.733799034,1.360418388,0.344185836,0.614071359,3.28029959,-0.717786256,113.6933849
0.620483524,-1.239171883,-1.377940177,-1.301184133,2.961283697,0.654915099,-0.893114232,-0.751662754,-1.026922375,0.121244695,-132.5514721
-2.291292807,-1.108497091,0.026185149,0.071287261,-1.978384917,-0.193155225,0.638956814,-1.478002255,-0.4350526,-0.708488102,-58.89925627
-1.327507491,-0.501177137,1.335473898,-0.77537903,2.202243273,1.228572082,-0.695809611,-0.165424052,1.784558889,-0.159328578,125.371479
-1.532371001,0.049249936,-0.817539128,-0.063020238,-0.071711516,0.620173127,-0.85618136,-1.174978292,0.996937721,0.107980889,-90.8418278
-0.711462194,-0.384456879,0.082772904,0.036782833,0.450613049,1.959837255,-2.384306789,0.428342051,0.134166416,0.745150864,15.11275389
0.084518476,-0.71358467,0.084466786,-1.069254494,0.135924567,-0.993589516,0.956295002,0.505021088,-0.017006074,2.324673306,-88.33549519
-1.30893275,0.862987455,0.433961978,-0.516686099,0.583052319,1.960823163,1.017288768,-0.733163236,-0.339790446,-1.524378127,20.77159896
1.603866067,0.679381373,-1.836005283,-0.441176691,-0.611605146,-0.079849153,-1.136375167,1.111631474,-0.656034758,0.231648072,-232.9902687
1.146488661,1.071744973,1.543959615,0.667108992,-0.39864259,0.171401107,-0.450486851,0.529164687,-1.203416989,1.7351266,184.3417664
-2.429755298,0.235787064,-0.545655394,0.778682746,0.479354259,0.198078617,0.465384077,-0.481864315,-0.902414721,0.04323169,38.02107993
1.092959111,0.970462637,0.032863374,-0.382778402,0.966125326,-0.85161724,-0.116488353,-0.075027,0.440494496,0.489211825,3.201803289
0.48074458,1.496710407,0.551885972,0.680230208,0.223153055,-1.35693557,-1.936752703,0.099886954,-0.878263253,-0.76135527,98.05786934
-0.145934195,1.328541852,0.820052874,0.914346135,2.327841243,0.728355513,-0.545377955,1.407666135,-0.095867267,0.156997991,243.853817
-0.572349238,0.282126526,0.027199374,-1.512823993,-0.715238154,-0.36428688,-0.328590454,-0.859172358,0.940229306,-1.008934346,-173.0469907
-0.561842099,0.479360953,0.685589746,-0.141648586,0.07569494,-0.806376929,1.166370546,-0.529466964,-2.17821132,0.530975662,52.68622855
1.173442915,-2.271613784,-0.659682196,0.651007651,0.631888765,-0.114151218,0.856985348,0.46486564,0.751028832,0.699136595,35.76768212
-0.681009673,-1.145022238,0.367128319,-0.487728019,-1.014024894,-0.550634915,0.030323872,0.786570643,1.241907531,0.31727494,-52.73334488
-1.310512565,-0.512233508,-0.095610779,0.645866668,2.094374972,-0.407943635,0.16880381,-0.24782181,1.448963246,-1.405198036,122.4090649
1.400656575,0.680100683,-0.666611312,-0.442080986,1.055633757,-0.96532447,-0.312413564,-0.871123565,-0.693210828,-0.619276169,-57.02638454
1.305861086,0.974118468,-0.557775363,-1.134974165,-0.653599285,-1.094980618,-0.732813161,0.755461714,1.648412608,0.659458524,-187.1137047
0.473471899,-0.267641091,-1.731201303,1.494938227,-0.037570645,-0.089234154,0.041325632,-1.021162458,0.951549771,0.44300213,-37.42890837
0.810780144,-0.01190097,0.195228133,-0.818384309,0.706742597,-0.713810277,2.195847162,2.401110131,0.004005301,0.975599498,-10.50971174
-1.489936205,-1.263871561,0.899598738,0.915172151,0.016036663,-0.318416854,-0.230864111,-0.918316137,0.246183944,-1.508609454,173.8973832
-1.881077005,0.896153845,0.543864396,0.294554979,2.190681004,-0.426960391,-0.990769824,-0.564373643,-0.830626349,1.503700318,125.6611977
-1.478911569,0.18335992,0.541462728,0.75915516,-1.801980438,-1.170113026,-0.576510401,0.391804005,-0.546244448,-2.591042292,46.74273664
0.779629222,-0.939152569,-0.907964522,-0.014707348,-1.33391881,-0.579915389,0.298572519,-0.356438047,-1.202699207,-0.683933657,-125.3629803
-0.375633661,-1.30481689,-2.350455853,1.672868202,-0.906902875,-0.948952828,-0.863979849,0.695165248,-0.910324342,-0.12653258,-118.5399188
-0.294455758,1.452755545,-0.123344064,0.309047443,-1.029811849,-0.318748315,-0.655687719,1.119244918,-0.939463242,-0.235711245,-36.11750874
-0.211130239,-0.987179527,1.612220628,0.896839316,0.146793012,-0.483061052,-0.268530648,-0.719153319,-2.151815401,-0.891192225,254.5402088
0.10022523,0.442159989,1.588099332,-0.583590634,-0.570340512,0.213948649,-1.135686492,-0.542575911,0.457734043,0.696482968,59.671717
-0.262849066,1.473737578,0.210872359,1.045802916,0.012390076,0.983178481,-0.477406232,0.307961552,0.069780702,-1.374399248,108.8591688
1.24113432,-2.128590209,-1.447706768,-1.409679295,-0.3615923,-2.071244067,0.573433792,1.10877666,0.788864216,0.875973838,-277.6844521
1.782412325,0.415822012,1.689654764,-0.021384966,-1.397659875,-0.379293854,0.216688453,1.551238637,-1.120988091,-1.089792116,104.152574
2.274093569,0.940369689,-1.457299288,2.040346599,0.5705847,-1.757787424,-0.404515085,-0.629970032,-0.769707099,-0.184875177,77.17241499
-0.03709897,0.213491832,0.730226573,-0.058514098,2.731659,-0.645996579,-0.70793164,-0.516101439,-1.732852629,0.445787849,178.2963731
-1.457172698,-0.161427898,2.10098719,-1.75928702,-0.095150512,1.353891859,0.419341872,-0.201774376,-1.907222,-0.798520392,19.10167952
-1.570683346,0.783291388,1.108802343,1.22942747,-0.585030576,1.549184966,0.65039333,-1.482014362,0.353272953,0.387580713,203.8785806
-1.073307456,0.153920653,0.015882641,0.832632149,-1.308914963,1.476359922,-0.337998345,-0.300201737,-0.401469546,1.74569472,17.50588752
0.566322264,-0.121359008,1.129920179,-1.684071664,-0.54124255,-0.215955649,0.889259891,-0.837730234,0.537215638,-1.744257681,-63.03833023
1.687141635,0.881639757,-1.60644632,0.203463636,-0.955540441,-0.127917591,-0.756350745,-1.081548004,-0.646572884,-1.42225371,-169.1535156
-0.068123425,0.363970631,-1.358574015,-1.079736321,-0.523731303,-0.132136589,-2.02179864,-0.966587891,-0.598437581,-0.101280719,-253.4187767
-0.337749033,-0.798185894,-0.792275954,-0.41205227,0.194628578,0.439510019,1.960717832,0.47822394,1.562668505,2.672156743,-94.07842902
-1.199116135,1.30521888,-0.180727301,-1.047154574,1.33648999,-0.785466067,-0.215610038,-2.109810031,2.775622458,0.349634258,-71.08706449
0.526967331,0.032293619,0.113655536,1.503656606,-0.847719362,-0.872158984,-0.592709024,0.656780423,0.321072142,-0.403196465,125.0800541
-1.186771418,2.064389152,0.440901363,0.160122068,-2.917362861,0.82948759,-1.886215565,-1.853732745,0.590891726,0.406252983,-64.37874994
-1.970873713,0.530309274,0.500491094,0.585891431,0.03374499,-0.959097541,0.771508538,-0.486625263,0.486063779,-0.213291525,100.9039443
1.508918894,1.118338137,0.640026618,0.356412584,0.909962541,1.769913068,-0.661137112,0.549574316,-0.077922736,-0.200571181,113.0892234
-0.499451193,0.66908521,-0.070223621,-0.287109505,0.719599498,-0.706669104,0.435211528,0.121461064,-0.34375652,-0.74149825,-10.13099197
-0.90069747,-0.15656246,0.837032894,-0.955117043,1.179072011,2.097279901,0.083854114,0.147720778,0.026227258,-0.316677317,25.87663752
-0.794045682,0.296303248,-1.433249896,1.404428839,0.015197296,-0.356227258,-0.737490002,-0.318132113,-0.530560038,0.235122531,-6.355408934
1.057043419,-0.695829946,0.492437339,0.289830042,1.184743899,1.464201273,-1.215937818,-1.825512109,-0.683860203,-0.245819127,112.81842
-0.85835778,0.700309879,-0.975873253,1.053641797,-1.351684606,-0.923233246,-0.949398889,0.184836124,0.493317901,2.632382065,-53.59952648
-0.29809304,0.411648565,-1.386966303,-0.819008116,1.48401649,-0.133828283,-0.218986744,1.806234538,-0.408771985,-0.83231547,-148.39143
-0.844316181,0.304881921,2.380326134,0.135891414,0.621744488,0.185668208,1.021138403,0.560518865,1.777794163,0.964183435,255.0307586
-0.460236337,1.918467767,0.135388796,0.950790114,2.757534792,-1.229738512,-0.308346139,0.128326084,-0.481282222,-1.004611314,192.3501185
-0.948701535,-1.688901669,-1.54808839,-0.351483636,1.506295915,0.966704981,1.034226674,-1.549999178,-0.910417674,-0.192278313,-113.7896467
1.36850108,1.315419901,-0.396383873,-0.017950295,-0.012036893,-0.447448285,1.298271567,-0.195497633,0.647956796,-1.399312474,-28.94982158
1.151253874,-0.990752809,0.365240275,-0.962315693,0.703049305,0.366503648,-0.217232967,0.322857958,-1.107813476,1.664646536,-30.64139787
0.384970981,-1.007030865,-0.709034112,0.336122903,1.414745338,-1.080252562,-1.271453699,-0.315158306,-0.111112714,-0.121930414,8.831242722
-0.605731532,-0.704228094,-0.313497928,0.523866606,1.264582691,0.935221704,0.839829287,0.143578187,-0.719161695,-0.118333432,85.93737038
-1.32228682,-0.163737867,-2.542519032,-1.406175186,-0.12919831,0.090753047,-2.885750244,-1.890657955,1.074013645,-0.343903061,-393.0942412
0.040680389,-0.066190447,-0.275184763,-0.149990366,0.143569998,0.807658522,-0.021310499,1.104028312,1.162708382,-1.437360958,-14.04498698
-0.722333624,0.441054113,0.70811214,0.813841269,-1.010813671,-1.88861919,-0.210710481,0.154639959,0.945260078,0.816985143,94.21356339
0.295279941,-0.77649914,-1.0921212,0.135338348,-0.546041799,-1.742221693,0.994447376,2.042069653,-2.371659361,0.646006187,-120.454579
0.084699637,-1.732561343,-0.599388964,0.851410842,0.789905497,-0.195439189,-1.253563192,-2.563289787,-0.273588019,-1.519431703,52.86502229
0.055510824,0.522783144,-0.196508799,2.603712035,-0.100190395,-0.789826836,0.009842585,-0.083944096,1.034767612,1.265171991,232.8950584
1.130674798,1.734399527,-0.484675965,1.227459031,2.114053325,0.113167459,0.479684941,-1.03308505,-1.31569089,-0.571904892,134.3504688
0.126744866,-0.726743743,-1.047799044,0.114936054,0.864405843,-0.621771511,0.238504874,-0.496077172,-0.839717557,0.236134814,-45.34329409
-0.442790938,-0.630498514,-0.479956769,-0.860158779,-1.269652266,1.110497279,0.984676695,-0.841734069,0.159036265,1.325522569,-170.9079628
-0.734910151,0.549526674,-1.654146031,0.524035017,0.347882531,-0.477703716,-2.005312397,0.191007634,0.257256047,0.313935072,-91.32253368
0.533980797,-1.778202728,0.317362633,0.155246052,-1.046619108,1.478513879,0.351091292,-0.405503367,-0.22078915,1.376231971,10.70449211
0.505354631,-0.46406253,0.897805281,-0.604619721,0.128339027,-0.383960202,-0.537776556,-1.368754536,0.87342482,0.023432127,33.15961323
-1.231416169,1.740057269,0.596543387,-1.758354028,-0.844999909,0.448664705,-1.298069751,-1.959958852,-1.256180027,1.825724547,-159.1915946
-0.462115964,0.054335659,-0.299393843,-0.592244378,-0.19529458,-1.139056666,-0.538810359,-1.134127662,-0.319740214,1.184695798,-92.74931352
-0.264656833,2.720169167,-0.077101709,0.341151975,-0.815810285,-0.88951443,0.276690799,1.453534077,0.013001892,0.827183249,0.060013219
-0.900448461,1.419455681,0.851591046,-0.909680439,0.411952999,-0.599639995,-0.451302864,-1.287605284,-0.822165607,-1.01791149,19.42354677
-0.388411241,0.222716063,-0.227884288,0.095607544,-1.015507439,1.594761989,-0.960353052,-0.321079429,-0.210357604,-1.755102031,-52.95270552
0.386323318,-0.204471221,0.043514669,0.558139515,0.46328853,0.4148655,-2.529560078,-1.151014084,0.241321935,-0.296607459,80.79904403
0.825952209,0.743009694,-0.530010759,-0.40275729,1.747059145,-1.797143668,0.255784252,-1.660068149,1.961104291,0.625076797,-20.7681403
0.485461723,-1.035491862,-0.079691301,-0.489040165,-1.559096321,1.810045104,0.96059315,1.239479444,-1.727295179,0.353565864,-110.519848
-0.075898785,0.080319573,0.235317168,0.056507674,0.705148659,-0.415091337,1.55834996,-0.085863901,-0.690351866,0.662306142,63.94862311
-1.09096643,-0.410814288,0.793488721,-1.748531973,0.810808273,-0.134308741,1.304340243,1.126705137,1.032546204,-1.662491988,-68.55692446
0.666312501,0.462591293,-0.675708079,0.034152417,-0.487228564,0.347676484,-1.087245939,-1.148794035,0.679373283,-1.085825129,-75.46097497
2.223075243,0.847194916,0.555579834,-0.674814679,-0.776056304,-1.771252044,1.623476405,-0.265366021,-0.45377442,1.205565524,-36.64111185
-2.076973522,-0.464035761,-0.415212643,-0.084043412,-1.077618965,0.85440678,1.26341754,-0.366480126,-0.332644446,-2.197186941,-58.33839502
0.141989451,1.256878032,-0.610762656,0.106669655,1.460680332,0.166967623,0.747058828,0.028565763,3.096588896,-1.321209232,4.065182178
-0.142914692,-0.506402418,-0.486662807,-0.786081199,-0.364642054,-1.643269035,-0.799880666,0.874093403,-1.275853205,-1.808122954,-126.2580949
-0.820878922,-0.426804195,-0.512588797,0.683212404,1.12477672,0.898359568,1.390255328,-2.301471718,-0.246335281,1.787346414,50.56628078
0.473217066,0.616394291,1.50924002,0.382117171,-1.366211591,1.359385223,0.160685498,0.651330952,1.344685173,1.614783254,126.1780027
-0.665107371,-0.583560548,-0.208506431,-0.531775701,-1.191719134,-0.700117592,0.596299785,-0.291021473,0.627702395,-0.051394927,-122.7738046
-1.742082458,-0.455220581,-0.741162669,0.807739556,-1.631067625,-1.246561966,1.580339771,-0.080815573,1.057427287,0.916567614,-48.8175325
0.228996392,-1.857901451,-1.668599259,1.05872853,2.868403056,0.012499322,-0.172801737,-0.733156197,0.441307152,0.771920155,58.15515813
0.695537758,0.849102111,0.457772866,1.674492433,0.778936504,0.439501231,-0.005596019,-0.387099702,-1.091700876,0.668741656,220.7333855
0.851765802,0.432033477,-0.795270471,-0.051077104,-0.135866606,-0.053836025,-1.892125293,-0.257219392,-0.399492718,0.438608744,-93.07518627
1.271542409,-1.267253413,2.609945167,1.930518668,-0.080646668,0.510391445,0.009395745,-0.057528831,0.700278648,-0.189726794,412.2826148
-0.712430404,0.430233798,1.160367822,-1.574727358,-1.052084267,-0.370233594,1.594371188,-0.416484264,-0.918528891,1.287652877,-83.38949464
-0.607875261,-0.539122703,1.476934426,-1.167779551,-1.516642549,0.295624489,0.216775564,-0.837262431,-0.588866827,-1.097302528,-34.22605041
0.398861611,-0.835911316,0.777528663,-0.509646739,-2.133951473,0.823060977,0.584304324,-0.697336004,-0.020646131,0.52122427,-65.33813004
-1.743694507,0.709601021,-1.318409451,0.865634185,-0.79262283,0.054639442,0.599511241,1.8384369,-0.968186751,1.060559878,-54.57401339
-0.91359605,0.420528022,1.046516159,-0.986364202,-0.402030793,-0.16041737,-1.847982471,0.121569161,-0.739943233,-0.225393047,-10.4515372
0.61326323,1.534306406,-0.35684103,0.216672286,-0.667843058,-1.123320575,0.351671269,0.659450268,0.188392632,-0.030929544,-39.47998407
-0.485876121,1.381038324,-0.685582941,-0.390135278,-0.783565032,-2.635443086,0.3595683,-0.236919564,-2.62733644,0.501332724,-118.9661837
0.135859424,-0.052505069,-0.767067455,-0.603838297,1.722155098,-0.433873463,-0.447961338,-0.230586399,-2.208280776,-1.214806136,-57.37442073
-1.544599727,1.152250652,-0.906218126,1.306554068,0.252213003,0.792137399,-1.698450568,1.885788516,-1.265212036,0.784284753,58.27323781
0.017688065,-0.535262705,1.732594266,0.618015365,-1.464369525,2.296760821,0.180779018,0.60448956,2.605160551,-0.305484976,148.6677613
-0.566093675,0.40934753,1.590782651,0.036835809,-0.56667559,-0.170844004,1.511145072,-0.577221509,0.460255889,0.005627205,117.0825654
-0.036878059,-0.021342951,-0.020650512,0.13374243,0.041410289,-0.665384439,0.174709649,-0.724792319,-0.959044677,0.332922725,5.698167172
-1.129849857,-0.82383687,-0.237807037,0.466431287,-0.702911438,0.473145453,0.520689496,1.127350089,0.997059356,-1.079532852,-14.92521603
0.684728359,0.396045964,2.518950207,0.126738434,-0.045043534,0.190231534,-0.379079649,-0.049628389,1.019955043,0.101131785,244.468435
-0.897293181,-0.425769873,-0.961444444,0.382007205,-0.347587623,2.042944861,-1.225791741,-0.164171619,1.403619669,1.71998453,-78.41198692
-1.227679964,-0.591278009,-1.103184381,0.820553503,-0.119619624,-0.236448837,0.184309064,1.444412195,-1.904674693,-0.420027727,-12.40082219
-0.558816292,0.668964482,-0.950175462,0.269603694,-0.210155604,-0.111354402,2.262568808,0.55966157,-0.433511821,-0.504715462,-56.60387188
-1.066859842,-1.094863492,0.102428664,0.527354747,-0.370214031,2.073664175,-0.012195567,0.213862233,-0.896084698,-0.746136021,51.16839638
-1.087030328,0.213090575,0.825307517,-0.265223865,-0.289120427,-0.287430208,-0.384630132,-0.671497514,1.024346202,-1.349172104,23.45970687
1.083217748,0.841550282,-0.522149862,1.093894598,-0.340953343,-0.853598154,0.285494203,1.873415124,-0.964506393,-1.064994097,44.91423302
-0.859402198,0.971485998,-2.507826036,-0.271531917,0.103576522,-1.091585153,1.07272703,-0.528905574,0.176837615,-0.726142436,-264.3614061
-1.565663697,-1.265587989,-0.80844643,0.51608741,1.208320835,2.054055275,-0.635989478,0.926479121,0.504393876,0.426416687,35.09385414
0.198022801,-0.016226209,-0.606931627,2.534532569,-0.400288481,0.572236727,-0.039313938,0.244670349,-0.713556491,-0.161771385,191.7572833
1.960973123,-1.344478606,-0.06642859,-0.321764522,1.573475118,0.560610427,-0.208466053,-0.087643788,-0.148697033,1.178316877,33.10859286
1.276289574,1.485887549,-1.460837985,-0.117494933,-2.266277689,0.314908642,0.786115204,0.197308378,0.671507073,0.075290737,-209.6177673
0.397266336,0.78609632,1.841878002,-0.39075177,0.509931241,-0.105485367,-2.338008717,-0.732453876,0.16685939,0.48107037,143.1738884
0.262561329,0.193589911,-0.658116489,-0.303726029,-0.867130216,0.825098265,-1.345870923,0.874389181,-0.476220874,-0.81925786,-100.0202541
-0.698255414,0.805715285,0.235520289,-2.026321055,-0.88789147,-0.961415321,-0.006275072,-0.350727611,0.666826035,1.408642716,-222.9441761
-0.446433615,0.194089993,0.249383684,1.57745328,0.219150328,-0.307778235,-0.095295532,0.186609123,0.60789651,0.279021526,179.0649766
1.551640528,-0.171653044,0.507291379,0.657285009,0.845365229,0.2871389,0.442127642,-0.353227459,-1.170764347,-1.006789348,134.9253527
-1.426649211,0.499110507,0.190223222,-0.379624497,1.268713895,-2.197501005,0.857158388,0.43426365,-2.801911569,1.524638596,28.08379535
1.978222966,-0.447885802,-0.483680581,-1.213081663,-1.473085436,0.351678512,-1.426207284,-1.321118295,-1.479373521,0.853324244,-228.1644891
-0.85713471,-0.195181673,-0.20118617,1.327500245,-1.403138408,0.655100272,0.292598446,-1.029564592,-0.035910404,-0.074605389,46.89475299
-2.144169774,-1.241558879,-0.350748286,-2.123931406,-1.505986521,1.445067886,0.00794678,-0.601868075,0.383475742,0.466174597,-300.6336546
0.077811347,-0.21871046,-0.807581324,1.409308002,-2.426326396,0.797733244,0.296817479,0.839734668,-1.202083426,-0.758661152,-42.76910888
-1.31626482,-0.684703756,0.069134463,-1.76272264,0.688673757,-1.098121341,0.379838247,0.160571609,-0.871753798,0.11391989,-142.3031016
1.085389961,-1.509730823,0.377965849,-1.788772623,-0.374256038,1.757781553,-1.494802215,0.659090486,0.850518128,-0.773396471,-153.4518599
0.240289347,0.059065115,0.229093936,0.735168714,-0.287405221,-0.600775776,0.901231086,0.369446448,-0.595795111,0.432511286,79.2794175
-1.030268092,0.548926713,0.937090828,-2.041268794,-0.868281374,-1.652493606,-0.085994212,1.692376449,-1.992438655,-0.312565884,-129.8305869
-0.24438025,0.189690995,-0.130300625,0.378927566,0.473837946,0.127632596,-0.087994248,0.974984434,-1.31089144,-2.246750944,43.36687787
-0.827571025,-0.07889308,-1.133851737,0.557876644,1.024455347,-0.808174584,-0.356752529,-0.588566036,1.386519732,-0.929825573,-10.04636048
-0.567910677,-0.95377988,1.1919281,0.730997173,2.306313315,-0.335301854,0.320067896,-1.061690424,-0.906632164,-0.012741465,283.3251168
0.14583647,0.585299437,-0.666848717,0.197916667,0.176189823,0.157127919,-0.607472288,-1.43267129,-0.686279136,-0.404361993,-23.70255301
-0.184162877,-0.214207401,-1.173503463,-1.358371065,0.134854929,-0.349335997,-2.271494765,-1.990517949,2.038884935,-0.021152973,-247.6720763
-0.751380123,1.784510768,1.534946274,0.495505098,2.325055016,-0.302288443,0.078463893,0.418826686,0.826834718,0.538132549,288.9996581
-0.761957796,-0.967577165,0.436817376,0.020020257,-0.954931918,-0.704836217,1.999188881,0.603050785,0.619580806,-1.921644483,3.556490668
0.784688592,-0.684012991,-0.684154436,-0.174065661,2.058938845,1.112756301,-1.231555465,-0.399788221,-1.492386457,1.853699543,-10.55990687
-0.102065835,-0.218970726,0.473946177,1.029482242,0.77120339,0.864317094,0.409046599,-0.059566739,-1.7107841,1.447532782,164.9336369
0.124181616,-0.044519448,-0.111447816,-0.073309782,0.470118683,-0.435318702,0.397744965,-0.249356581,1.429611094,-1.033215598,-10.42856158
-0.340269678,1.946698462,-0.415450483,-1.336331889,-1.062700276,-1.305512438,-1.938799909,-1.271544072,0.642474447,-1.135444194,-223.9125593
-1.478673596,-2.229676641,-0.519674478,-2.57829285,0.405240026,-1.135597266,0.444858221,0.373122397,1.346673001,-0.038261282,-272.1708113
1.259026191,-0.179583381,1.375308643,-0.413076534,0.492790928,0.368873489,1.586002421,0.593485822,-1.760133468,-1.084058737,115.586565
0.591442152,0.68022036,-0.249071845,-1.672893901,0.047493468,-2.036220503,0.404212865,-0.324068175,0.227034479,0.715872745,-173.1666513
0.282000543,0.376388562,-0.45335345,2.312044056,-0.666263386,1.209369178,-0.703636444,0.390172193,0.562092262,0.742209962,162.2599628
-1.105780286,0.408516065,0.543680899,1.098870788,0.329892597,0.901517998,-0.495627674,1.760082598,1.163023303,0.79342966,165.9644327
-0.34990783,0.82469035,-0.610154639,-0.281630516,-1.222733254,-0.440809531,1.667211601,0.009390608,0.344662305,2.195012029,-123.192492
1.255756126,-0.894607302,0.096120777,-0.462275289,-0.516044728,0.938283806,-0.434496227,-0.478748622,0.222133772,-0.309172123,-68.4795625
0.833159911,1.063813396,1.062654645,-0.081838011,-0.430043193,1.381893875,1.24355856,0.97882666,0.609195363,0.676722494,72.24379847
3.29590446,0.553180594,-0.071879848,0.495229803,0.19609694,-0.418267175,0.999972831,-0.269710311,0.898080693,0.344744578,57.21216268
1.41815761,1.126864546,-0.241187768,0.135276182,0.085743879,0.827315151,-0.500376609,0.579037518,1.469186814,0.979328645,-13.65553323
-0.160453863,-0.749129633,-0.170886262,0.1607515,0.416148181,0.305209042,-0.719906405,-1.134371603,0.983137101,-1.774844736,25.12557814
0.378258982,0.081905413,-0.523083997,-0.729561078,-0.907657708,1.826220478,0.0803794,-0.398996144,1.789374449,1.3703165,-149.9972416
-0.546548296,-0.097620696,-0.682935106,-0.361087163,2.374466283,-0.077285237,-0.395066906,-1.406810545,-0.328724813,-0.076187611,-27.10839961
-0.786572092,0.332372333,-0.236537383,-1.311549138,1.399417927,-0.795655134,0.188073357,2.209605576,0.665334535,-0.851180482,-95.34470117
0.516396668,-1.245051224,0.265163923,-0.64899852,1.342721861,0.380826418,0.883606786,0.335847265,-1.081413381,-1.366198338,24.85418158
-1.819314356,-0.420823991,0.719976796,0.50454734,0.122372503,2.076485453,-2.421887543,1.727203096,-1.220030236,-0.399491038,111.9836639
-0.458849655,0.393371691,0.793843845,-0.192779598,1.053876792,1.591318174,2.128830825,0.220410716,0.037418868,1.029814189,122.2038573
1.397844307,1.191173045,0.99541519,0.575561926,0.232194505,0.658631953,-0.29505619,0.57376711,0.312822237,-0.462856286,165.2792614
-1.117586043,1.547640774,0.451700201,-0.223398416,1.486151325,1.722267391,-0.197107988,-0.57039674,1.7578269,0.758065706,90.75869548
0.640485564,1.266254696,-0.187524703,2.156754489,-1.432285592,0.46627126,-0.435621579,-2.678142386,0.055035819,1.514144475,140.0835341
-1.881968327,-2.153679232,-0.725144649,-0.365373184,-0.622647352,0.904195814,0.670366608,-2.603232522,0.467960975,0.050900089,-132.6460277
1.513541436,0.569028146,-0.901968138,-0.18416254,-1.155641515,-0.27384163,1.348927506,-1.760719313,-0.59412361,-0.250176629,-133.1685751
-0.741843161,-0.381771197,-1.812727965,-1.032533276,-0.855527688,-0.581580763,2.441255845,0.82909844,1.917287969,0.609509896,-289.1491618
1.186687477,-0.303301822,1.98290569,-0.186712469,-1.000871152,-0.048552219,-0.297214877,-0.692081231,1.107079461,0.606662724,124.0847397
-0.570272263,-0.930512067,-0.074245463,0.247708162,0.062713809,1.471669413,0.053761965,1.565280458,-0.761557336,-0.220977374,8.622234558
0.970633673,-1.273255452,-0.858475891,-0.515393798,-0.564302946,0.309416185,-0.44447953,1.140013286,-1.741764112,-0.845963033,-145.3736263
-0.023050556,1.278575168,-1.72918289,1.952917382,-0.305444702,0.964155884,-0.061097508,1.167120788,0.416801574,-0.748799796,-2.496943148
1.238856034,-1.497627866,0.030378676,1.111376089,1.075241307,0.205526998,1.407211021,-0.130785719,-0.747933622,0.582312886,148.3784286
0.123330758,0.613765994,-0.430587571,-0.860743805,0.774890631,0.777162386,-1.056679125,1.473191513,0.136551172,-0.136626603,-102.0990837
-2.019849853,-1.140082601,-0.983032987,-1.063441866,-0.321169399,1.264769527,0.735468509,0.613122499,0.633715901,0.029621142,-180.6324935
0.267843638,-0.823534971,-1.027403552,-0.373268246,-1.017764309,-0.391876765,0.644518492,-1.153492426,-0.496531735,0.928245691,-159.7905157
0.984322398,-0.213988844,-1.004140767,-0.767797565,-0.918651946,-1.344450511,-0.034684887,-0.998354041,1.550500493,0.234214733,-206.5742645
-0.204128396,0.597508304,0.220678354,-0.233577224,-1.269297131,-1.801115464,0.909175557,0.046485145,-0.166061812,-0.899721562,-47.72170744
0.584953493,0.056706649,0.237875156,-0.254607986,-1.795982735,-0.764849228,-1.109609368,0.975836892,-0.008360787,-1.681376892,-81.94223931
0.202383371,-1.556951087,-1.134171145,1.029180436,-0.010465129,-0.428318258,-1.794143511,-1.170924894,-0.326535853,0.539764513,-28.45011445
0.215662787,0.435683112,0.382131276,-0.99069751,-1.087933459,-1.822534344,-0.544572932,0.822842073,-0.579186141,0.493086402,-96.9790801
-0.649826885,0.08416823,0.086110868,-0.746923285,1.127780251,-0.060403729,0.990166239,-0.477410706,0.526536684,-0.217131075,-35.46370771
0.983140228,0.78374148,-1.170930815,0.084013548,1.188618716,-0.656392388,-1.065261504,0.719270642,1.680785653,-0.964907255,-73.88880913
0.347024077,-1.631978569,0.03233117,0.312466411,0.159043605,1.155900179,-0.311170891,-0.267008365,0.051054754,-0.856470026,23.74564702
-0.771377226,0.320985969,-0.136618691,-1.328075033,1.432009671,-0.483283394,-1.511746538,0.434578501,-0.223334369,2.206804932,-105.2314006
1.1346397,-0.67191731,-0.85574258,-1.185921599,-0.665045918,1.188806241,0.182914564,-0.109193095,0.462154096,-1.853732241,-221.4951628
1.435740061,-1.183030665,-0.37295851,-1.144908258,0.849381577,-1.067416986,-0.496899047,1.118469411,-0.006853995,0.544929188,-112.0746987
0.706850986,-0.518000683,-1.471163383,0.677412985,-0.376261408,2.133126077,1.743832264,0.793668546,1.724700054,0.52937357,-93.54660031
0.045739129,-1.047866306,-0.426762829,0.311395357,-1.814308121,0.059661894,0.512583153,0.58042194,0.397404033,0.58902308,-75.35099453
-0.641486909,0.487872285,2.024309623,-1.363174005,0.462172666,-1.598124352,0.189706168,0.019147777,0.425887206,-0.661982178,71.80744516
-0.49611398,0.084021761,0.917462154,-1.264187596,-0.879016886,0.147968881,1.284494378,-0.158246372,1.389775295,0.991059424,-55.71761532
0.75678868,0.612468794,-0.329447786,0.731870704,-0.302045499,0.679142775,0.335058029,-1.535572123,0.46926759,0.316155957,40.97526372
0.474919874,1.581375969,1.423631182,-1.940430226,0.843383453,-0.550353588,-0.567863147,-0.822519644,-0.879274462,0.023620602,-33.25082373
0.739944051,1.679747382,0.794923114,1.349135105,-0.039926463,0.609880047,1.058170094,-0.980788008,0.011862679,0.470509847,218.7492203
1.904679882,-0.006461594,-1.109839489,-1.003787815,-1.479089288,1.833114148,-0.943940643,2.072598541,-0.566803452,0.323452364,-263.8353022
1.821976832,2.113830288,2.147627819,-0.985936224,-2.093032098,-1.359879751,-0.686238717,0.531410002,-1.208574633,1.228077923,4.971084995
-0.690678305,0.907608756,-0.875906155,0.592245217,1.526998808,1.48849991,0.423205573,-1.040976009,1.243617568,0.926387544,25.50748219
0.238092645,1.219115989,1.206623408,-1.466088106,-0.145002508,2.101381374,-0.843524501,-0.178976022,0.412213795,-1.009598243,-23.62053923
-0.269255787,-0.196069487,0.130719712,-1.303606842,-0.06807474,-0.640037332,0.326337661,1.000290789,1.667317649,0.033740404,-97.37142324
-1.710175101,1.037171473,-0.912678761,-0.278656334,2.031158713,-0.359911094,-0.387488663,0.279240101,-0.331239309,-0.247171612,-34.36314734
0.611692047,-1.47719621,-0.317640465,0.423677502,0.434476651,1.499045481,-0.593314162,0.373390067,1.015298602,1.251379902,23.90670451
0.543479379,0.199810434,-1.368315039,1.987275999,-0.068634046,-1.912254975,0.911362722,-0.846315977,1.263706678,0.105753791,70.97123847
-1.820850139,0.335753994,-0.040591836,1.292406901,1.465726413,-0.698210082,-0.379786595,-0.793473069,-0.725475317,0.606085183,177.0195567
-0.58431922,-0.147456488,0.517598596,0.194325068,-1.171598908,-1.239538873,-1.974793582,0.676676869,0.313843099,-0.822021704,-5.646314243
0.481009232,0.223884024,0.279968626,-1.125489047,-0.055584671,0.654365656,2.44575198,0.725766624,0.109394795,0.129221182,-71.90301449
-0.627257991,-0.725878625,-0.512718445,-0.229003892,0.521960947,-0.935346033,-0.358354505,-0.890388486,0.761787552,0.719862175,-43.96959362
0.737934926,-0.644808936,-0.300318143,-1.178436713,1.432078604,-0.03193389,-0.417234835,1.930658259,0.070864997,1.370791834,-83.21803956
-0.100695873,-0.946313823,-0.406151417,-0.946982766,-1.451103986,-0.522520929,0.451347548,0.838014055,-0.072822433,-1.181193539,-187.0994536
-1.289678554,-0.449615234,-0.03724762,-1.367826227,1.24380868,-0.603832957,0.477198903,1.132724133,-0.376845223,-0.801341143,-87.64160354
1.507707699,-0.408672346,-1.723046029,0.3112617,-1.008481427,0.57622872,-0.528450998,0.160975498,-1.267577705,-0.980313746,-155.4374684
-0.589444422,1.208767941,1.457332804,2.700728947,-1.641511215,-0.339261838,-0.341284328,-1.096136756,-1.31085835,-0.639295179,354.664332
0.676047378,-2.65796326,1.649000432,0.211784327,-0.193849134,0.946750439,-0.776785532,0.128459116,1.018131484,-1.086728552,156.9919745
-0.020560557,0.289183673,-0.335244082,-1.341064713,1.046911794,-0.305188845,0.743651776,1.607578306,0.031395866,-0.204876664,-127.1758117
0.257581749,-1.30073507,-2.5282451,-1.069104291,0.242902541,0.055479919,-0.845230105,0.636180489,0.185877884,0.150867629,-326.2037045
0.780756002,-1.428481127,-0.070928219,0.007641086,0.113294427,1.511325986,2.545382788,-0.655350902,-0.830076699,0.039807503,0.946481649
-1.715179971,0.825923583,-0.223025681,0.28203621,-0.820328461,-0.879643676,-0.152854992,-0.507716769,1.762979653,0.43356246,-35.0813031
0.457541934,0.433747609,-0.259221813,0.124384767,-0.216731789,0.123529202,-0.82829376,0.209686064,0.450812336,0.120198559,-26.44451794
-0.924762587,0.409576889,0.178854724,0.348407218,-1.297756287,1.096158063,2.836412011,0.350933609,-0.711268049,-0.317858739,1.803550026
-0.630194644,-0.280755808,0.401462499,1.426497273,-0.322938007,1.066870247,1.401516313,-1.518633049,0.170106479,0.428815888,158.2410901
1.27337414,-0.65994479,-0.937991943,-0.196683631,-1.284310351,-0.692051674,0.469315345,0.470320511,-1.639842424,-0.337890466,-133.948234
-0.8363385,0.829223586,0.122555157,-0.515634034,1.435677104,1.530172055,1.368623423,1.351957305,0.228849208,-0.694503161,4.74212551
0.580102747,0.315195585,-0.611852696,-1.088693535,1.37783832,0.66213955,0.117163945,-0.331882224,-0.226432977,-1.153211012,-102.6615955
0.047579417,-0.986773618,-0.421769088,-0.0544243,1.2316943,0.464795269,-0.820585296,-0.025733795,0.778932181,-1.78698901,-3.16424903
0.25018892,-0.35184927,0.902117163,-0.963670292,-0.503772147,-0.47016608,1.614772636,-0.693115427,2.862077893,-0.151723253,-3.59720156
-0.397814927,0.002531936,0.335505441,1.097793352,0.935212522,-1.223541566,0.204863403,0.987239657,-0.747289124,1.103042215,172.0727853
0.201505746,0.790601097,0.183496513,2.078144059,-0.021834076,1.626721052,-0.683285263,0.321021163,-0.792298684,0.655485325,210.8016149
-0.408832593,0.043913502,1.065754932,-1.230483971,-0.58965379,0.042754156,-0.036307221,-0.946680645,0.842094067,-0.568565572,-31.54310508
-0.962732565,-0.20661128,0.453508713,-0.982294034,-0.658248412,-2.488327353,0.058984222,0.170463771,-0.342549201,0.446872501,-77.87372456
-0.514268972,0.899829496,-0.439616153,0.1999822,0.411360278,-1.212521947,0.957409845,-0.118534234,-0.281293653,-1.224399773,18.50496731
-0.413402898,1.116682833,-1.206795886,0.580559058,-1.386379072,-0.238169542,0.194180906,0.790529563,-0.357492847,0.587565595,-108.6422155
0.126616112,-1.150153979,-0.452502848,0.64524482,-1.582659672,1.707381105,1.638761247,-0.875027422,0.027342994,-0.189661525,-35.2565031
-0.426636243,0.987943754,1.25787846,-0.768598284,0.99509734,0.736962824,0.179410842,0.409520762,0.736326867,0.694449383,73.0039856
-1.050186537,-0.972298245,-0.456697615,0.338993514,-0.514938706,-0.661025055,0.456249489,1.436368034,1.021635214,-3.044656539,-17.86691452
-0.492333044,0.109452668,-0.934925306,0.009748047,1.229092258,-0.041145942,0.111402509,0.241095143,-0.966475227,1.171372942,-48.64815397
0.074575191,-1.236913724,-0.495879724,0.359623921,0.119372327,-1.623316922,0.71657724,-1.021943487,0.603388843,-1.106343257,-6.407480097
-0.133392629,-1.537050155,-1.350096282,1.148284563,1.378322929,-0.817263653,-0.281756332,-0.309890727,-0.464031216,1.562823266,32.76154508
-1.216151219,0.160291007,-0.373222351,-0.28527998,-1.090518987,0.476824172,1.556399091,1.584824258,-1.536715196,1.192860218,-100.9148535
-0.907378885,-0.062231057,-0.113274753,0.973956694,0.351170143,0.564116926,0.112991768,0.422484622,-0.965492191,-0.932131215,91.99644002
-1.214043873,1.377577336,-1.627001923,1.262625852,0.727113763,1.221834906,0.449525088,1.034826114,0.055753103,-1.547241597,3.781469297
1.027151036,0.80835955,-1.259064911,-1.005315126,-1.067433933,-0.002238116,-0.723168439,1.746490632,-0.795717664,0.366606247,-262.3961626
0.753373884,0.361282106,0.438506156,0.637886057,0.778739785,1.080621209,0.180172355,-6.12E-05,0.221025231,0.302113057,130.7266702
-1.187198553,1.70811337,0.188862754,2.329180931,-0.295264341,0.603272061,0.985464712,-0.598239367,-0.150533806,0.071536065,226.1224154
-1.191874704,1.943528881,-0.502868754,1.178865937,0.126459219,-0.915477029,1.311162297,-0.231059537,0.306134553,0.864069982,84.97318268
0.319965191,-1.406943401,-0.850613253,-0.541006866,-0.633231397,-0.601944442,0.755665839,1.768169293,-1.349773069,-0.221888271,-163.5191559
0.487729253,0.39006809,0.654502551,1.83751408,-0.420718277,-0.159185034,0.375079897,-0.805402496,0.784354216,1.902247856,223.7919025
1.053069718,0.148202969,-1.319171958,-0.1571785,-0.878136318,0.383655024,-0.524228448,-0.615392326,-0.718137659,0.33632181,-178.9784245
-0.154578383,0.008449539,-0.944510753,0.474395605,-0.294828083,0.661541511,-0.132404113,1.277347081,0.526385289,-0.448111226,-40.57388015
-0.488446091,-0.878400477,-1.405676808,-1.536459704,0.090110429,0.005785115,0.056245338,-0.445140513,-1.668629427,-1.403667306,-273.5760154
0.164638531,0.474041957,0.783040907,-0.143370265,-0.260488533,0.059942889,-1.193718782,-0.254108712,0.43562488,1.670718296,46.16511857
-0.12373268,0.45780561,-0.235969987,0.74418571,-0.634285848,0.596441138,0.421546084,0.370061115,-0.339122279,0.266818396,7.450604272
-0.822247282,0.2177116,0.26164755,1.822199071,-1.265474493,-0.406895782,1.513032038,-1.550634014,-0.686604518,0.657840799,165.6737004
1.317837392,1.305968152,2.466028674,0.013486111,-0.745681378,2.265215184,-0.632567301,1.4017903,-0.403445365,-0.296041108,202.942913
0.532619493,-1.627090387,-0.77112643,1.576785536,-0.896289293,-0.627888858,-0.152643791,-0.531837754,-0.74790948,-0.657863818,51.89234617
-0.443044021,-0.479492967,0.083826628,1.410459145,0.789056687,0.70450654,0.409762796,0.697903273,1.40336997,-0.86108791,168.6034868
0.637333041,0.16954041,1.086530558,0.523160033,1.822392833,0.455045094,-1.026068083,0.696631501,0.07166414,-0.179732514,213.0908107
-0.346651192,-0.264152874,-1.824483323,-0.9665206,0.957348261,-1.877865606,-0.45282463,0.244820091,-1.100622623,-1.953615546,-226.0338784
0.003285734,-0.252247437,1.356910027,1.320423023,-0.489814355,-0.156260728,-0.620108801,-0.102661961,1.7643849,-0.765250896,238.4662322
-0.41242007,-1.454892165,-0.518134057,-0.53823713,0.336712295,-1.570325814,-0.984413046,-1.000270523,1.508310749,-3.232565433,-79.25927384
-0.606304113,0.535731609,2.390156143,-0.256000587,-0.052240859,-0.989116092,-0.207072031,0.883723403,0.385095497,-1.115559372,191.3634936
1.954662543,-1.244436048,0.473215209,1.102195319,-0.233791368,0.817686313,-0.651176294,0.702503019,-1.887862237,0.242244232,131.7525627
1.094562455,1.236489512,-0.047985795,-1.367326461,-0.573703144,-0.553241002,0.31627378,0.808988609,0.280928497,1.366214785,-159.8955571
1.847639708,0.267968799,1.32144274,-0.987767087,-1.164610274,0.149917703,0.844741111,0.967611366,0.048155554,1.352042369,-14.8797004
-0.494527084,-0.787209688,-1.603997615,-0.822407377,0.143398843,-0.641449318,0.568964385,1.204407956,1.77786714,-1.413177842,-218.5217731
-0.295168598,-0.71941375,1.760161075,1.445067329,-1.148674252,-2.906774049,0.487249359,-0.740667237,-1.950170785,0.307336314,238.2382384
-0.328056451,0.110468756,-0.912325514,-0.462499153,0.039309199,0.879307293,0.342853466,0.804787444,-0.484019623,1.818464378,-108.7467132
-0.648007985,-0.875631161,0.118925017,1.127283639,-1.056803708,0.051606332,0.31429207,0.37904745,-1.771503859,1.623674284,86.54091047
-0.236533252,-1.215843983,-0.568705707,0.966278739,0.069478116,-1.613016814,-1.447396092,-0.939609517,1.812907221,-0.542083555,36.74188085
-0.07458023,-0.612734175,1.319101027,0.155575113,0.02316608,-0.986912627,-1.507313581,-0.224315475,0.588788877,-1.251522794,132.3303971
0.072787022,-1.181321009,-1.142283669,0.955046749,0.006869524,0.464300306,-1.36729263,-0.250219629,-0.245150712,-1.712908674,-11.7425886
1.329794365,-1.67558045,-0.013503245,-1.106732988,-0.065410234,0.781942535,-0.299693496,-0.991091135,0.383455015,-0.763465303,-104.3633704
0.052457387,0.779828641,-1.187553167,0.578909818,-1.295258621,0.971412358,-0.064337647,0.187459382,1.015627884,-0.455171784,-101.0454868
-1.095237426,-0.497064607,-0.954332013,0.540694828,-0.13203201,0.675423272,0.671489716,-0.576573069,0.061348765,-0.334385756,-28.32076883
0.237797363,-0.255021739,-1.057304588,-0.158094037,-1.95415024,0.524202573,0.147279856,0.050707254,0.043184176,0.86141836,-183.9666433
0.645384672,-0.983948066,-1.086923817,1.813463857,-0.384220045,1.587692968,0.526764217,-1.323594392,0.863629911,1.922238975,54.65996899
-0.736063653,-0.310937516,0.087973547,-0.440274637,0.616663976,1.26084952,-0.528998414,-2.120087215,-0.431455645,-1.075736648,-5.349359256
0.833217938,-0.620681282,2.073744615,2.19052923,1.559664738,2.198402766,-0.63452086,-0.141070972,2.026134521,-0.884131269,448.8223823
1.969656685,-1.038499338,1.751409074,-0.084670897,-0.669366239,0.896707778,-1.539625694,0.139825271,0.043643637,-1.194683468,101.9826891
1.473447477,2.151728299,1.518932315,0.777888376,-0.186383341,0.130153855,-0.845899508,1.159218557,-0.389653174,-0.724211364,201.6805575
0.062137556,-0.187449959,-0.222136787,0.127872495,-1.051284357,-1.805029128,-0.124456523,0.505664303,-2.10330055,0.272276781,-66.76494924
-0.868260962,0.097813293,0.001619031,0.414772891,0.495805021,0.51887118,1.604339108,-1.086126299,0.138645184,-0.285094257,69.42107691
0.332081461,0.646129676,0.480063618,1.383194515,-1.442714786,-0.881960764,1.266330268,1.69762378,0.638543317,0.709932748,146.6123811
-0.923119184,-0.07242907,-1.02594334,0.024647378,0.011593859,0.269783929,-1.334826818,0.822859223,1.636105111,-0.124077226,-64.01486772
-1.608702263,-2.118981783,-1.436824589,-1.066940851,-2.136298026,0.373292974,-0.74856607,-1.823397727,-0.214707983,-0.139581824,-306.7502622
0.224451819,1.047098303,0.399223123,0.64719594,-1.668584074,-0.257376537,-0.483186462,-1.46437488,-1.225765663,1.573986763,10.10467386
-0.724218566,1.026416176,1.165954037,0.138408111,0.281825578,-0.634409311,-0.134420334,0.318570522,0.374038838,-0.695283689,139.405555
1.333324535,0.81416738,-0.692097909,0.343384163,0.052706134,0.315985833,-0.46255334,1.389046847,2.489180312,1.555439996,-22.0560813
-2.081093131,0.143851633,-0.823633878,0.896862218,-1.104093784,-0.92764487,1.036355881,-0.669981939,0.214812776,0.271707053,-23.20643443
0.630668381,-0.260471875,0.790238153,-0.17388478,-0.023415622,-0.083936856,-0.101733535,0.287069044,-1.265388121,-1.395612796,65.04982712
0.642931332,-0.12816917,-0.164730229,0.084590634,0.961688052,0.79600997,1.488601942,0.870550717,0.58752529,0.179580889,40.88653599
0.374901543,0.397644974,0.646635546,-1.643926726,0.387591827,0.269199797,-0.350805211,-0.28814689,-0.291607484,0.376233931,-73.73056477
-0.381882867,0.051219485,0.891298471,1.638842686,0.282589299,-0.191671087,0.501021658,-1.045835602,0.027957661,0.002407218,245.630299
3.377382919,0.676507476,-0.17387382,1.338592138,-0.01035229,0.212824399,-0.70511052,-0.399826734,0.019995486,-1.349605256,111.3829818
0.058438695,0.085438685,0.746394874,0.265328055,-0.77654329,0.346146944,-0.340395157,-0.816901252,-0.184884983,-0.712040655,59.82700788
-2.367477653,0.353770631,0.102645529,-0.297796156,-0.127406872,-0.220018028,0.63322531,-0.149361496,-1.934964117,-0.387629833,-25.38287935
-1.339235349,0.6345173,1.567177554,-1.194764112,-0.167196272,-0.964286615,-0.029128386,0.611314346,-0.967877145,0.499981067,21.44910856
-0.646130221,1.279779766,0.404891559,0.337367585,-0.390016751,-0.784685433,-0.57726375,-0.077594925,-0.050540259,-1.628031691,42.4190475
-0.296668737,-0.997143547,-0.354209762,-0.08318066,0.857322192,1.597674997,0.566177391,1.105593145,0.322670631,0.966883417,0.36893315
2.613487555,-0.241236613,0.892661317,-1.037753188,0.248605622,-0.11289835,0.093425959,-0.02607077,-0.535393603,1.867922939,6.77373404
0.59740007,0.701172742,1.613711269,0.453534302,0.421920754,0.321357215,-0.244156635,-1.227607815,1.189470489,0.964087168,209.9944827
0.025755351,-0.470999421,1.327128556,-0.076759013,-2.33936732,-2.571136853,-0.532465394,0.2684619,-0.404449682,0.945154736,39.05007576
0.795741009,0.166676695,-0.249327257,-1.690822493,-1.010380505,0.586741479,0.541266269,0.193557904,-0.184568875,0.57874948,-210.7581914
0.596081494,-0.950104569,-1.222750279,-0.915632296,-2.908660744,1.316344838,-0.819715023,0.393990572,0.290037803,0.336262951,-318.6418314
0.006935622,-0.060313467,-0.235980565,-0.356354079,-0.844859779,-0.468897608,-0.186733513,1.004456424,-1.013984577,-0.786951784,-100.8993104
-1.941418067,-1.609502124,0.142922126,-1.097876288,0.805691474,0.145836266,0.549887682,0.305402682,-0.090986138,-0.655797311,-64.96654208
0.517757816,-0.672987219,-0.895947004,0.271034253,0.357162586,-0.938179851,-0.736065219,0.148463682,0.306619787,-2.123378538,-62.70698139
-0.731092833,-0.056914163,0.202621596,1.360112011,-0.527353243,-1.085742321,1.105338338,1.299640374,-0.788843249,-1.615416944,117.3886323
-0.591045721,-1.051163606,0.775765385,-1.083201683,-0.882597286,-0.783488128,-0.31911809,0.828740454,-0.352700795,1.015342786,-60.10589097
0.201166393,0.241795501,-1.104160927,0.406431389,0.388487918,0.263711962,-1.476723384,1.049260665,-0.511473069,2.191973171,-66.13047384
0.64589042,-1.099044752,1.257619056,0.406056122,-0.086701136,0.505735432,-0.234924272,-1.873441304,0.797850701,-0.893515093,142.2648723
-0.600338659,0.593539432,1.895148612,-0.263161272,-0.451641089,2.505448905,-1.372409738,-0.838176482,1.048203968,-0.305632442,128.4103349
1.561290761,0.772956371,-0.699270467,0.282412347,-1.464254392,1.418673232,0.603139851,-0.436044994,0.047265385,0.297990027,-92.9479942
-0.101176712,-0.13215089,-0.991345748,0.22854777,0.940399569,0.033703812,0.423462492,0.477123171,0.652373381,-0.54556815,-22.30593028
0.266177865,0.11169413,-1.400669855,-0.485110019,-0.266016696,-0.318180718,0.427768944,2.874082698,-1.544621169,-0.278678903,-190.2824021
0.430814071,-1.475678748,0.86540327,-1.362164572,0.67394439,0.486984708,-0.509929245,-0.212311448,0.746996038,-1.898621346,-19.1131663
2.281057424,0.027496367,0.382259617,-2.008801496,0.100355446,1.621452508,0.746004652,-0.440190184,1.345654136,2.85196188,-139.7167144
-0.842473794,-0.85745791,-0.03584098,-0.923745365,0.753131286,-1.268364379,0.810848057,-1.24559744,-0.235764737,0.458525666,-59.1919278
-1.181441262,-0.066021986,0.031417473,0.165099551,0.880481301,-0.09138126,-0.390999442,0.041671422,-0.086694154,-0.428152253,40.57080306
0.69076999,0.378862083,-1.04907036,-0.799071057,0.350261048,-0.330840466,-0.671149108,-0.134359577,0.160232828,0.46976269,-145.5125159
-2.173118605,-0.208607144,-0.546652581,1.240338204,0.00385843,-0.829419444,-0.648917273,-1.745513053,0.131411431,1.508873796,57.5405943
-1.082017785,-0.338669054,-0.489414234,-2.745299554,-0.561089131,-0.375983579,0.405035386,0.75318995,-1.610263119,-0.845552176,-331.2866451
0.486533303,-0.137058815,0.638866696,-0.351750802,-0.603059829,0.400485525,-1.231884246,1.789884316,1.834000418,-0.268953068,-20.54997615
0.256577396,0.709029775,0.893761797,1.620158685,0.5970561,-0.181945438,0.988526105,0.155658298,-1.308253255,0.063821225,263.4339096
1.194148148,1.527308224,0.216305411,0.116565657,-0.658632081,0.860150796,0.746277594,-2.106006201,0.694032611,0.900791174,6.910114158
-0.900369903,0.179908526,-0.263984297,-0.479634566,0.451505109,0.10485269,-1.302002662,-0.301096444,0.768437497,1.099868625,-56.54061097
0.599101013,-0.502316101,1.312877294,-1.056955167,-0.021946412,1.990674689,-0.647638799,-0.893624719,0.369647436,-2.340284455,2.910497446
-1.423913841,0.660631123,-0.861814008,-0.173170871,1.10684061,-0.132723759,1.081370667,0.733940944,-0.760087928,-0.811055924,-47.051227
0.059174195,-1.980631329,-0.383046678,-1.431097493,-1.966463062,-0.927273418,0.712310933,-0.005792889,1.485155564,-1.153503573,-240.526975
0.718516923,0.613780268,0.199197676,-0.70011163,-0.789743638,-0.070757823,0.371568797,-1.141500459,1.02941501,-0.16424034,-70.59272934
-1.588265143,-1.868911406,-1.044599789,0.489840765,-0.494454603,0.149441153,-0.082250087,-0.570011499,-2.075146966,-1.567550372,-61.79989567
-0.471438874,-0.386097785,-0.287994548,-1.223529219,0.380481968,1.28843106,0.228657774,1.018075149,-1.160837173,1.68491518,-138.7512854
1.724418361,0.199776222,-1.815481913,0.695961255,-0.392759922,-0.195791701,1.653440109,0.434291461,-0.116784526,-0.637194717,-110.8313935
0.528288332,-0.297642536,0.787375138,-0.776991212,-0.6999809,-0.267212024,-0.45666759,0.192784078,1.374311621,0.07205085,-26.76834078
0.571530697,1.38784597,-0.370513357,-0.230848968,-0.621331724,0.027177168,0.809846061,0.585812984,0.824701741,-0.148429401,-66.61474394
1.203460057,0.534135942,0.445643504,0.621256094,0.291965862,-0.339204765,-0.878135073,0.952649344,0.926520184,1.820580268,102.4195286
0.921799412,0.789185736,1.372880195,0.386092957,0.5846506,0.595736259,1.325412235,1.206735196,1.512498268,0.230234114,194.3992066
-0.500964958,0.063172861,-1.45360327,1.272320705,-0.249130675,-0.962325929,-1.760330513,-1.236876238,0.435039455,-1.771439422,-35.70992372
0.088406886,1.477530081,-0.818198883,-0.003374457,-0.551185716,0.778361076,-0.170184623,0.955305209,0.696387447,-0.453228049,-78.83935439
0.925804642,-0.081912296,-0.816184172,0.152133719,0.5141327,-0.141140319,-1.109307532,1.262277891,0.050426764,-1.78088164,-40.85285935
1.342712643,-0.374758849,1.064060623,0.088986299,-1.251455989,0.504654587,-2.142206574,-1.169338427,-0.409626523,-0.842681908,39.97930535
1.319558802,1.340439136,0.124055418,1.281340024,0.112679346,1.0454725,0.111358496,-2.113643414,0.58575856,-0.728176847,147.0257557
-0.724617389,0.180883625,-0.955981916,0.927813679,-0.031561713,-1.693072854,-0.281078244,-1.485295182,1.367525754,0.308590219,2.719193994
-0.587535785,-1.045710647,-0.419506679,0.835573289,0.621760442,0.177353658,0.71431033,0.4481534,-0.963689726,-0.880262252,78.74037783
-1.339492163,-0.122059695,-1.606120881,0.565255056,0.996581295,-0.724307564,-1.37622122,1.90242988,-1.064377764,-0.352104994,-64.34498982
-1.296269356,0.486701745,0.800865723,0.300965392,-0.280280415,-1.001674622,0.167307489,-0.544934287,0.260083147,1.109196721,82.39412171
0.964107457,-0.692843003,0.080084147,0.967025637,0.220409215,-0.512809846,-0.611314338,0.397286023,-0.31063492,-1.999931905,98.86257284
1.491228645,-2.356183314,0.378694237,0.193451383,-1.167976631,0.780853008,1.201984943,-0.557132691,-0.097360828,0.030372856,9.863611298
0.475937782,-0.387314105,1.735286119,-1.958714945,-0.392338778,-0.819378529,-0.084729244,1.580948033,-0.17691188,0.149559986,-39.59220588
1.135620147,-1.106293512,0.466670982,1.521006227,0.777407353,1.205994517,-0.948916521,-0.236555287,0.932191564,1.747363198,205.7160154
-0.992659015,-0.548805023,0.46446747,1.150136804,2.170452179,0.52423018,0.066094246,0.531085131,2.398449286,1.6780556,228.3609182
1.303874146,-0.328537222,-2.876032282,-0.728528876,-0.667223237,-0.116764121,0.715866337,0.158391956,0.642291994,0.942174304,-351.1079949
0.989184884,-0.62409505,-0.213845848,-0.324738355,0.89661359,-0.725347129,-0.320280951,-0.851253698,-0.418478535,-0.098494406,-24.26730805
0.885153245,0.962391147,-1.54969431,1.011098533,0.189302691,-1.299412908,-0.483653307,-1.755852948,-0.501858507,0.503078151,-39.29884028
-1.153137496,-1.591637195,-0.831914921,-2.096489488,0.470011033,-1.621639235,1.657209002,-1.256771118,0.216978381,0.075325818,-245.7539521
0.028076181,1.701325106,0.086859776,0.116414228,1.631152515,-0.166921334,-0.139870359,0.845843845,1.199537839,0.196511926,88.48136309
0.618376921,0.881663648,-1.566797957,0.232941772,-0.485453621,-0.373218179,-0.091916822,-0.900530853,-1.001814796,-0.437846179,-127.115333
-1.75004197,0.184561701,-0.832930215,-0.277384706,0.054659971,-0.096977807,0.122459776,1.386291425,-0.21586175,-0.613257226,-124.9571749
-1.217339732,1.909303154,0.255394801,0.743608335,-0.961687718,-0.655888779,1.704324516,0.365654187,0.650180753,2.3998175,68.83501073
-1.532582009,-2.236545107,-0.704023374,-0.267704744,0.77981331,-2.028215419,0.426919298,1.50570036,-1.168374456,-0.224635078,-70.03651131
0.411989741,-0.216575427,-0.351545261,0.343575885,-0.255004978,1.334418609,-2.152518453,0.915113445,1.904430314,1.35486594,-2.869744786
0.732841807,0.595008802,-1.091203578,1.437896993,-0.770313538,0.319196445,0.357004425,-0.361511972,-1.293625536,-1.363535864,8.301909806
0.492004054,-1.13106863,0.777735047,0.074685843,1.333998186,1.541321145,0.022500388,-1.882520751,-0.39167061,0.763799772,115.6240644
-1.114643469,-0.797774878,0.630305916,1.005731653,1.69645198,-1.333379596,-0.083629685,-1.83468835,0.490659681,-0.164025442,236.0435265
0.099332305,0.751387123,-0.238948047,-0.907563662,-0.050238109,0.270456826,-0.576771331,-0.977555245,0.500917188,0.755391226,-118.7515482
-0.200352578,0.231842092,1.351072892,0.886191189,-0.778837043,-1.500221861,-0.062639577,1.356583386,-0.294242506,0.243123459,181.2820059
0.641879061,-0.383094921,0.675490847,0.577516955,-0.081455988,0.995526692,0.506587672,-0.127158597,1.104477704,1.111953361,99.87981016
-0.627733906,-0.288038874,-2.152383545,0.876455646,0.030031479,-0.86170307,-1.561493222,-0.211666982,-0.330120094,1.503419828,-126.9093001
-0.129517247,0.579857285,-0.094458714,0.419609972,0.759712295,-1.817979225,-0.863882961,0.583544303,1.041724664,1.279464932,53.0660087
0.549398834,-0.725125354,0.082640448,0.597075692,2.693248987,-0.165562741,-2.02116176,-1.614522524,0.518768045,-0.827356898,156.5494775
1.245588237,-0.889400454,-1.770692502,0.518596734,0.46364163,0.512325054,0.178587206,-0.142882973,1.066865588,0.623373182,-105.4827199
1.593093618,-2.3099686,1.633584832,-1.041379089,0.114912726,1.01742167,-1.084758802,1.541468396,0.133295551,-0.905695591,49.3591249
-0.966170388,-0.307119578,0.666377,0.183716643,-1.269240316,0.195854006,-0.178689399,0.23633301,-0.348427085,-0.618060513,40.27443266
0.684908283,-2.155761512,-0.551976694,2.761055967,-1.070521305,1.163860444,0.325897875,0.373059622,-0.477058621,-0.257993951,188.9897824
0.355579689,0.184627306,0.60251556,-0.958058796,-0.035979989,-0.509662564,0.281338552,-0.081855637,-0.005752169,-0.852252605,-45.4897009
-0.232005608,-0.756766221,-0.325793001,0.391232787,1.178274681,2.317821643,-0.682845084,-0.646288208,2.149843399,0.319233209,50.91998709
-0.509806693,0.034441012,-0.411426607,1.153900734,-0.463161362,1.20026175,-1.8697417,0.449218721,0.19042389,-0.388520775,49.62719714
1.614925525,-0.008874243,0.614908647,-0.224053168,-1.38012388,-1.092638835,-0.532001875,-1.456430039,-1.950112238,-1.25917942,-21.2823943
-0.949600244,1.499012068,-1.997047437,0.097826492,-1.772027828,0.181459007,0.174367588,-0.149810719,0.399546841,1.261498991,-219.1847355
0.115025566,1.008762507,0.130542292,0.214864709,0.428254398,1.40220959,-0.389135096,0.210926162,-0.812157131,1.99615232,55.06784053
0.263265488,-0.002945411,-0.391303104,-0.96673453,-1.959181609,-0.399330023,-0.281194012,0.695292727,1.1974232,-0.259084059,-226.8935309
-1.434045861,-0.302674911,-2.349879797,0.343454642,1.449339756,1.247820773,-0.586178634,-1.054149756,-0.741471203,1.116809644,-140.6627724
-0.246571054,0.735132113,0.544624574,0.449433516,0.966956645,-1.652242677,0.92102584,2.185730617,-0.432637516,-0.479718897,129.2930975
0.099651365,-0.503475654,1.402794311,-1.401851063,-0.909387455,0.791031947,0.586857094,-0.56629773,-0.990536325,2.190455626,-25.19714882
1.722627661,-3.010522516,0.360580016,1.396943456,-0.205651912,0.121033879,0.817484981,0.443375982,-1.966048413,0.489239775,142.1497808
-0.434591148,0.984720848,-0.660158761,0.963029386,1.161307946,1.044083869,-0.222261163,-0.380780872,0.142933283,-0.103477908,69.81119649
0.120770466,-0.639065333,-1.026710492,0.170415418,-2.133119218,0.306789962,0.135518003,0.011651708,0.368917203,-0.222748213,-147.8134738
-1.35740297,1.464532792,-0.49469269,0.127583642,0.807963789,0.171161751,3.380614489,-0.958269062,0.965908004,0.475699648,17.1852822
-2.079006791,0.900455581,0.295432791,-0.685715871,-0.694436196,1.268070601,1.095974325,-0.26080103,-1.398921426,0.628426184,-46.89851262
-0.461647746,-0.227065166,-1.216930507,0.396366365,-0.027558706,-0.787950957,0.87729852,-1.92485522,0.643280871,0.55299664,-71.7715455
-0.83695604,1.323762063,0.396381723,-0.381933863,-1.423980334,0.215035812,0.720261524,0.614147694,-0.544541181,0.780497521,-45.27125294
0.764289675,1.289087257,0.581104735,1.707645904,-0.213834831,0.697073092,-0.870360665,-0.290472917,1.450127749,-0.430936958,217.5580365
-0.302564267,-0.576512472,0.391990285,0.23143377,1.515231175,-0.163824539,0.400948138,0.132948934,-0.450993867,-0.975510586,130.7702443
1.29833449,-1.087478168,-1.309731974,0.481507631,1.678783807,0.330863531,1.481236592,0.587694902,0.832945443,0.758847766,13.73670926
-1.207455382,0.610223563,2.111782351,-0.862241523,0.259671016,1.026682074,-0.518835929,1.319692358,-1.279100371,1.121967737,118.3332151
-1.986527142,0.832665758,-0.088154869,1.777644819,-0.148882796,1.330451672,0.876205992,0.489811255,1.958131615,0.574081282,160.6236624
-0.721514778,-1.155959586,0.091723024,-1.215998011,-0.697234517,-0.225970955,1.782295264,1.045977854,-0.087986067,0.431253772,-129.6760222
1.590941359,-0.660331263,-0.57375555,1.987534161,0.776921855,0.513042923,0.118049467,-1.203566896,-0.2531485,-1.216962577,165.9527046
0.76645596,1.432988277,1.162989596,-0.153080504,1.709763252,-0.147988748,0.715609068,-0.361434196,0.033956885,-0.393236409,161.2493859
-1.386489421,-0.52384317,-0.35312018,0.030849493,0.129421677,-0.405011071,-0.683381037,-0.133390322,1.423264921,1.10867442,-16.82178576
2.666905222,0.097155787,-1.464974746,-0.668454911,1.171167633,-1.332448348,-0.998094628,1.806089118,0.094527568,-1.754284853,-161.8241139
-1.058150992,0.390869908,-1.289382089,0.734811344,-0.10226635,0.590270311,-1.094692044,0.893077435,-0.341520415,0.021626631,-42.75425847
1.435508449,1.517815324,-0.603322385,0.753220417,-1.083709903,0.083821791,0.199709356,-0.389066929,0.846566244,1.195940165,-24.80212418
-0.750720334,0.792711018,-0.189190181,-0.086337858,1.718363996,-0.518637997,-2.215822425,-1.067722577,0.836484138,-0.195434847,17.99843563
-0.071381782,1.950857095,-1.220734567,1.185076267,0.410000616,-0.489634579,-1.21723865,1.808300871,-1.175462384,0.724950354,8.349038295
-0.186896158,-1.630473244,0.640479795,-0.190503106,-0.466495379,0.996570511,0.324057028,-2.991135971,0.08520945,-1.14769139,26.75086182
1.186145474,1.54032398,1.643541509,0.391127877,1.023056555,1.900268424,1.167509823,-2.739140206,-0.644340267,-0.72396473,247.3516586
1.102082935,1.448860376,-0.13604263,1.177718035,-0.501392046,-0.823788875,0.818957756,-1.323734971,-1.490226176,1.929353344,97.41411681
-0.183150471,-0.356673134,0.496199187,-0.535316713,-0.213456779,-0.327017318,0.511499575,-0.048088507,0.815501022,1.93515404,-5.177949602
0.788482236,-1.177983823,-0.311642725,0.977019336,-0.966613783,-0.610752632,0.629672871,1.144856243,1.325963188,0.087148008,30.312709
-0.500155475,0.471195833,1.067031357,1.738181115,-0.692563966,0.066472988,-0.163793829,0.128931044,0.341475266,-0.521446528,238.4996085
-0.430414709,1.368189024,0.691356381,-0.590361692,-0.781357696,0.32183519,0.749555037,-0.98241624,-1.721047126,-0.274111475,-17.26423467
-0.681399913,1.053985483,0.960561353,-0.532487096,0.099813669,-1.363096154,1.314937045,1.535327733,0.006547892,-0.872691936,45.38582999
0.847205252,-0.335713956,1.172863523,-0.547716859,-0.303265711,-0.776736208,1.68049996,0.785548669,-0.348632521,-1.680199892,60.547047
1.122367945,-1.295627549,0.941972133,0.202417787,1.552722606,1.613157501,0.517969428,-0.404369809,-0.166926794,0.370638299,177.3384165
-1.003438903,-0.331352299,2.637881752,0.301873381,-0.357827933,-0.569698963,-0.386322475,-1.345209671,1.389764134,-2.205294373,242.2382255
0.570446616,0.26949711,-1.181810291,0.619156122,-0.853864268,0.570805178,-1.093289966,0.945768686,1.706524472,0.641849486,-90.30902464
0.696322862,0.278799812,-1.496158813,-0.918212167,0.456688011,1.573734217,1.322744467,0.758824416,0.079573535,-0.169122686,-202.8162051
-1.29734741,0.102749611,-0.349305515,0.273927308,0.34146765,0.508504512,0.428282513,-1.061500988,2.500261468,1.435190712,15.83236382
0.120608548,0.662306897,-0.284187882,1.56779151,-1.251227915,-0.809735467,0.645598079,0.420766563,0.889856952,0.703964677,77.58938699
1.479116203,-1.126332034,0.399359313,-1.72398003,0.459180555,-2.184798002,1.000046143,0.140999875,-0.062480331,1.743835901,-106.7475305
-0.067116388,-0.83260722,2.426085614,-0.527771876,-1.203885634,-0.586812716,0.623417159,-0.300442809,0.789907747,1.93946355,133.8089233
-2.051052408,0.310068824,-0.366717669,-0.346863988,-0.122968947,1.252159037,0.858373232,0.795234249,0.291283666,0.36518104,-61.2075069
-0.522785509,0.553645784,0.880524198,0.29616756,2.326318858,0.673416227,-1.227101013,-0.115184124,0.773312174,0.164519032,204.6943827
-0.12652605,0.774914555,-1.998605567,-0.831321409,-0.968824114,-1.003433811,0.793945804,0.554632201,0.685558363,1.323760538,-295.8719088
0.50223472,-1.622320613,-0.902317155,-0.333039776,-0.05510145,-0.400057434,-0.366633879,-0.323980851,0.136746503,-0.63530537,-114.9068624
0.144310019,-1.833705768,-0.92508462,-0.450201892,-0.79345973,0.113970668,0.073863434,-0.319826278,-1.340488641,1.193586535,-164.7820695
-0.206918168,1.251364899,-1.644475101,-0.25407299,-1.59687182,-0.839636462,0.306497639,-1.625386052,-0.045154845,1.849971594,-228.6608702
0.609909123,-0.144487841,0.437952263,-0.001514503,1.216165777,-0.023617979,-0.152729945,-0.852572589,-0.413531259,0.482712761,85.76290284
0.18299445,-0.834271343,0.38658623,1.359297599,0.011880435,1.983633652,-0.147139505,0.078439246,0.873989751,-0.656624071,178.3255585
-1.511093548,1.055353067,0.193050803,-1.517951132,1.160248132,1.128002626,1.779661887,0.406542138,-0.608437041,0.555987434,-54.37883355
2.074922501,1.29019255,1.078110139,1.529094867,0.025606155,-0.324604549,0.153082255,0.108069235,-1.443693609,-0.260616656,250.0475418
2.012328582,0.385990811,-0.603758369,2.624626679,0.31241982,-0.195525781,-0.58653129,1.59680828,-0.741227417,1.31740117,188.1319252
-1.245717376,0.054934111,0.555512646,-0.918686511,-0.92638113,0.473632077,-0.417366814,0.918454444,0.975816719,-0.295089914,-68.31807539
-1.239562286,-1.502870609,0.637605812,0.258769805,0.728518644,0.135563416,1.195531388,0.626538363,0.504581814,-1.518969781,122.7288689
-0.440535262,-0.689766225,-0.597455071,0.771175805,1.518993088,-0.569791862,0.251945618,0.323095421,-0.790528569,-0.138272667,81.83050437
-0.601787509,-0.199699082,-0.433576817,0.917248922,0.763890554,-0.750284953,-0.153507127,-1.315326085,1.168365276,-1.368840093,96.14873972
1.760043765,0.065168341,-1.776298962,-1.545954778,1.021650835,-1.620960049,-0.178338387,-0.066139552,0.422247499,0.251785246,-255.3173185
-0.975021385,0.75775478,-0.80380318,0.585991769,-0.217615423,-1.258296385,1.306280476,-0.128551034,1.712307728,-1.226915676,-22.06571612
-0.703826017,-1.052471693,0.034928404,0.015003532,-0.107010493,-0.630209786,-1.262597799,-0.658663347,-0.552959433,0.89243098,-14.69491733
-1.330189516,1.263513043,-0.795755077,-0.744664902,-1.05242596,-0.486333877,-0.840251765,1.796044208,0.85669187,-0.572608276,-196.7524054
0.314709942,0.805897777,0.504154551,0.476613507,-0.664267865,0.633195179,-1.383467312,-0.436290191,0.265257024,-0.121845611,67.20916707
0.982683143,-1.400070723,1.534482102,1.122374219,-2.191253851,1.096547118,-0.459764616,1.229990368,0.003147727,0.543390828,173.6886066
-0.584378063,1.109441855,0.221972201,-1.313572032,-1.419813337,0.54474577,-0.924404836,1.310081733,-0.74762643,0.631748321,-157.4515543
0.500004085,0.341211717,0.085412781,0.578942021,-0.225040187,0.961471935,-0.79472802,-1.806164208,1.54006724,-0.938012447,43.79571911
1.229994348,1.087727598,-1.296193632,-0.312363842,-0.092238603,-1.241564302,0.715698856,0.458066521,-0.778525461,1.118634125,-136.8804247
-0.184145816,-1.130178729,0.518101702,-0.52920101,-0.852224643,2.275825428,-0.869286987,2.918173555,0.137352479,-0.010867137,-33.83537477
1.150038056,0.489786223,-0.598347852,-0.067624849,-0.65003618,-1.345547716,0.761629983,0.778261013,0.488789084,-0.688980137,-73.97094686
0.416523545,0.197368462,0.227313795,-1.090392199,0.326852406,0.079788431,1.613358929,-0.528330889,1.358949951,0.893542206,-39.66606212
1.46921344,0.777508667,1.442940068,-0.071870786,-0.408336681,-0.542660899,-1.322172957,-0.025411369,0.826290125,0.255354342,105.9583226
-1.4072111,-0.318566668,-1.204308933,0.42307996,3.942331011,1.162261111,-0.571046578,0.62493949,-1.353782761,2.047651904,89.80918123
0.959173625,1.006749636,1.527538858,0.333417921,-0.728836254,-1.03385131,-0.910436378,-0.381308101,0.829738344,0.775339852,122.7799267
-1.768186761,-0.084401104,-0.783554804,-0.727903339,-0.154278306,0.993819967,1.364817715,-0.199173208,-0.020039783,0.950678385,-138.5350231
-0.047271622,1.897541695,-1.094885589,-0.263612067,-0.402694031,-0.596113612,0.054232396,-0.154317707,-2.299095349,-0.403149905,-160.9846393
0.61931731,0.044241775,-0.564052042,-0.564763439,-0.817225164,-1.380348321,0.293050189,1.045803451,1.128136747,-0.976351751,-136.5493172
-0.626967058,1.812448558,2.560084538,-0.0960599,0.122009815,-0.575637826,1.149273326,1.770800636,-0.03498849,-0.703176425,235.4565138
0.017657445,-0.816009165,0.475229582,0.900842355,-0.618015072,-0.779090859,1.275927953,0.242757736,0.463152964,-0.192614414,113.6476552
-0.236210781,-1.452981355,0.597715315,0.178206805,0.501198706,0.110927778,0.165311396,-1.22367897,0.133176086,0.005087358,89.39241423
-0.780943348,1.246268509,-0.603750999,-0.754004221,-0.108863819,2.6243809,0.335350027,-0.756325388,1.086959505,1.421022043,-135.0313726
1.424812186,-2.392484832,0.773053306,-1.332685645,0.682703631,-1.125914907,-0.532845376,0.282163739,-0.816905746,0.876245864,-54.43242028
-0.124886885,0.015697796,-0.414626901,-0.99517396,-1.273585549,0.309894779,0.549683186,-1.853018483,-1.301587983,1.801430099,-165.565531
0.007153256,0.641625232,-0.446398499,0.965573559,1.391991576,-0.14818929,-0.806331219,0.352024829,0.001655856,0.758756193,106.7273609
-0.404631259,0.801244141,-0.188749531,-1.280583072,0.32720234,0.477997881,-0.035964808,0.601068783,-0.541950992,1.06514503,-126.2509651
0.654975584,0.810798646,-1.217282692,0.159462507,-1.600271105,-1.388542554,-0.892787515,-1.968504213,0.034713749,0.513614464,-159.3350133
-0.732138902,1.663031378,0.366612244,0.771394435,-0.627818746,-1.338799212,-0.948354107,0.214352208,-1.779823175,-0.809275919,74.03648921
0.711046103,-1.17104104,0.294568513,1.889813904,-0.097167106,0.319778041,0.913070806,-0.499962497,-1.408423384,0.027010554,200.8829357
-0.276880425,0.109347018,-0.050794035,-1.085766323,0.706586445,-0.68369234,0.483053572,0.49450463,1.576458002,-0.853120969,-47.29103944
-0.167286677,-0.172896435,1.033975817,-0.528596715,1.256750498,0.553875901,0.019071401,-1.217259537,-2.151052683,-0.032556094,90.72993889
0.267392314,0.321697806,-0.006070912,0.838490774,2.492999517,0.388578605,0.081829359,-0.290274544,0.919076483,-0.098889653,174.7710705
-0.955082288,-0.325513413,1.649191323,0.860910105,0.140508904,-0.81793729,-0.50769277,1.316099452,-1.682067284,-1.340972036,239.949186
-0.352669157,-0.737055732,0.59004683,0.320254647,0.005000039,1.648895507,-0.17318641,-0.090230306,1.321956767,-0.166587766,89.40355324
-1.107425046,0.104005423,1.374983636,0.250544628,-2.147703239,-0.537955175,-0.463432914,0.4142669,-1.230476058,-1.322271479,66.427362
-1.912678401,1.323009269,-1.06544174,0.663893126,-0.732636182,-0.385105377,0.864515866,0.330730035,-0.828067193,0.398937194,-56.0132017
-0.466507527,-0.408915535,-1.680779625,0.747610245,0.101737206,0.332620785,-1.143671302,1.029758164,0.959575892,-0.418009129,-72.28322889
0.01881905,-1.171654347,-0.127654682,-0.560607637,-1.255135372,-0.477645583,-2.92944869,-0.376300725,1.088769654,2.052972025,-118.1961781
0.843184219,0.707913339,0.212093044,-0.017860701,-0.20699687,0.344638939,1.596106515,-0.238490857,-0.001612672,0.245437623,21.7777629
-1.618267189,1.78821564,0.789705241,-0.445859835,-0.079022281,0.217476514,0.558064769,-0.543019135,-1.129612362,-0.492270794,58.25840794
0.243800714,-0.564078631,-1.4480139,-2.198805957,1.881157069,-0.555199527,0.44001445,0.708356447,-1.021232817,-0.502054224,-280.5991359
0.845245466,-0.600687424,-0.861400847,0.853884157,1.398777325,-1.301646707,-0.864330462,1.036480941,-0.962587161,0.618347257,47.35041679
0.277771518,0.904347275,0.902374363,1.227476074,0.568544057,-1.044128541,-0.26875113,-1.35105925,0.855826656,0.469502858,216.4710682
0.774936107,2.019199253,1.623843744,-1.950900467,1.416834082,-0.859438187,0.092381459,-1.444641253,-2.911803945,-0.399696491,27.19547147
0.908414239,0.710774025,1.519019573,0.01116801,0.401466858,-0.779544475,0.424585096,0.967429419,-1.543630522,-0.321587684,144.4804891
1.499031605,-0.686082289,0.355677245,-0.108485562,-0.2719037,-0.474476171,0.810606776,-1.856636312,-0.376304424,0.430364863,-1.247383861
0.068761751,1.054183165,-0.767729143,1.445635047,0.752436201,-0.619623755,-0.323591071,-0.706223354,2.099249519,0.50189439,85.77265788
0.817485781,-1.617910646,-2.672207384,-1.085952734,-0.071813143,-0.348775261,-0.813599254,-0.818078987,-0.706843346,0.948205995,-356.4396398
-0.05326256,0.427455405,0.758027379,-1.248387812,-1.826910304,-0.344949315,-0.067514008,1.169010926,0.019827154,0.153034597,-107.7151899
0.571319574,-0.406758464,-0.737387103,1.397954343,0.865633915,1.320171076,0.125025858,-0.2625929,1.327178508,1.060835635,105.1253692
0.297167147,0.938595803,0.552943189,-0.643248431,0.370502011,-0.274832378,-0.766080456,-1.590430259,-1.401254014,-0.609136089,18.3499927
0.262019976,-0.134737063,1.003504862,-2.62852114,0.001833001,0.232842451,-0.918707476,0.752034159,0.050447443,0.561576884,-178.0231363
-0.270614524,-1.820997246,0.20821197,-0.165399127,-0.721118797,0.468006471,0.71101011,0.362341866,-1.030020246,-0.2139463,-15.88394344
0.934801663,1.639132128,-0.722159162,1.134538331,-0.858087049,1.821895316,1.854430901,-0.882678822,-0.95616806,-1.533001579,13.94278983
-0.816740866,-1.6295393,-1.366939159,0.005721281,-0.377060817,-0.873782887,0.237411949,0.063513261,1.940254293,-1.004109407,-135.007271
-1.796276567,-0.340604078,1.082378711,1.61598168,0.523219011,-1.594176325,0.305172635,1.041666733,-1.697096143,-0.766479773,283.9670406
-1.122901156,1.667797933,0.767062689,0.537983672,0.236542194,0.430846005,0.717846229,-0.16048622,0.883624549,1.350993906,143.9061925
-0.615362719,-0.180610339,0.787348421,0.233784966,1.443299059,-0.205281623,-1.012341784,-0.526495574,0.617540871,-0.970478544,134.3335081
1.186893078,1.345184655,0.63793196,-1.556536934,0.410920994,0.518512834,-0.585290531,0.429006848,-0.831478673,-0.324475157,-65.62476136
-2.256725105,1.607019008,1.682647594,-0.34224513,1.748135573,0.448942718,2.503237805,-0.633639866,-0.962668534,0.02447967,197.2874039
-1.875007387,1.17998853,-0.109864123,-0.184086867,0.574041931,-0.63014283,-0.772192388,0.699464247,-0.37550004,1.665603214,2.495013329
0.547097381,-0.202192652,0.747293605,0.610370265,-0.56018104,-0.828995011,-0.020901594,-0.591571389,1.277664896,0.117327383,102.9502166
-1.182597501,0.544108089,-2.609248655,-0.834075563,-0.744969744,0.526282467,-2.158140948,0.880108704,-1.707444546,-0.751453427,-343.8147567
-0.57071685,0.17554787,1.359628273,-0.029570035,1.373556899,0.955108681,0.271916907,-0.949281662,-0.232885999,1.069923199,176.8732165
0.441908922,0.170010219,0.287919621,-0.267191566,0.055453335,1.943584087,-0.287082203,-0.789246595,0.084010191,-1.041886932,-4.762013846
2.078277976,0.296284529,-2.015771201,1.358743566,0.70342318,-0.525571351,-1.311665902,0.53994183,0.408854186,-1.067255024,-30.37426683
0.759578251,-1.091129034,0.245101625,-0.808767302,-0.739115223,0.227289541,1.826772343,-0.392630862,-0.93820741,0.23877695,-67.28137803
-0.279993302,-1.279030736,-0.596974287,-2.390304367,1.230222176,0.379153119,-0.412220745,0.428186248,0.537629903,0.913473732,-242.7239224
-0.015355738,-0.436038842,-0.252634298,0.011927716,0.860363099,-0.464800329,-0.985919966,-0.096438221,-1.471007246,0.606659458,8.796631666
0.442562429,0.871353676,0.905119183,0.601580045,-1.756230234,1.583936441,-0.885652398,-0.829158922,1.051121748,0.251587918,47.7951602
0.907345008,-1.181461087,-0.148628163,0.247196018,1.444829511,0.226637193,-2.421298737,-0.1073761,0.390874148,1.737703823,74.42373345
0.238150504,-1.29530839,1.18564858,1.405063634,-0.773935419,-1.12672362,0.257834129,-0.672335976,0.504854901,0.532209685,210.3040095
-0.950150737,-1.947730768,-0.909513993,-1.350605743,-1.021617955,-0.508695467,-0.703063803,1.277346342,0.690907343,1.593565011,-269.7139599
-1.225534722,0.134801423,0.936380135,-0.192606439,2.445769569,-1.030086055,-0.772833731,1.952944554,-0.339983722,-0.113996553,172.7201437
-1.572679069,0.04642926,-0.310456463,0.747865869,-0.079644715,1.58700928,2.156474168,0.696593981,-0.377419462,0.405689527,39.44011429
0.281165143,-0.090746757,0.410151568,-1.038048581,1.695363494,1.316247297,-0.328109288,0.021981553,0.270463509,-0.047597245,3.143031044
0.729843035,-0.179328028,-0.097892405,-1.232454391,-0.20791231,-1.384378144,0.367046793,0.278923097,0.4450427,0.279811854,-126.3947823
-1.071490798,-0.142558687,1.012932794,-1.438518153,1.002281802,2.045722269,0.791094752,-1.035526751,0.779851745,0.239196698,-3.482941154
-0.716194514,0.191362254,0.280574966,-0.582929496,1.291747851,0.854317339,1.094573291,0.044502082,1.105313901,1.132842212,12.87625889
-0.094301822,1.640696432,0.119642188,0.046267048,0.742645954,0.217454288,-0.573880088,1.393700908,-1.392912981,-0.286347309,45.6095282
-1.107199374,-0.2756311,-0.969632435,1.328063962,-0.889107913,0.573742143,1.272664928,0.458900072,2.341884927,-0.063579358,13.34788958
0.74706225,0.915995563,1.298731939,-0.236584084,0.985620913,0.696042411,1.31806129,1.381949322,0.650931622,0.342995114,153.5261981
-0.177025722,0.577436484,0.549526489,0.169355704,-1.018459154,0.784387459,0.025032073,-0.226902337,0.415959375,0.174936669,36.30838546
-0.537775499,-1.497263089,-0.520152486,0.689784148,-0.295216388,-0.057921203,-0.005189213,-0.696086727,0.15399553,-0.66769876,2.537900441
1.139087534,1.094912319,0.518113583,-0.771124757,1.009646109,-0.089953498,0.008212177,-0.225309681,-0.987874195,-0.176520022,2.20888843
-0.153442367,0.19645338,1.13863895,-2.670167933,0.069859797,1.94789098,1.552282909,0.441104484,-0.241097449,-0.725883662,-118.771934
-0.900160228,-0.413448703,1.213179188,0.53289172,-0.924268403,-1.451226299,-0.617285707,0.269052693,1.206535723,1.202249003,124.4261835
-1.338906282,0.980402995,-0.560732003,-1.744488058,1.297134455,-2.0911247,-0.962591811,-1.66296776,1.14422729,-0.721051597,-170.4475394
0.098986487,-0.107439755,-0.19802722,0.28668482,0.945214312,1.404790842,-1.274510209,-0.253900963,-0.851805998,1.990147774,25.35124716
0.451046542,-0.109032675,-1.37162607,-0.073907398,-0.038113142,-1.355633485,-0.473932539,0.241079999,0.625691371,0.23026773,-126.9042264
0.048831125,-0.933421267,0.275663582,-0.530959647,0.37431309,1.180318317,-0.772903664,0.252448555,-1.513654174,-0.362241698,-10.63314845
-0.294436968,0.19729797,-0.420740195,0.802828912,0.651405648,1.136066192,2.081908069,0.851588817,1.420359459,0.313111893,75.86064894
-1.235572589,-0.494220482,-0.721710868,-1.6538786,1.07064214,-1.800030393,-2.001374771,-1.389891861,0.711113826,-0.47615258,-199.7084101
-0.159086664,0.762832642,2.235684681,-1.070482901,-0.252419722,-0.7493413,-1.707305942,-0.594192271,0.906215869,-1.444385514,88.26132671
-0.060409295,0.38372582,-1.303410828,-0.808261602,-0.270899838,-0.260815856,2.060971385,-0.093718677,-0.655492713,-1.204031371,-190.5632142
0.295224758,-0.679444985,-1.035604056,0.881058892,1.608067247,0.188631082,0.047298743,1.071680374,-0.436514863,0.694669124,51.95728033
0.961987189,-0.23701197,0.460271625,0.19484234,0.181251163,-0.738057084,-1.01969532,0.448635765,1.462195939,0.206361771,57.97467553
-2.063403152,-0.317350492,0.754733298,0.199423986,-1.153692281,0.681362327,0.473038282,0.503252065,-1.661083416,-0.645572072,48.71495227
-0.690056284,-0.216575877,-0.373009183,-0.38216563,-1.619544594,0.417822994,0.96177382,-0.693123342,-1.683227249,0.692853035,-131.1112852
0.160589433,1.362132404,-1.114822187,1.196910949,0.268593581,0.033719055,-0.596894785,0.034375309,-0.10902342,-1.67446946,26.26967468
-0.93061732,-0.961882967,-1.336837655,-0.514138856,-0.450266592,-0.879129368,1.513433417,1.915744652,-0.766452666,-0.031390336,-179.0189017
1.121861505,-0.186678962,-0.170385765,-0.81282359,-1.692270832,0.499095816,0.828058815,-0.022034864,-2.074486351,1.0710805,-135.3536438
-0.573421514,0.361182167,0.451395952,0.401321374,0.40529411,-0.421976864,1.067993045,-0.836842182,2.005593064,1.295271234,124.9767948
-1.128351338,1.263539011,0.170442999,0.726870524,-0.30309272,1.429519659,0.554142927,0.54753982,0.096377123,-0.614423524,77.78533722
1.815741925,-1.182400835,1.22370789,-0.086508908,0.337466387,-0.599472444,-1.445878746,0.995254395,0.188281389,-1.233082828,106.1542864
0.759787237,-0.839527558,-0.063389852,0.482790124,-0.384489121,1.103720014,1.083583103,-2.135799849,1.519952006,-0.333460693,33.17164171
0.200068163,-0.880607126,1.628730241,-1.037918303,-0.226677183,0.059572478,-0.620061494,0.056129454,0.310161286,-0.716726239,36.57073779
-0.648280776,-0.207962008,-1.472412836,1.32082575,0.289853205,-0.012008237,0.200250093,1.334874423,1.220858321,1.13882624,8.045481238
1.666307413,1.687853785,-0.181670928,0.006381936,-0.233057643,-0.770873689,0.64656571,-0.53348926,0.698244294,-0.405203265,-28.13238951
0.359055093,1.334229194,-0.61836502,-0.794893647,0.674694978,0.947511909,-2.072355182,1.136191375,-0.082697745,0.154031842,-131.0007657
-0.193395801,1.036399689,0.746906903,0.619530859,0.336421163,-1.91327211,-0.196720425,-0.089206065,-1.272958883,0.915318315,148.7919793
0.377208816,-0.640125605,-0.955592104,-0.197856429,-1.386677967,-0.948061994,-1.342057806,-0.928982059,-0.703466792,-0.137542467,-156.5322525
-0.192806087,-1.339517924,-0.965826771,0.236717121,-0.991334392,0.370867792,0.678549655,-0.5432015,0.522020635,-1.874865656,-96.72079594
-1.512317208,-0.385237693,0.462060544,1.500218964,-1.431408733,0.163324655,-0.670931101,-0.501219232,-0.079695829,-0.638640783,128.4328307
1.285500496,0.054656121,-0.470045185,0.320506413,-0.388745294,-0.044686401,-1.820659493,-1.086109686,2.317353766,-0.229090103,-55.55061221
-0.664112715,-0.890668133,0.646080938,0.483320679,-1.260644116,-0.29592754,0.695719701,0.46733113,-1.983575678,-0.768070355,63.44476259
0.538924488,0.653574997,-0.494520722,0.904232404,-1.857320945,0.251269313,0.779375469,0.946004561,0.200737791,-2.24939067,-38.01240742
-0.875618253,-1.382799731,0.077368308,-0.861284201,1.479944139,-0.007972641,1.523124077,-0.190338678,-1.037246154,0.538910044,-14.27233105
0.753770495,0.469126953,-0.528418359,1.013274335,0.658800925,-0.346622422,0.578722971,-2.58198614,1.882118897,0.972119456,96.18033736
-0.816154989,-1.455054605,-0.761824672,0.210367114,0.147755907,-0.114472372,1.530334564,1.498097633,1.171810143,-0.778094786,-20.62146322
-2.520438471,0.016707385,1.367651304,-0.260430586,-0.187597,0.628730548,-0.302774545,0.084797729,-0.132425585,0.660488982,101.2719652
0.007463839,-1.191294106,0.279097337,-2.159566678,-0.525660317,-1.771959704,0.085070085,0.270644886,-1.183491882,0.157979373,-197.1903705
-1.053082745,0.318663092,-0.781739143,-0.672645845,1.171169663,-1.41434774,-1.262842522,-0.937460688,-0.349316064,-0.404947889,-93.89086195
0.494614102,1.455142935,-0.04085234,1.17607906,-0.11772949,-0.445792715,1.520211857,0.854147471,1.271555913,0.650715102,98.80199036
0.065931109,-2.655082018,0.625289513,0.030283637,-1.39622913,-2.843943665,1.573136022,0.313238249,0.433046379,1.545226446,16.36532987
-0.874742257,0.697063354,1.490711657,0.353056373,0.967584719,-0.043487891,0.67107103,1.009743886,-0.725428482,-0.54155004,204.7602486
-0.095149817,1.238283211,-0.486768233,0.544441334,0.939009879,0.436051075,1.581754158,0.830655691,0.355669873,-1.258870556,51.33898448
0.766080278,1.226933224,1.661259215,-0.457096257,1.772251597,-0.027514905,-0.60221206,0.3017919,-0.998385439,0.468774256,177.1932659
-1.340124896,-0.485678745,-1.194186651,-1.012644441,1.05995017,0.166637895,-1.93542996,-0.120587188,1.330432344,-0.549158942,-161.7480803
-0.182584878,-0.55459324,-0.421482997,1.272198554,0.612825322,-0.558230262,0.588157264,-0.893833221,0.032264811,-0.706475501,105.7582952
0.207267329,0.069344337,-1.496529255,-0.650023934,-0.92951086,-1.846187862,-0.08343797,-1.003957372,-0.921859813,-1.44964522,-228.368619
-0.155062045,1.188474967,1.393924531,-0.818475086,-0.316657765,0.722495769,0.16937747,-0.015949727,0.420972783,-0.775785989,48.41519842
-0.627092825,-0.040917535,0.625318334,-0.169274438,1.164990883,0.233865101,1.352362546,-1.705959095,2.052073311,-2.364855373,93.41859737
0.018047252,1.210674553,2.369287301,1.395434082,0.72449106,2.943048335,0.241802072,-1.737804616,-0.03658004,0.30140707,379.832513
-0.817493941,0.814740026,0.201325968,-0.382652348,0.09338697,0.729590421,-1.052441927,0.443861231,1.207446044,0.154028931,-21.67390374
-1.182457947,1.433282173,0.1767637,-0.279910573,0.783431187,-0.403901083,-1.925967946,-0.060740657,-0.309576274,0.243308225,5.502246275
-0.306831744,0.005143141,0.244774841,-0.249121003,-0.768323494,-1.686570243,-0.155809082,-0.493099461,-0.863598393,-0.323353669,-39.1534436
-0.504349823,-0.814875776,-0.425110838,-0.433054324,-1.456043831,-0.316788262,0.575440826,0.281353023,1.083168021,-0.015224626,-136.5000164
1.086480123,0.445759851,-0.879717361,-0.174267034,-1.391983287,-0.998570386,0.103117582,1.574586358,-2.35570349,-0.271296563,-159.4511329
-0.578363387,2.266489655,0.614216915,0.234235411,1.501362505,-0.855881506,-0.431932969,-0.099725348,-0.928185629,0.39720831,136.2077912
-1.186012627,-0.083099515,-0.888402876,-1.946253193,1.256801249,-0.152066251,-0.534283051,0.24548673,-2.230913008,-0.667834336,-205.3844362
-0.224555042,-1.058450489,-0.518435632,-0.579855181,-0.002685726,0.042907326,-1.078364164,0.968744621,-0.668149192,0.482665026,-98.69078533
-0.967962839,-0.957783357,0.302270513,-0.530836406,-0.043116545,-1.106917053,-0.538692681,-0.002678088,1.416540351,-0.391026318,-25.04010267
0.198084761,-0.144360412,-0.268888691,-1.106525909,1.12656503,1.848956095,2.573359803,-0.024125087,0.013929292,0.059218434,-75.20157315
1.702147324,1.160210768,-2.848527089,-0.075304421,-1.235706024,-2.600535927,0.990386237,0.83055029,1.391995698,0.10550075,-342.9588604
-0.051859569,-1.378000092,0.38172399,-1.439754335,0.201848637,2.353605232,-0.046567188,0.140195574,0.209921572,0.971674822,-95.07118385
-0.367129045,-0.889098783,-0.798965005,-1.18808081,0.35892274,0.50387162,-0.812112877,1.393923414,-0.075931542,0.135376897,-185.5615241
0.67929382,-0.710136607,1.183549103,-1.164663349,0.955935822,-0.734671094,-1.203913649,-0.299069085,0.629360633,0.225256682,46.67778667
-1.779875108,1.064170702,-0.113158494,-0.555273088,-0.971062029,1.266661253,-0.987522962,1.209010199,0.535458747,0.741319817,-110.4646015
-0.559282478,0.62880914,-0.969679661,0.673679596,-1.729997791,1.646551421,0.269784399,0.213992893,0.667495499,0.26274955,-106.0299064
-0.118387837,1.805354459,0.187020108,0.586624883,-0.374104528,-0.741592639,0.445479175,0.412220694,-0.424643329,-0.049818331,62.74842002
-1.659905563,0.088822962,-0.037886701,0.820967139,-2.226761525,-0.138796401,-0.035757644,0.604024847,0.527568116,-0.284139555,-7.92812388
-0.045642853,0.020841482,0.527071199,-0.637579858,0.527330079,-1.984128067,0.14782209,0.249725487,0.706975464,-2.531430046,5.276032237
-0.033294008,1.286430463,-0.262312828,-0.296145121,-2.330663478,-1.540667131,-0.244953583,1.790856013,-0.879396823,0.252858246,-141.9019441
1.675975871,-0.129503714,-0.953763666,-1.264894208,-1.322782975,-0.35621245,-1.281784195,0.334069362,-0.386762789,0.06054782,-258.8352726
0.971918694,-1.36386315,0.726038793,-1.076923119,1.287181047,-0.565131372,0.437498296,-1.485739466,-0.682384585,-0.390582313,7.764347388
-0.417963637,0.895444756,0.058350713,-0.281520858,-1.133969742,-1.258611533,0.811328353,-0.820380284,1.02661339,-0.965547686,-71.78277487
-1.095270519,-3.176703813,0.645587712,0.019381238,-0.974806576,0.015182943,-2.320315598,1.202451248,-0.024232834,0.782629826,21.0960212
1.428857708,-1.474132132,0.321678541,0.168059806,0.521279905,-0.714680677,-0.995148482,0.178476664,-2.177065046,-0.181503162,48.77424268
0.06125271,-1.698426909,1.377263904,-1.299874407,-1.836488839,-0.574064714,0.542259391,-0.792254093,1.28959362,-0.034960696,-59.01730099
0.472491381,-1.246231524,-1.110784084,1.018209527,0.580322207,-1.142139005,0.644605182,-1.938569151,0.980375682,-0.777643862,19.94536571
0.467950422,-1.170280706,-0.998306775,0.518793017,0.306389482,0.53776819,0.863528243,-1.217403793,1.152648103,0.171469318,-3.927270188
0.552299938,0.625630934,0.597228218,-0.948348004,-0.895069842,-1.175594606,0.463206292,-1.232523315,0.848174213,-1.367137806,-73.3296528
-0.624714167,0.15342738,-1.237254983,-0.151416068,-0.419133794,1.568533939,-0.714612812,-0.710282037,0.139168462,-1.338341825,-139.6002994
-1.348034252,0.099229623,0.369979214,-0.804012998,-0.37372087,1.21032385,-0.659299037,0.797851825,-0.803938377,-0.236154568,-67.48943458
0.970248515,0.951070352,0.762510613,1.561940737,0.532237737,-0.193855156,0.520234896,-0.661740408,-0.446295112,0.276913196,245.1037836
-0.39474962,-0.855678967,-0.219802706,0.458472569,-1.519513338,-0.161312723,0.244006063,-0.987504398,-0.58527339,-0.511796014,-53.41317448
0.250628232,0.808571007,-0.558795819,-0.312071932,0.295511692,-0.225493423,-0.337815094,0.461078032,1.22885655,-0.627420734,-54.74699865
0.510124361,-0.64936482,0.297462053,0.139497796,-2.506571571,-1.625544034,-0.284836938,-0.258175138,3.098299434,-0.10619409,-69.99861155
-0.180890455,-0.242240159,-1.581475428,-1.333921543,0.879845924,-1.174352962,-0.633186941,-0.585441263,-0.595471389,0.26583217,-235.8458769
-0.689655505,-0.053212436,-2.269077273,-0.977072146,-1.242871586,0.6325828,-0.242666461,-1.807589649,0.543256965,2.580291899,-347.0390742
-1.394741442,0.220504513,-0.38198035,0.743061744,-1.133603519,2.190570134,-0.126796114,1.234146987,-0.192546711,-2.722786046,0.439653305
0.340444177,-0.26254421,-1.55657857,0.73914996,1.55585178,-0.407420926,-0.390573114,1.560953026,0.395611049,-0.88346431,-12.5100005
-0.859540821,-1.096951797,0.898123833,0.745635833,0.654297393,-1.465340383,0.154972019,0.787629359,0.713429026,0.767224627,171.8481034
1.119566117,-0.478232608,2.060214073,-0.447815004,-0.123241939,1.154234805,1.997948205,-0.642532169,0.517484903,-0.974735182,139.9831104
0.465229553,1.802945663,0.379685711,-0.682730219,-2.072911298,-0.584030509,1.471100354,-0.095561669,-0.592352433,-1.378113901,-113.1296786
0.484591379,0.267475389,0.084865458,0.685619374,0.330783807,0.144253522,0.312865651,0.081291425,-0.268368799,0.06573766,82.40366652
1.255754275,0.170962955,-0.265343585,0.075947136,-2.297568104,-0.028692388,-0.822837822,0.771528844,-0.339251963,-0.831553208,-109.5527307
0.097286403,0.262977484,-1.399799135,0.314358375,-1.370513182,-1.271935865,0.604179089,-0.211645555,-1.141878817,-0.864205021,-131.7338309
1.206676498,0.183969141,-0.491453628,-0.691941529,0.505897608,0.06883836,0.956659432,-2.145758963,0.315881781,0.54609752,-111.4381517
-1.765521289,0.779643852,0.46331572,0.366235753,0.508192939,1.928633801,-1.320793404,0.723160113,0.479187531,1.938190471,96.50961365
-0.40139421,-0.982608344,0.726318959,0.967822966,2.478184648,0.48852017,1.875858357,1.242702871,-0.551055679,0.850117103,261.7509851
0.564776264,0.684486134,-0.976620316,0.160268857,0.214168941,-0.116571346,-0.423833538,-1.537707809,0.734106336,-0.765611157,-47.93668564
1.775490849,-1.479196018,-0.08189438,0.991191113,0.033443468,0.158093899,0.747444971,-0.104358449,0.450155634,0.297876191,90.69617953
0.590654831,1.108703581,-0.489439443,1.044160877,-0.530868773,2.526932426,0.68189149,-0.359292091,0.583928185,1.846707326,44.27183589
-1.626430759,0.415671974,0.199272213,0.055789629,-0.676810736,-0.419769712,1.063955845,-0.363870798,-1.980853847,-0.414955879,-19.39559633
0.361636025,-0.645119755,-1.106334974,-1.196206624,-0.185658977,-0.479174238,0.812525822,1.003532898,-0.072010122,1.356240029,-206.6087671
-0.361391641,0.674404801,-1.306679331,0.494440923,-0.066369839,0.555856452,-1.004689279,-0.687476626,-1.165920003,0.646614302,-74.50135696
-0.09662367,-0.415966928,-0.45909031,-0.694600369,0.455904195,-0.606503388,-1.154362668,0.15805349,-0.389923707,-1.751828807,-77.6663095
-1.31296853,0.393975226,-0.807650558,-0.391569977,-3.688365291,0.235455795,1.505062039,1.49503031,0.162796618,-1.080002608,-243.8457849
0.402203064,1.102125708,1.456117917,2.075437811,0.713734606,-0.583478157,-0.400133377,-0.23735408,0.336173927,1.200106824,352.7340233
1.491673859,0.724829373,0.400641638,-0.788076254,0.037553077,-0.102103059,0.456355973,0.573447493,-0.896585541,-0.367074646,-18.18210032
-0.0837831,2.254038109,1.411356862,0.785345603,1.501952965,-0.414916278,-0.326613781,-1.40355863,-1.553035278,1.985380395,262.7752439
-1.732494595,-0.393201004,-0.614944103,-0.8251659,0.752891081,-0.178680888,0.226238089,-0.150147832,-1.169315265,1.117933823,-100.2886023
0.160134897,-0.583625585,0.574826484,0.490257444,-0.102038201,-0.977268862,-0.008232365,-1.297211539,-0.081550795,0.057053837,81.94076952
0.383827024,0.107449421,-2.178584195,-0.370523308,-0.941934271,-1.195724716,0.736755958,1.373228864,0.190481869,1.491276864,-265.4536511
-0.141876726,-0.940067455,1.182476566,0.607312581,-0.548955041,1.116098666,-1.547531025,0.422928609,0.522479823,0.530378692,149.1376388
1.573382576,0.49120747,-0.088892032,0.756720184,0.305640655,0.514116965,-0.826984696,0.801705269,0.120335001,1.595535316,71.94409559
0.043469775,0.628830717,1.779171797,-0.000438989,-0.221082118,0.67530083,1.190794708,1.058363504,2.131209758,0.27855578,166.0651809
0.511215374,-0.779914209,-0.074469318,0.839489315,2.166449128,0.509598858,-1.171808148,-0.132191545,-0.808038092,1.694632844,133.9125046
2.163755502,-0.45069618,-0.627030455,0.16395389,-1.110886724,-0.866016056,-0.444911949,1.49947268,-0.290894445,-0.487861755,-74.53882902
-0.824191964,-1.112245266,0.890627176,-0.281459904,-1.074015971,-0.362840059,0.054271567,0.145000113,0.288501646,0.586406257,11.92010662
0.093354567,-1.34913709,-0.54983949,-0.2604758,0.03178082,-1.785419557,-0.816150805,-1.16806156,0.90117324,-0.941420882,-95.36061838
0.35948594,0.415379623,0.44570914,-1.800770702,0.990299547,0.876212579,-0.341199733,0.367819568,0.374216735,2.304089784,-91.04218824
0.684624996,-0.243902949,0.918242821,-0.127707207,0.622064905,-0.243180948,-0.305373736,-1.139311672,-0.778008912,-2.217646521,98.53738967
1.652913051,2.077777585,1.638960528,0.908022663,-0.024286496,1.209230647,-0.707439545,-0.835124504,0.326994513,2.209855666,241.1986968
-1.742258969,1.400914776,-0.08121201,-1.300479621,-0.8573881,-0.584365531,0.239264176,-0.570112416,1.082709774,-0.820796652,-162.1006765
0.613343957,0.764144313,-0.580477878,0.789123431,-1.226763597,-0.008934154,-0.269401311,0.049099811,2.08005026,-1.069727905,-19.59184988
-2.154383706,-0.839351958,0.49660241,-0.970350091,-1.738711721,-0.002337898,1.435989124,-2.216120647,0.059465927,-1.455965042,-111.9641394
-3.055708949,-0.282346372,0.616161231,1.03594614,0.954783097,-0.525144722,0.848439646,0.136909991,2.199190148,-0.341103528,192.9561241
-0.68481211,-0.094269071,-0.096212262,0.258930428,-0.040606232,0.381244655,0.536807469,-1.859663041,1.433633609,-1.249564912,11.12642729
1.811555773,0.579076301,-0.921823656,0.099988164,0.949889068,2.349108558,-0.335143139,-0.411923234,-1.229495158,-0.135334234,-37.47442125
1.500759791,0.850221742,0.076821891,-1.282992224,0.477040827,-0.046920579,0.996266819,-0.428115161,-1.556581899,-0.493756583,-93.10434862
0.62206999,1.32893332,-0.039307288,-0.134496784,-0.244080474,-1.016683129,0.333859967,-1.312219193,1.081766728,1.431366782,-32.70236241
-0.027555937,-0.977284832,1.596089292,-0.544528117,0.677840098,-0.184454471,-0.998815268,-1.038106986,1.593106222,-1.242153351,111.963165
2.535385012,0.935454701,0.46993708,0.114074167,-0.29859953,0.46945424,-1.033323206,1.646502985,0.583682,-1.686273706,26.82244306
-0.033689672,0.436310431,-0.3008319,-1.639487875,2.228472894,0.189913037,0.356447068,0.882095242,0.554801208,-0.170039985,-109.222624
0.757032065,-0.252624869,0.262502891,-0.784163858,1.263855939,-0.54342043,-0.470755099,1.528331563,1.600097847,1.121188143,-6.724682376
0.814623505,0.355974388,0.158516158,-0.597657558,0.99348728,1.829252833,-0.976839915,0.616501041,0.265034049,1.119651017,-5.937324315
0.612737524,-1.428739963,-0.348719814,0.526965168,1.101415234,-1.079070693,-1.773167938,1.344684375,-0.684810155,1.201154406,52.08975619
-1.012974596,-0.103007876,-1.178214635,1.557027152,1.222625276,-1.264233982,1.035122166,0.081227924,1.887105983,1.235055736,104.2205661
0.981765487,-0.324831384,-0.638961748,-1.323089793,-2.153390114,-0.991392349,1.64201516,2.252435805,-0.688150345,1.009817089,-246.2159761
-1.564101763,0.224816737,-1.256155275,-0.044544864,-0.214694547,0.002118421,-2.626684756,0.241914984,0.063183669,-0.162956311,-159.9513841
-0.314960412,-0.353951388,-0.433847523,0.195640528,0.767050218,-0.007928587,-0.803920344,-0.324979444,-0.833747241,1.216528233,9.775400707
-0.5515274,0.052939468,-0.781476066,0.143213083,-0.148620383,-0.192104681,1.075594908,-0.344345905,-1.111165299,0.314289315,-59.7600131
0.99872657,-0.910198706,1.21488403,-0.92471188,1.045207582,-0.726889383,0.307309354,1.421503285,0.415311477,1.834431333,63.30705807
0.688259711,0.547738979,-1.718930413,1.046954534,0.226931944,-1.029610971,0.046637367,-0.23457903,-0.834373612,-0.520892904,-56.33207591
1.021397684,1.011905584,-0.782943079,0.384850565,0.661939584,0.388958536,1.349473105,-0.829467735,0.449908889,-0.956467144,13.33539719
0.056239762,-0.96405864,-2.006402631,0.770653717,-0.737293228,-0.294365172,0.078765263,-1.288521193,1.171916383,-0.17617638,-132.2749703
-2.549348942,-0.786864715,0.745292185,0.195105781,0.030033855,1.269405812,-0.253244157,-0.897426661,1.50733342,0.068370901,92.09354155
0.269789024,1.070219785,-1.041681433,0.788333353,-0.487267964,-1.454932965,0.330329699,-0.826279129,0.976786387,0.331700013,-44.99242301
1.04085354,-0.737560974,1.200523092,-0.572733355,0.58701924,-1.249374484,0.5069082,-0.396880145,0.338847096,1.581515119,76.16139106
1.283739434,0.046878543,1.383424079,0.473196583,0.224599477,-0.030593064,0.20082429,0.330149949,0.671026011,-0.95807938,167.2107297
-0.368881043,0.162399907,0.404704113,0.064823899,0.158647451,0.802501154,1.328331806,0.098715052,-0.705423714,0.347410478,57.3972339
-0.416625306,-0.063123013,-0.84635972,-0.584907653,-0.509213363,0.278348635,-0.478758572,-0.716043436,2.349075787,0.359475798,-153.4851272
0.958272582,-0.465162867,-0.337001454,0.36182582,0.268747549,-0.571791598,0.547392566,-0.154116956,-0.183726052,-0.763175663,1.824861105
1.180317839,-1.248010589,1.783914198,-0.895969967,-0.181423861,-1.892971077,-0.583493593,1.203197358,0.612161926,-1.183617663,79.68711398
0.440139166,-0.532950458,0.589119658,-0.021283165,0.624735739,0.368753992,-0.90142171,0.331046511,-0.292634713,2.684057815,73.08744627
0.415148566,-0.544527737,-0.107934101,0.215863806,0.099548022,-0.351346374,0.664235206,1.138166884,0.737996637,-0.415585675,28.47664904
1.548665843,-0.690474142,-1.100176205,-0.816457144,0.65216884,-0.28710352,-1.606901014,1.331481826,0.861887676,0.033998699,-153.7729233
-1.077720746,0.343158554,-0.540376339,-0.801483922,1.236832466,-3.836655548,-0.398445275,-1.559435779,0.61226981,-0.446643047,-81.2826382
0.426303964,-0.236072538,-0.483364879,-0.640424047,0.009631923,-1.508959643,-0.172192616,1.328294707,1.057061614,-0.332682721,-91.96434972
-0.284375841,0.416082371,-0.437384764,-0.147416724,-0.317106036,0.038645145,1.82437839,0.711305964,0.204609224,-1.041855215,-32.70780647
0.397844416,-0.294787503,1.132133692,-0.878668095,-0.316079749,0.087961559,-1.731315936,-0.969557343,0.994168046,-1.35728382,11.0354472
0.039864207,0.783468106,2.647884214,0.453935888,0.347363404,0.636235828,-0.465245429,-1.501836925,-0.392758952,-0.561356738,299.1506432
1.097075306,-1.445399837,-1.070754376,0.966092855,0.155579469,0.278204596,0.560280894,-0.772973434,0.277421111,-1.986290612,2.118492174
-1.195469717,0.624606645,-0.017517363,-1.604121012,0.394544034,0.081644709,0.031368416,-0.593729194,0.242595937,0.063537955,-132.5018425
-0.004201915,1.705362357,-0.100172769,0.214925965,0.226304208,-0.713192304,-0.459741395,0.202074506,0.096009268,-0.339088295,6.952885846
-1.658798097,0.907763998,-0.139208164,-1.190723456,1.053857969,0.828652593,0.981872084,1.558166355,0.397346727,-0.768808866,-77.09427097
2.170094992,0.617689388,-2.259370884,-0.599274478,1.21532597,1.077416499,-1.019170621,-2.045622891,-2.01603022,0.149588286,-225.4310611
-0.347064053,0.200415663,-0.820901527,-0.301387917,-0.684462201,-1.308474631,0.685900358,-0.587060918,0.502799197,-1.115103452,-111.0866863
0.02002734,-1.068024376,-0.098031071,-0.081070741,0.959253376,0.70606695,0.464263743,-1.284371976,1.176225707,0.56799454,15.79407805
-1.627004921,2.022590231,-0.466758812,-1.482984432,-0.538573673,-0.965782633,-0.817682397,-0.738697498,-0.412479012,-1.133830357,-217.6417958
-0.63432756,1.30608687,-2.006472615,0.682357013,-0.123996448,-0.839560861,-0.038664775,0.433066686,-1.548230666,-0.467285601,-137.8200656
-0.222474897,2.046862196,0.195481732,-0.098845201,0.569760357,0.491429453,0.43597539,0.126177904,0.68206949,-2.532246085,7.139935089
-1.128693001,-0.984172782,-1.841759705,1.210226725,0.04314402,-0.061758924,-0.329517349,0.456697562,-0.549853607,-0.399956739,-75.39461127
-2.103505397,-0.349338787,-2.432476162,-0.461602092,-1.239238148,-0.901126617,-1.404437614,-1.085521753,-0.509474751,0.097053328,-316.0450174
-1.022298514,-0.453654057,-0.241203703,-0.618495685,-0.037894257,-2.656773995,0.754235279,1.037890915,0.436824717,0.714860034,-88.29776398
-0.012276534,0.283927888,1.082537009,-0.660147867,1.110499866,1.075390554,-0.168337634,1.594920208,-1.370842045,0.239466989,77.63778097
1.836285175,0.137571469,0.477389931,-1.756809845,-0.594711487,0.455814813,-1.285390479,-0.323117606,-0.630000906,0.475312515,-153.0481897
0.703253828,-1.773775132,0.198217328,0.325259498,-0.85744243,-1.419433197,0.148547904,0.063541905,0.933066606,-0.301733054,15.0147362
1.220342977,0.734619707,0.700509114,-1.395229549,-0.845759408,-3.066800731,-1.18813364,-0.893406585,0.208888116,-1.434862808,-119.2671906
-1.054547766,-0.865727442,0.16685861,-0.222337971,1.061129519,0.068111493,0.835120476,-0.794732021,0.490246169,-0.382025187,38.30935946
-1.551512249,0.662051835,1.149672019,0.296576939,-0.497572498,-0.49496548,1.267651511,-1.333128355,-1.157116619,0.288728003,126.0280453
1.763174929,0.477527911,0.275668076,0.43397208,0.568634584,1.117229998,0.255237956,-0.251724341,-0.158832361,0.294333045,80.92217682
-0.280560792,-1.269463237,-0.466522926,-0.4449303,1.886909286,0.088703583,1.004790842,3.33526819,0.153430387,1.01175265,-8.323837324
-0.537289011,1.412069431,0.769386758,0.910700971,-3.495045222,-1.496095491,0.414012942,-0.278168574,-0.058869855,-1.302456084,11.16145343
1.794978636,1.090120621,-0.406162263,-0.316521014,0.812321191,-1.298192015,-0.626940636,1.662498766,1.403033428,-0.472817396,-23.67458652
0.638589002,-0.75329095,1.581317893,-0.454364034,-0.258599645,-0.079700626,-0.576664646,0.195003211,-0.368575744,-0.857229752,68.10291725
-0.282301613,-0.093354371,-1.52626429,1.438439036,-1.332161183,-0.51802618,0.931146701,-1.333080011,-0.436052806,0.655799667,-47.70659063
0.102484642,-0.482827591,1.255403609,0.945869644,-1.086054582,1.369701108,-0.900590353,-0.844324037,0.350370216,-1.132784951,162.8777163
0.532372011,0.320935754,0.65118977,-1.369132662,1.764971854,-0.138944351,-1.274851571,-2.001725481,-1.375320682,0.151819093,-5.542051846
-0.285623541,-0.426704193,0.916341623,0.450116255,1.194063816,-1.075212319,0.333628889,2.501168828,-0.52593672,0.300592414,163.2629754
-0.137508744,-1.093989206,0.676862137,1.774418533,0.550402978,0.245663241,1.500736383,-0.384090918,0.968734573,-0.810933225,259.1317473
-0.595067487,-1.313148587,-0.560085156,-1.325197082,-0.27394032,-0.468274174,-1.462739565,0.575598427,-0.871458366,0.390020956,-196.3800545
0.632008323,-0.551473911,0.478940189,0.971218413,-0.577255821,0.181600139,-1.007673065,0.452287166,-0.246683368,-0.200453913,103.5273719
-1.209198711,0.056741683,-0.091968466,-1.081914369,0.741822294,-0.362347558,-0.403287792,-0.183528172,0.910215784,0.084526984,-93.20288499
0.161449644,0.779801539,-0.387068607,-1.397870016,-0.226446356,-1.782589914,1.111920677,1.301299425,-0.743278338,-0.640065917,-185.0375568
0.411667328,0.787161518,-0.913161556,1.061519786,-0.805010991,1.552549065,0.994313382,1.689093131,-0.531359882,-1.193495586,-10.9441016
-0.287447519,0.287328904,0.768207217,0.215396505,-2.13056648,0.14125714,0.50826864,1.72469665,-2.084112939,3.926237706,0.01738385
1.37652266,0.20106699,-2.082471977,1.353435063,-0.676315864,-0.973967044,-2.230130253,-0.884380215,-1.178127895,-0.26382823,-117.9431089
-0.951928848,0.780222475,2.503636642,-2.207186518,0.975814654,0.982115312,0.750832109,0.487866834,1.756493282,-1.968682138,68.53461623
-0.678366213,-0.500352893,0.601013526,0.227277413,1.884739555,-1.878851951,1.24941885,-0.17496761,-0.79861401,0.247569281,141.362921
1.428724467,0.469120355,-0.304443071,1.010015717,-0.398538753,-1.133196013,-0.900639748,0.801394324,0.581670116,-0.720279984,34.85070594
0.922288957,-1.43825943,0.327900749,-1.465812913,-0.889606049,-1.082110065,-2.216979534,-0.194009122,-1.013221439,1.372503824,-145.0549774
0.233595081,2.116803055,0.736763345,0.61886033,0.223994969,-1.419384356,-0.629233763,-1.083188447,-1.277084562,2.914109216,128.8691809
1.673743754,1.466311803,0.824152363,-0.24348107,2.475313801,0.017855301,-0.815706048,-0.488777045,0.33542132,-0.974884305,143.3474166
1.157244548,-0.1714956,-0.788047623,0.656929066,1.568518985,-0.375108995,1.433832839,1.142207393,-0.343335176,-1.377295489,46.62502573
0.201099047,1.050654396,0.870067731,0.495681888,0.217432873,-0.190682401,0.150418905,-0.057618797,2.403415585,0.364961002,138.4415125
0.592477947,-0.706807794,-0.15750217,1.506248623,-0.47889008,-0.788429127,0.732938818,-1.471476532,-0.056843579,-1.346808607,104.9675585
1.552480374,0.245785017,1.582619044,0.084797634,1.207026513,0.122092096,-0.31506361,-1.656966456,-0.094770672,0.066178832,206.2448619
0.751448949,-1.432782039,0.744219846,-0.734952273,-1.146553578,0.343724678,0.948392813,1.311615122,0.001101112,1.907294258,-51.18574559
-0.402901327,1.9681471,0.486273192,-1.145662323,0.120929643,-0.43552968,-1.670932013,0.373133391,0.879241742,-0.931652785,-67.16737185
-0.361464329,-0.379479256,-1.161244452,1.07735981,0.910492132,-0.514416762,-0.260870801,1.763404046,-1.521442092,1.684170406,39.12517625
1.542888106,-1.230978497,1.300176527,-2.304857173,-0.589759241,-0.242288098,1.236871894,-0.527363338,-0.07810901,-0.544288293,-122.8967351
0.024211008,0.561505287,-0.934715202,0.86993895,-0.05357919,-0.915944515,1.536516864,0.917461011,-0.031167104,-0.845095315,-20.85939121
1.068346538,-0.141136877,0.302874901,1.004393561,-0.58047818,1.765707149,-0.932903633,-0.34025038,1.872324525,0.178052828,79.1200713
-0.560107307,-2.279496705,1.365281123,0.028659457,0.727369613,0.799532161,0.057768899,0.481607672,-0.178453825,0.819203518,160.7587647
0.832110217,0.546968473,1.565103406,0.500333207,-0.96041692,0.047514635,-0.774601348,0.044206175,0.307203946,-0.993825289,160.4413056
-0.058714152,0.040915408,-1.18043518,-0.254258926,-0.89506156,-0.982669894,0.05222748,0.392971613,0.897685287,0.021581483,-153.1885966
0.210229599,1.27337849,0.326020807,0.007531312,-0.244952632,0.763859635,0.54058077,-0.918199653,-0.646821775,0.04667534,5.90014295
0.139174089,0.280951249,0.715992898,0.408446204,-1.569299338,0.508532296,1.655099081,-0.044645541,1.377117434,-0.218991317,50.43745694
-0.054593266,-0.378402506,0.140362907,-0.00639232,-1.277604824,-1.231868554,-1.235922174,0.589301806,-1.367935386,-0.356455787,-18.54522165
-0.459957641,0.543960569,-1.575322447,-0.50359259,-0.108242463,0.479609169,1.311573922,-0.388793935,0.047291419,0.292255957,-187.7322583
-0.410162223,2.733890428,-0.488917423,0.09295181,0.348079884,1.602557191,-1.248075953,0.611669508,0.42997423,-0.306185136,-31.66547124
0.569876376,-0.676054367,-1.184951941,1.604934502,-1.142942546,0.171187144,1.069447388,-0.247916026,0.18476865,-0.004142585,0.957151586
-0.064537863,-1.327969069,-2.274084584,1.791931112,-1.532270125,-1.034279155,-0.445309939,0.912558738,0.202061269,0.592059538,-96.56773943
0.292892594,-1.044637351,1.465591165,0.580454365,1.012517466,-0.049768712,-0.396037885,0.360934032,-1.853284482,-0.489478927,224.1468187
1.13123722,0.360075266,-0.360645921,1.181475171,-0.684921274,-0.277495624,-1.331401356,1.07133608,-1.141762428,-0.718215831,20.51268168
0.887622963,-0.160664848,-1.336402423,-0.877133938,-2.553631016,-0.267839433,1.096724208,0.729369795,-0.553934684,0.688108024,-285.021808
2.407591422,-1.082051546,1.691650408,-1.196937927,2.439334279,1.261460804,-0.408437601,0.06953333,-0.085559834,-0.022785635,144.2678478
0.069802085,-0.385313597,1.163163752,0.010233061,-1.435862151,1.441273289,-0.981508651,-0.600216877,0.199059696,0.462103474,61.62191748
-0.221253624,-0.2768133,-0.36495273,-0.839209667,1.072507337,0.538296079,-1.044809194,-1.103208366,2.05620713,-1.966356589,-82.44687737
-0.791467643,-1.181893974,1.378911243,0.293786688,0.017641809,-0.702727065,0.592950809,2.31810226,1.026419377,-0.752234537,172.6054753
-2.090302899,-0.170258247,-1.690671628,-0.978499546,0.291563677,0.279083858,2.755217744,-0.650659827,0.730958976,-0.305610614,-224.8192636
0.024421992,0.638081711,-0.924022532,0.778508845,0.45078331,-0.740452002,0.015215512,-1.449079052,1.729701421,0.235473719,7.466484721
-0.773639845,0.223599454,0.030948088,-1.505071874,-0.147155305,1.162902573,1.016830889,-0.813022852,0.556947882,0.62732812,-140.1902769
1.237369794,-0.257724562,-0.353652555,0.227325907,1.137857776,-0.215830755,1.297297534,-0.096384636,0.214463267,-0.07937614,26.29195856
1.133376572,1.128265698,0.204009351,-0.92070334,1.217545767,0.283482533,0.855377081,-0.519367711,0.494826021,0.296881496,-28.47946337
0.902761989,-1.47678108,-0.525872332,1.09785091,0.978466677,0.385978898,-0.419468392,0.889156174,-0.366161095,0.240159271,96.57606396
1.008448758,0.745460444,2.74320367,1.100444724,0.197979913,1.189689767,-0.177474088,0.67467593,-2.626589725,-0.793072817,354.7779559
0.496248566,1.482832866,-0.604029885,0.219204188,-1.326877559,-0.57700444,0.673428813,-0.337026375,0.346724016,0.161791541,-70.38909387
0.053059313,0.865289756,-0.779375325,-0.651888583,1.243469128,0.342926377,-0.308960015,-1.886128704,0.138078408,-2.104582799,-79.38428279
-0.237543511,-0.323143479,0.83693173,-0.59107751,0.339064981,2.23324053,0.976440605,-1.079891436,-0.378977546,0.334889026,39.13746779
1.038654287,-1.992185566,0.721161822,0.256324653,2.259602028,-0.450668178,1.363545947,0.08015976,-0.505620586,0.301930635,183.6859412
-0.397679694,-1.184030558,-0.856498237,0.097670377,0.420191543,-0.993862675,-1.264498407,-0.123728946,-0.38281719,-1.793106453,-71.12657537
0.323393855,0.050090149,-1.007174736,-0.949117628,-0.708182063,-0.073652026,-0.679935945,-1.040380151,-1.354599661,-1.127132584,-226.6860855
0.494522492,-1.130520456,0.533626425,-1.454561405,-0.503356738,1.639956682,-0.19052519,0.154648543,0.327075218,0.291374456,-102.8976944
1.554160421,0.853975977,0.56288086,-0.879814354,1.685014279,1.230874513,1.987061112,0.342337834,-0.335137781,-0.530970898,36.79039843
0.774468189,-1.832237571,-0.783075389,0.316977454,-0.531090381,-0.328331897,-0.048561759,-0.41681564,0.080171832,0.884834006,-54.26167951
-0.059674825,0.860742425,-0.161822759,-0.976433669,-0.434824621,0.037560467,-0.441535329,0.253403665,0.333122057,0.359518882,-124.3322402
0.830335817,-0.856083826,0.632781866,2.270692858,-0.415287914,0.338496407,0.181866255,-0.849844369,-0.4593609,0.248220586,247.7549545
0.041385762,-0.152377497,-0.879136093,-1.918589424,1.60740455,-1.125870827,0.010067009,0.751090543,0.58645313,1.698458702,-212.1517161
1.504384838,-1.900037925,-1.196793534,-2.774477243,-0.074117272,-0.500851141,0.207065724,0.959330956,-0.351280167,2.086439782,-373.5011604
0.231445923,0.646489538,-0.904614375,1.172756845,0.046002747,-0.238110436,0.665416824,-0.378007899,-0.878323077,1.941217436,37.78933139
-0.723990332,-0.195390351,1.296063062,-1.107156817,0.493654848,-0.524662407,-0.365505937,0.591349242,-1.395789202,-0.15129922,34.64748745
-1.056638215,0.745461455,-1.725918448,-1.808680569,-1.234794751,1.700774788,-2.079588119,1.207776492,0.551367699,0.673169815,-384.1251079
0.13811211,0.111149899,-1.151385078,-1.001881559,-1.685617437,0.036975667,0.079172483,-0.948930983,-0.892802456,0.441339085,-254.7121722
-0.588801567,1.407099289,1.592197914,-1.323257357,2.007956096,1.377879642,-1.419857535,-2.808724592,0.134387442,-1.190709432,86.25771558
0.98436247,-1.329493572,-0.862666358,0.109843093,-1.992065065,0.305860271,1.193982273,0.15571732,-0.23654658,1.430624397,-122.9332451
-1.583080415,-0.353263974,1.278103504,0.87868165,-1.360995725,0.463995131,-0.018840301,-0.372000204,1.00260586,0.288002094,144.0582985
0.272026897,0.289221941,0.001734936,0.509667275,-0.133978474,1.457870568,0.505333944,0.036152528,-0.060298516,-0.919197767,31.91744704
1.36350402,0.93082306,1.471642703,0.991756519,0.947652534,0.10927701,1.552264914,1.184086369,-0.621587934,0.182060488,288.058199
1.492688569,-0.271123601,-0.877982587,-0.826880354,-0.20367375,-0.100154076,-0.226478892,-0.803178951,0.913584626,0.367365507,-158.5669547
0.032773638,0.021222651,-0.574486705,0.871702586,-0.309710812,1.41069232,0.509513564,-0.21224431,1.391457967,-0.18733031,27.08791336
0.229391941,0.232016466,-1.07566761,0.297914605,-0.956579025,0.286657269,1.458192477,-0.61014594,2.207929218,-0.548202489,-106.1122535
-0.053609491,1.518041567,1.131148711,-0.098425899,1.325043146,-1.504601813,-0.879835865,-1.004624066,-1.148119466,0.792898148,130.262102
-0.287934991,0.017200592,-1.076071868,-1.273415582,-0.673675088,0.297736455,0.167635706,-0.80544306,1.19455632,0.081904165,-247.7031053
0.910754099,1.133406399,-0.315978522,1.088183569,-1.089419266,0.567485729,1.795182763,-0.501398021,-0.169253286,0.439915211,53.01177599
-1.547278551,-1.209422454,-0.538526454,1.515176393,-0.904138843,0.071231397,-0.12517492,-0.522130186,-1.740679436,2.071171303,40.42808134
-0.045710755,-0.438524506,1.737904762,-0.975098856,-0.485590112,-0.896333333,-1.341130033,0.432120244,1.196763225,1.527981574,41.0674494
-1.583902823,0.760414656,0.840643549,-0.652623979,-0.681051657,0.128104415,-0.446183433,-2.423879327,-0.452306319,-1.889540731,-11.02328196
-0.370496415,0.402336643,0.97655331,0.598560976,0.799038368,0.60275582,0.250683265,-0.624305851,0.366764285,0.284162571,188.3942081
-0.77827371,-1.537993277,0.514260658,0.945733658,-0.757595031,-0.037059023,0.446689782,0.875889307,0.760317557,0.38713555,123.9003451
-0.355032411,-0.71834886,0.08698077,-0.735490091,-0.258564631,1.02709587,-1.65057506,0.292760021,-0.371541338,-0.531625588,-80.4570373
2.690315007,-0.569361192,-1.736726818,0.338473105,-0.473107413,-0.237723373,0.148886604,-0.498191921,0.453274042,-1.515114936,-138.4285174
0.06228758,0.66403989,0.252995214,1.909132537,1.072711305,0.558859578,-0.720436218,-0.949777854,0.845849401,0.097968546,232.7476606
-0.067127749,0.714308884,0.220848285,1.696044016,-1.165570335,0.210484429,-0.808614354,-0.049087395,-0.023494241,0.26705515,128.8657943
0.381011676,-0.244560199,-0.735745554,1.200996334,1.089602467,1.295623783,-1.658581031,1.149781913,0.341308397,0.459544942,84.43214871
-0.054646945,-0.156504649,-1.260974759,0.257729741,0.896310186,0.058460457,0.845271029,0.386211555,-1.610694295,-0.002708327,-55.23795263
1.722709711,0.578913024,-0.816606187,-0.105592959,-1.386560059,1.268780588,0.098437624,0.996104789,0.434207178,-0.225983203,-142.8891713
0.359738975,-0.498633896,-0.64111426,2.824330591,0.046006387,2.497415126,-1.318968498,1.34514762,0.179622273,0.020106467,208.2301628
1.239834359,-0.412206452,-0.064635546,-0.547335165,1.152553269,1.372888526,-0.228301399,1.041665123,0.506161226,-0.523733507,-15.66582514
-1.3386058,0.692918623,-0.785986033,-1.381044603,2.363872495,1.072978048,0.303818596,1.453260663,-0.230866374,0.721562505,-124.7539589
1.478121226,-1.482396787,0.292828844,-1.880435544,-0.130800594,-0.451218827,-1.569389595,-0.239273147,0.207139437,-0.636882389,-160.6422175
0.52056678,-0.999146178,-0.688516361,-0.357135629,0.303377809,0.174858296,0.147599176,0.962082933,1.010749933,0.15063434,-80.19504201
-1.629992687,-1.221046531,-1.564466004,-0.230020378,-0.333091533,-0.760554826,-0.14365921,0.098916409,0.612125352,0.466526879,-185.3951134
0.90042899,-1.746114633,1.500256991,-0.475354763,-2.106043858,-0.905285022,-0.015738382,0.75051242,0.523172765,0.788279969,8.381934164
1.47654035,1.380091354,1.078680833,-0.03850847,-0.458884263,1.683927691,-0.1726273,-1.576392157,0.652322878,0.883659937,87.58691747
0.962588214,-0.720188012,-1.143784754,-0.108756092,-0.825303816,-0.209343062,-0.434197618,1.772092751,0.830571013,-1.141366973,-147.0728684
-0.883989899,-0.22020953,0.098824045,-0.787758258,-2.309204021,-0.762158463,-0.783841739,-0.009082794,-0.133675915,-0.35468036,-166.3756077
-1.374173452,-0.078169936,1.100428442,1.804119092,0.556795947,2.246188014,-0.830262151,-0.247611536,0.656866063,-1.857571445,288.6242702
-0.397912574,-1.233836586,0.671850307,-0.095604147,-0.209952784,0.391081509,0.528777159,0.574722941,0.216701991,-0.125879327,42.87264879
-0.513866917,-1.059213522,-2.0674421,-0.08912004,-0.032694748,0.384065449,-1.304469501,-0.939879786,0.366598246,0.669672549,-200.2107562
-0.620895797,0.895192168,-2.415834306,-0.130410582,-1.34851277,0.448228714,-0.714481505,0.662793912,-0.082431896,-0.677723873,-279.2803721
0.111088351,-1.044925035,0.482929945,0.632023224,1.25876124,0.54250423,0.473045273,-2.418775467,0.696930635,0.101327177,149.3370239
0.609350896,0.632079384,-2.012348509,1.87722055,1.265503489,-0.054708471,0.692499714,-0.438067366,-0.891359681,0.102803285,59.45308321
-1.203657626,1.326621639,0.440479797,0.676188272,0.90772552,1.819636572,-0.168006806,0.365290327,0.041496086,-1.462877837,124.9371137
0.160611302,-0.018166881,-0.165968408,0.22014519,0.852441265,0.731037525,-0.43109999,0.222377749,-0.110399904,0.777549766,40.25681998
-0.113128053,-1.299216363,0.346709978,2.511556552,-1.567859425,-0.531454551,-1.840077745,0.123078202,0.640542935,-0.032280611,192.9428202
-0.7658147,-0.90180498,0.524270766,1.01011273,1.522262324,0.114634615,0.651228552,-1.210903902,-0.069465535,0.07625824,214.8469461
0.082283989,1.065480375,1.446977884,0.196554777,-0.439731058,-0.186871644,1.031844539,0.889630796,0.267050266,-1.485560373,153.5219693
-0.055023548,0.02244892,2.764348516,1.898117016,-0.230765705,0.824244055,-0.31521018,-1.078850961,3.132326151,-0.452134589,428.1100665
-0.676047245,-0.114353055,2.355628969,-0.042540288,0.308762821,-1.710808116,0.180019139,0.362208553,0.667262347,-0.310259714,230.2523037
-0.810893936,0.366814043,-0.939967829,0.476651041,-1.779398931,-0.320385059,1.715907631,0.952478157,0.327811074,-0.097525384,-96.20277132
1.399441679,-0.586008448,-1.071986386,0.304362558,0.095033332,0.627073507,-1.423492366,0.540136322,-0.710221331,-1.043763098,-72.95283755
-0.411173396,-0.026746301,-0.623840249,-0.276959094,0.259419991,-0.911782288,1.024773801,-1.057251462,-0.997060327,0.908937497,-54.82652168
0.107279113,0.845818055,-2.075470504,-0.475707062,-1.389285366,-1.100379283,0.374336177,-0.391498673,0.850595108,0.454920813,-275.7524924
0.893004368,-0.088832141,1.178724087,0.487617675,-0.172603248,0.177660996,-0.735530666,-0.330823523,-0.208492631,0.997420938,151.1926196
1.963999236,1.111853369,0.763522668,0.959875461,-0.183034485,1.298163151,-1.157444952,-1.370137743,-1.425066775,0.88225751,160.3073681
1.150925342,0.250430462,0.693566422,-1.939942581,0.403337122,0.941249958,0.460413384,-0.529079742,0.371724947,0.075056614,-92.03531513
-0.15583449,2.451625372,1.253151401,0.487912752,-1.124727639,-1.55303693,-1.234000121,-1.851358708,-0.625042135,-1.765831496,108.4560726
0.458168115,-0.979721225,0.428316692,0.077156496,-0.340907877,-0.519396372,-0.593811408,-2.128734094,0.07857703,-0.16563141,28.4319854
-0.099275388,0.774490097,-1.162300259,-0.312704292,0.730222459,-0.371127991,-0.952170883,1.101327812,-0.826741146,0.721562854,-110.5014077
0.781175336,-0.215388289,-0.651287465,-0.968128598,-2.001706002,-0.450740277,0.617428631,1.398483993,0.887803936,-0.67341424,-223.1274692
0.36086061,0.520865693,-1.029655256,-1.39808204,-0.180550291,0.393378344,2.597437207,0.517000303,-0.518625001,-1.12981503,-237.1014593
0.107444374,0.387371481,0.843105332,1.162838578,1.849362141,1.188596823,-0.580016333,0.417680752,0.850079332,-1.156415817,254.1658276
0.557849821,-1.696002187,-0.923319054,-1.034002844,0.947432648,0.578084509,-1.071304731,0.924788209,-1.076092846,-1.2130027,-152.6982099
-1.330705131,-2.177967732,-0.908769671,1.684524835,-0.619772128,-0.586415149,0.842297327,-1.512528965,1.351015752,0.023195979,64.2531337
-0.219621841,0.65798683,0.43001338,0.431332186,-0.64694282,0.33776032,-0.986919383,0.023404511,0.511643063,-0.901152343,36.81299069
-0.166474422,1.114791505,-1.881037048,0.24944153,1.259955981,0.06390685,0.309939727,-1.016912402,-1.610151166,0.322142468,-110.1454189
0.569940412,-0.485032075,0.514316435,-0.771384031,-0.180653284,-0.20658203,-1.175019137,-0.371672185,1.231762709,-1.784194772,-41.52871388
0.369733145,-0.56911204,-0.701015197,-1.17853262,1.475964695,-0.064607718,-0.338879453,-0.850019691,0.048326746,-0.455743309,-133.9041729
-0.712872493,-0.308406724,-1.978985223,-0.371090724,0.592526479,1.294409023,0.436605991,-0.607164742,0.038260064,0.035571828,-199.1123105
1.04460446,0.750001396,-0.29467668,-0.785034277,-0.790484272,0.440096513,-0.84664159,-0.347604782,-0.715129571,1.274833557,-151.4075871
-1.664232057,0.123378762,-1.064412853,-1.728309964,-0.050304396,-1.450934343,-0.106321651,0.153925813,0.754400429,0.635167037,-270.3244014
0.704338601,0.878213998,-1.031826551,-0.889252162,-0.392674654,-0.616148129,0.434376922,0.21401439,0.491586508,0.131615373,-187.306459
-0.591018456,0.440059929,0.365394242,-0.039162115,0.192651533,-2.37843166,-0.654533571,1.455434484,0.373533683,-2.049514516,26.59333928
-0.315278187,0.231518772,0.148057414,-0.64315041,0.736837124,-0.254374417,0.261518597,0.333058435,0.88048646,-0.33081052,-26.00807061
0.803774323,-1.31940322,1.159203191,-0.311901974,0.273145561,0.656074965,0.257162944,1.281890248,0.245726284,0.343844228,91.25139854
0.90827956,0.289447815,-1.912748206,-1.642810581,1.153033416,-1.705288935,1.050817061,-0.046862812,-0.290611085,1.92006168,-272.7431694
-1.10291447,0.368064938,0.577951782,0.489502604,1.036228127,1.183776986,0.904755908,-1.120267151,0.032928367,-1.120794737,146.8218778
1.416661308,0.850936928,-0.060885977,0.190310125,-0.328566516,0.318255247,0.764599598,1.508336098,-0.244317039,-1.574879987,5.814035933
-0.34560319,-0.437778104,-1.591622943,-0.872344827,0.105153478,-0.788605004,0.676781796,-1.698556069,1.683486233,-0.4380424,-196.4425823
0.986376506,-0.711973227,-0.268645753,-1.836359784,0.479827035,0.012828644,-0.432773884,-0.246383403,-0.297376079,0.793818467,-186.0354182
0.616968839,-1.410137975,-2.504466609,-0.100222349,-1.185942203,0.237437657,-0.533974671,-1.575576749,0.828058224,-1.262571724,-284.2175219
-0.221427493,-0.407149838,-0.215299585,-0.148935431,0.379899657,0.449231013,0.41594789,-1.19203391,0.201085659,0.968957116,-15.78547907
-0.295445175,-0.174565787,0.210470162,-0.57635866,-0.574452402,0.170440488,1.712521585,-1.492221729,-0.52279217,-0.991027013,-56.88897408
1.732988549,-0.339577173,-1.179051893,-1.692867324,-0.673752033,0.851331967,-0.655514639,-0.047203521,-0.286436086,-0.367810958,-288.8840687
-0.163677058,0.194918054,-2.184979531,1.450795695,1.769249148,-1.404611671,0.200836997,-0.599489629,-1.471636369,-0.524043572,-10.39141364
-0.329597678,-0.284753379,1.628681235,-0.996151476,0.764601806,0.077705134,-1.744422279,-1.411071927,0.46577006,0.49671318,74.58330206
1.576849826,-0.837979215,-1.351074458,-0.838448251,-0.215569461,-0.348107345,0.410506791,-0.911427438,-0.308761791,0.00951184,-195.164651
0.264254764,-0.04033391,1.221294946,0.133958381,0.320216578,1.548639295,-0.095111648,-1.547801556,-0.310390991,-0.333037619,132.7601878
-0.304137703,0.830392864,-0.95446718,1.099944565,0.342964748,-1.201207505,0.908128616,-0.053204302,-1.391429472,0.271520256,39.22685529
-0.236862867,1.468647015,-0.102312586,0.622823015,1.564830405,-0.386574876,-0.699982906,-2.137448706,-0.566999168,-2.025539331,110.5749179
1.366389412,-0.737736705,0.034271814,-1.680870459,0.395598835,-3.221016356,0.309726779,-2.651828063,0.589639231,0.475751992,-155.9381313
0.254045283,-1.340419182,-0.084175325,-0.106682384,1.159771962,1.198166668,-1.22964009,0.33988531,-0.485018173,1.748041252,25.18661872
-2.32439064,0.284513886,-0.621088519,0.726620822,-0.869991811,1.934302166,-0.024905318,1.114479926,0.038691502,0.037007132,-29.95185883
2.243911747,-0.602644056,-0.627503668,0.929725836,-0.026062495,1.238881066,0.330984006,-1.308698935,-0.11996847,0.88414743,39.82193749
1.602510486,0.81580294,2.036629087,-0.597652596,0.76261088,-1.135677471,-1.592790577,0.453253894,0.315223337,-0.102015048,147.5139985
0.858663439,0.542985202,-0.221398258,-0.804137688,-0.849139647,-0.816023072,1.601118686,0.544322705,-2.021993523,1.797016516,-133.2181622
1.923955176,0.446935315,0.461155201,1.271474792,0.805948389,1.846396505,-0.303822447,-0.445877791,1.11927279,1.553928164,172.4697006
-0.714807259,1.794524848,-1.315797408,-0.465950978,0.851409937,0.921936378,0.822988592,0.458317939,-1.073692846,0.041541841,-136.7788827
2.609949421,0.753156611,-0.517216749,-0.157683132,-0.640449976,0.227639399,-0.724755088,-0.99715318,0.353091577,-0.396934607,-79.51478304
-0.836338536,-1.866448153,-0.200216666,0.683414674,0.689940277,0.757056002,-2.273172203,-0.832863275,0.860685421,0.103829235,60.06191536
0.07361809,-0.807553112,-0.56484545,0.107883907,0.423886918,-0.235322033,1.195621819,-0.966882668,-0.874521114,-0.16185364,-29.45033679
0.536290063,1.025134605,-1.004340262,-0.408896175,0.860185211,1.396597846,0.209926052,0.720486108,0.577205653,-0.632439038,-99.50287312
-1.177966283,0.474926669,0.302009386,0.111001024,0.461459704,1.457515212,-0.105809644,-0.147442452,-0.520597081,0.607076555,59.89287882
-0.480963413,-1.328438248,0.344834309,0.349083602,-1.394232608,-0.214527924,-0.575443073,-0.873410998,-0.881893458,-0.09673484,20.51794079
1.653211315,0.785089101,0.800417183,0.222485213,-1.010228409,-0.096388831,0.81325321,-0.833305156,-1.713625489,0.48721854,52.80270298
1.443621708,0.743292387,1.12513857,1.503790114,0.266235492,2.009392188,-0.551863269,2.039939024,-0.332748794,0.908774792,261.129546
0.264301414,2.368393468,-0.974835577,-0.808245493,0.476772553,0.836230976,-1.006792559,0.255123088,-0.739923729,0.599227631,-154.0429567
0.281143253,-0.989580404,-0.96791832,-1.612357631,-0.682468769,-0.104656065,-0.146518279,-0.024047825,-1.643634142,0.618608548,-255.8514943
-0.131702297,1.198058833,-0.453326913,-0.534790754,1.13379552,-0.948877285,1.129938253,0.74365711,-1.403498477,-0.625140558,-62.01525995
1.128594067,-2.75785363,-0.513488364,1.342747603,-0.104772012,1.109099465,-0.654445734,-1.841565616,-0.058422311,0.629476497,82.05318115
-0.134153327,-0.872594526,0.571283053,-1.621452625,-1.796197755,-0.690338123,-0.750258808,-0.651704148,0.721921252,0.588236795,-169.5224323
0.133185772,-0.378401528,-1.440836379,-2.13529475,0.033403868,0.760570457,0.297897175,-0.775618309,0.431062129,-0.829473799,-329.2245395
0.820200742,0.360229036,-0.053887428,0.267802236,0.846511587,-1.054637816,0.604441338,0.521268035,-0.849818377,0.265752967,52.4437064
0.839560646,-0.28749884,1.147716247,0.648788206,-0.085555683,1.17521447,-0.074899576,0.603908976,-0.73801844,2.092390289,161.1167572
1.945202998,-0.823976854,-1.025597276,-0.33733069,0.056796539,0.353283671,-1.342551558,-0.182813286,-0.267957625,2.06648922,-133.7974252
0.17598819,-0.808496399,1.061608533,0.515684054,-1.302459711,-0.751007377,-1.088533353,-0.152459057,-1.055947795,0.138503844,78.43029007
0.411965045,0.196451081,0.798107713,-0.425557359,0.90492015,0.805231273,0.305843644,-0.926493843,-0.936260372,0.110915098,68.8689118
-0.485363548,0.081874139,0.954001763,0.651391251,1.13556564,0.570890511,-0.315269245,-0.236818607,-0.772825215,0.75896922,184.7720398
0.661515205,-0.293814666,-0.587685954,-0.386244951,-0.706749659,1.042293474,0.684682688,0.937872257,1.549964227,-1.074913294,-99.93420579
0.883971072,-0.212334801,0.66454962,0.81541886,-1.048469989,0.156616337,-1.288693798,1.940818989,0.288541704,-1.444641792,96.95216839
0.776235988,0.573643793,-0.985913541,-0.099712717,0.384559561,-3.453354083,-0.809077623,-0.67487536,-0.765274133,-0.880908984,-91.88683604
1.585679173,0.95593806,2.441788585,-0.468124534,-1.735733937,0.111067473,0.746373242,-0.922053047,-0.803084581,-0.03531686,113.2358614
-0.318019906,-1.520696387,0.535554139,0.725708367,0.463096366,2.764448998,0.023792846,0.354376447,1.008045293,1.163853902,150.105223
-1.3365685,1.336657358,0.184970575,0.452756352,-1.508555968,0.576451345,1.70732981,-0.895427961,-1.278352629,-0.770818803,22.4502443
1.01440426,0.269566527,-1.682049988,-2.675054028,-0.893795623,-0.293799892,0.523559231,0.212811505,-0.603864972,-0.25506482,-422.7492007
-1.556766461,-1.067645572,-1.447337112,-0.866745393,-0.923897153,1.167136844,0.768736652,-1.868311311,-0.396027263,1.137966989,-235.8705453
0.80965753,0.230711749,0.249609458,-2.440704015,-0.915755041,-0.386022798,-0.184289002,-0.928265839,-1.364470854,-0.20583986,-243.7006021
-0.853928915,1.138281445,0.870817552,0.74351067,-1.296912613,-0.054254603,-0.675568529,-1.280612145,0.374907686,0.707487207,99.84246646
0.975312458,0.515628088,-1.31713192,0.776027914,0.608246192,-0.945746061,-1.002217019,-0.501402147,-1.466785191,-0.752435237,-36.46495614
-0.043273189,-0.518401975,0.775843947,-0.334351826,-0.946311246,-0.051963178,-0.134462656,0.013004764,0.302570335,-0.100734263,-1.474951051
-0.815309725,0.990411674,-1.75454648,0.43348428,0.906004155,-0.720064494,0.257947333,-0.378839325,0.257048987,0.968343764,-97.47982957
0.459626037,1.716540316,0.806774036,0.746019595,0.219752955,1.400646687,-2.21823553,-1.132978095,-0.262228137,-0.011552679,133.8153014
-1.262962937,-1.911159325,0.656898706,-0.722347405,-0.846039673,-0.705537947,0.059909774,0.85827043,0.312062132,0.123754643,-56.01496574
-0.890985442,0.656805829,-2.281662072,-1.111850707,-0.923429206,0.006924721,-0.390304149,-0.519025719,-0.103128062,1.097422687,-353.9031624
1.129882408,-0.586519593,0.882286706,1.030271172,1.169327127,-1.383708671,-0.822820044,-1.228655325,1.231800186,-0.157567761,239.7265843
-0.66794167,-0.561660557,0.344774973,-0.620022949,1.832119608,-0.718542707,-0.588691699,-1.268751008,1.372749666,-0.513799753,35.0185077
-0.678144546,-2.230767653,-0.882946529,-1.007709478,-1.452720903,-2.168859846,-0.545050804,1.541835745,-1.405952664,-1.042067824,-237.2127624
-0.087904162,0.182258444,0.625622895,-0.756281751,0.166586499,0.056824062,2.587249135,-1.090738058,-0.531705954,1.331880304,6.649393305
-0.820904924,-0.166684126,0.750354311,-0.737588107,-2.111400445,0.139369122,0.516576314,0.497617505,-0.387961165,-0.490602799,-69.81001966
1.017531424,-0.462916379,-0.098000967,0.809861985,-0.10140783,0.326910864,1.67126246,0.328891537,0.655078018,0.25149367,73.9874273
0.769098565,2.589605672,0.034372702,-1.998107375,1.065415025,-0.375343092,-1.404055007,0.609075456,1.010354824,0.424291407,-159.3219206
-0.599221795,-0.132082152,0.640153442,-0.811973293,1.288130526,0.989286076,-1.250831706,-0.134800112,1.102910702,-1.434072663,30.07635136
0.642045092,0.505393376,-0.524668781,0.761192373,0.169597676,0.790349009,-1.50608291,-0.703656377,-1.771056802,-0.417755125,26.67358304
0.519637468,-0.141136822,0.439170424,0.64391301,-2.139627564,0.202598524,-1.79807836,-0.14346973,0.07968098,-0.979180436,11.3003686
-0.817408134,0.321291471,0.360368716,-0.910645087,0.208322509,-0.635541099,1.271065326,0.380778071,-1.617800614,-0.980062302,-38.02724372
0.460238943,1.695612533,0.775968161,-2.124445143,-0.309681782,1.804104665,-1.008286068,2.421955481,-0.20230001,-1.354489617,-142.9944682
0.154358606,0.052691225,0.248907262,-0.042080331,0.481320569,0.423166987,-0.508182043,1.572328588,-0.426961662,1.004856724,39.11888021
0.280636404,1.758620484,-0.299676648,-0.050204617,-1.448591415,0.038237995,2.620793091,0.996858773,1.464177239,-1.111967026,-70.66572626
2.213223887,-1.051608618,0.59601733,-1.75641823,-0.611756359,-1.220376009,-0.339689012,-0.682025681,1.071710471,0.957618231,-137.5662327
0.502784427,1.796360823,1.589838978,0.574071221,-1.545729787,0.913771621,1.399594645,-0.14896931,-1.365824155,-1.342127748,147.0670709
2.354711398,-0.585206897,-0.075352241,0.51464024,-0.147376225,-0.852333678,0.388168033,0.384750534,-0.461513135,2.050396651,55.77726367
-0.940332188,0.440879898,-0.546521161,0.019494023,0.339878981,0.000571666,-2.30201218,-1.065017549,1.807932839,0.846011938,-62.35619029
-0.610000377,0.232685883,1.001698306,0.370046847,0.805025567,0.258469871,1.527661552,0.704359863,1.139956296,-0.616512054,185.2405984
1.276983059,-0.44567674,0.146340924,0.997350657,0.363672648,0.121009243,-0.632444192,-1.046857958,0.227421268,0.186614826,109.3046932
1.960691436,1.32925563,-0.310777179,-0.326060322,-0.052197505,0.035601968,0.384258137,2.438399345,-0.48095273,1.133942554,-55.14844516
0.591491941,1.809228901,-1.077849154,0.150986816,-0.316666999,-0.824465988,-0.757596177,1.227002574,2.167872686,-0.043438897,-96.58488465
0.890198411,1.035249335,0.343787882,-0.048652352,-0.957150915,-0.963758926,0.032796995,-0.924233144,-0.230400714,-0.758495335,-7.107316146
0.17183934,0.55325122,0.510792089,1.030580586,1.519283924,-0.90775618,-0.657834554,0.890247501,-1.0919339,0.854525227,193.5341998
0.351618837,0.804314341,-0.321165301,0.180964637,1.164936784,1.823382953,0.151915782,-0.807272746,0.829833692,1.844200689,28.97168189
-0.231877975,-0.960010522,-0.509345096,0.194774006,2.11577081,-0.034171882,0.906648386,-0.362402434,0.292484188,0.280291292,54.00283828
-0.846793718,-1.514847225,-1.070892498,0.482472415,-0.857157556,0.625667348,-0.223462785,-0.072828913,0.473237625,0.714000494,-89.7162739
-0.865389505,-0.015777689,0.735680764,-0.570193598,-1.700120869,-1.8162665,0.436767751,-0.096361286,-0.166839668,0.114232645,-53.89921143
-0.976931821,0.128107602,0.207121277,0.186047712,-1.622706571,-1.071218223,1.916454321,0.288609651,1.441646183,0.913826656,-8.160219541
-0.488886119,1.588940328,0.061883353,-0.927553331,0.114101492,-0.046261217,-0.190240844,-0.303626073,1.363228975,-1.497446669,-69.96118518
0.008537615,1.609541657,0.153854229,-0.691212438,1.921237417,0.762063874,-0.188416847,-1.467033951,1.015856519,0.415663373,28.9866913
0.826583965,1.37479797,0.117041036,0.243826927,-0.608153552,0.125390972,-1.243358738,-1.799356681,1.322404325,0.080041269,-3.047359408
-0.605156236,0.9104185,1.026894618,0.599577541,0.659054344,-0.641081267,1.61878764,1.363376514,-1.21689671,0.415826629,186.236732
-0.168143819,-0.472090578,0.638051101,0.500844475,2.231300146,1.732514999,-1.801057734,-0.620847598,-0.787783752,-0.5426738,199.7245211
0.144627634,0.873169292,-0.849795003,0.801128584,-0.159358575,0.689382543,1.709705901,-0.943469824,-0.371191951,0.775230729,4.084189462
0.181062743,1.303278037,-1.042577695,-1.172233753,-0.326696213,-0.15032046,0.464369864,-0.885248686,0.316358322,-0.550551932,-222.0721027
-1.835570477,-0.179202654,0.141478953,-0.125792628,0.494497532,-1.135012098,1.822463343,0.031783905,1.775037021,-0.946800094,32.18559371
-0.08756871,-1.089670436,-0.479111655,0.528254447,-0.276153698,1.506984367,-1.007300485,-0.594601847,-0.481668625,0.575546474,14.49026757
0.259851744,0.791321954,-2.210403688,-0.23797665,-0.451485357,2.265023076,0.350527665,0.137481535,0.233682453,-0.96963074,-227.5952124
-1.492086257,0.858573362,-0.106779759,-1.241516285,0.210179557,0.406343119,-0.889540918,-0.103295593,-0.597377459,0.996431943,-123.2760403
-1.152389174,-0.137110493,-1.113139877,-1.336267123,-0.335948485,0.543793298,2.301033609,1.212359467,-0.856090139,0.738746221,-239.7093507
0.335208242,1.135874277,0.037124918,1.815063669,0.494204526,-0.450308993,2.612817474,1.129816546,-0.833317758,-0.464218396,228.0675391
0.423234803,-1.967537085,0.510439978,0.35485654,-0.414386716,-1.508848684,-0.507667849,-0.278464714,-0.447210737,-0.274243508,66.24327429
0.717530516,-0.992269713,-1.541357655,0.975472956,1.502827085,0.578278519,0.131152705,-0.235924851,0.759856505,-0.450667153,-1.302226009
0.495765573,0.644388454,0.662168754,-1.498635497,0.191450716,1.43362502,1.194214483,-0.705316724,-1.998344967,1.301102063,-87.63874773
-0.866043414,0.75968825,0.633638165,-0.155366973,1.283468829,1.822683773,1.034815628,0.995762447,-1.517440365,0.42914152,89.221841
0.2715822,1.009294956,0.417080498,-2.043538354,-1.419825313,-2.567585118,-0.530580356,-0.691561403,-0.828140138,-0.054340841,-209.9400441
-1.278735855,-1.225892263,-1.162710439,-0.161643794,-0.12454848,1.286947286,-0.464401781,0.107525,1.171119065,1.423898937,-137.3808466
1.188119057,0.813287456,-0.026956367,1.25950776,1.116203642,2.510743471,1.71290265,0.769682019,1.224854761,-1.392370782,160.8960984
0.696290548,-0.147873148,-1.322365256,-0.504600122,-0.100014256,0.216201409,1.603965048,1.312123209,0.028348207,0.35125263,-165.2504163
-0.331544749,-0.536364525,-0.373131494,1.643407138,0.602459981,0.749034798,-0.670909208,-0.116890914,-1.800541055,-2.778410696,171.7674929
0.012480705,0.342984341,0.703603868,-1.759702599,-0.812994659,-0.837074987,-0.080724938,-1.425011983,0.599132101,-0.323529062,-136.9059078
-1.248663425,0.78548259,-1.330649083,-0.770999013,-0.430771609,0.982010986,-0.348466191,-0.186148219,-0.042267998,0.994002788,-205.3848096
-0.966126523,1.745903632,-0.600356694,1.016287943,-0.025769356,-2.321485342,1.755311071,-0.316116281,1.390725929,-0.331052169,58.91868493
-0.954673191,-1.303236874,0.384835296,-0.946882319,-0.894495757,1.691915391,0.046896037,-1.397701488,-1.851103674,0.289915402,-118.8392295
-0.566987914,-1.866017674,1.453884489,2.061934956,0.889950096,-1.931061492,-1.045883828,-0.253618479,1.322818269,0.117323497,350.6617191
0.072629999,1.046909741,-1.693500295,-0.406395694,0.184485448,0.460097198,0.35887933,0.391747092,-0.362538157,-0.787146256,-172.1754625
0.86343728,-0.015563089,1.966916963,-0.039144027,1.368094237,-0.774962824,1.24971042,1.047276409,1.075221541,-1.056497071,239.8952381
0.788684545,-1.979577071,-1.664651458,-0.66427101,1.303344989,0.783558079,1.031816834,-0.474049883,-0.125045546,0.580701837,-155.7623138
-0.020936949,1.75623958,0.463020798,-0.198437554,0.249130051,-0.682028837,0.40233973,-0.69147518,0.173307736,0.853549223,41.45402864
-2.598781171,-0.154963615,-1.212174167,-2.18213001,0.188448355,-1.670142386,-0.117647714,0.093735373,0.213925967,0.834776251,-322.5299324
0.205654666,0.538229312,1.11421807,0.401884663,0.524337286,1.851154062,0.311393501,0.210063613,0.668797466,1.164733042,152.0975709
-1.381549059,-1.611717066,0.047104698,2.423106131,1.924845495,1.656322508,-0.399027932,-0.45900446,1.431889064,0.400431994,306.0952297
-1.909317186,-0.237647169,-0.259272082,0.534676971,-0.325694481,1.617958694,-0.050667598,-0.142181559,-1.144382587,0.363979987,17.29772245
1.642419246,0.043640132,-1.103292743,0.248462421,-0.904395123,1.219532936,-1.038139285,-2.429112337,0.353981933,-0.707111081,-123.4665042
-1.239107076,-1.467525266,0.672861236,0.591814134,0.019616658,0.438475739,-0.354040711,1.549020151,0.101856295,-0.573601773,128.512441
1.900649042,0.393295138,-0.497030691,-0.953157505,0.092743066,0.523998956,0.362995703,1.152913256,-0.993920929,-1.173630393,-124.6618683
-0.402583071,-1.012379974,-0.687503285,0.68436065,-2.477903509,-1.270084739,0.490469894,-0.904131374,-0.601442461,-0.11084851,-93.1435706
0.310123413,0.863329912,0.512893982,-0.65117473,-0.581893149,-1.135484335,1.420781382,-0.778220768,-3.288156731,-1.038079439,-23.70650344
1.267650441,1.072639549,1.110310128,0.630084525,0.658331979,0.410422275,-0.126738228,0.107187044,-0.072080679,-0.169423313,175.6534157
-0.132169356,0.072278965,-0.113480646,0.221558474,1.420504287,-1.098620425,1.234751914,-0.589894756,0.595490898,-1.031955242,70.79021356
0.113627361,-0.582643119,2.170937373,0.068677826,-0.3533859,1.155948007,1.705342743,-1.301690728,-0.611105082,1.197679225,200.2313515
-0.589336565,0.234220414,-0.585950769,0.509045145,1.147802792,-0.968012965,0.654355691,1.988884639,-0.200253827,1.128956735,30.50842446
0.916327675,0.346488476,0.727629544,0.051945886,-0.037222237,-0.071601259,0.732640077,-1.998200685,0.07863519,-0.08071658,60.77216247
-0.430675128,1.142959737,1.533759768,1.057977032,-0.858860246,-0.708910725,0.384765022,-0.07210316,1.744996268,-1.113691515,207.8247616
1.022522816,-0.143886016,1.101489152,-0.465372226,0.718451847,-0.184067145,-0.081238648,0.441662512,-1.097820158,0.079791357,87.71055448
0.365169001,0.244897302,0.763142301,0.92248117,-1.623917843,0.554638708,0.124376122,-1.416823528,0.216719642,1.598110896,107.920461
2.508306273,1.806858884,-0.166485584,-0.971189869,1.32550022,-0.31444379,2.177320381,-0.627027852,-0.738738725,-1.824977747,-43.93302005
-0.824960687,-1.200819,0.787276293,0.459575488,0.790672319,0.984592895,2.017775813,-1.450912929,0.577262367,0.043908302,154.1425634
2.376899333,-1.007292328,-0.351459753,0.177780134,0.098539154,1.320157593,-0.736640305,-0.794794907,-0.196299743,0.415252127,11.6207981
0.319927862,-0.110364759,-0.629199607,-1.439705297,-0.646836304,0.294576801,-0.853920298,-1.193378812,-0.792003574,1.962068362,-230.8117297
-1.29849985,0.386494775,-0.775379004,0.212131737,0.106906929,-0.45061915,-0.799601575,-2.351223941,-1.118877014,1.530094464,-58.49429499
1.148929069,-0.985746072,0.618824291,1.535171494,0.48264811,0.946677888,0.709442683,-0.431428714,-0.1484972,1.574271053,208.477343
-1.149198935,0.517973376,0.092560617,1.352774176,0.948150012,0.27127303,1.605198015,-0.990713521,1.224981408,0.795267212,176.2591309
-1.012457625,-0.085234294,0.162317809,-0.665499532,-2.048337378,-1.502409839,-0.157361389,-1.747505487,1.443177014,0.329541155,-116.356083
-0.459656772,-1.079842448,-0.005954709,0.784002779,-0.98453405,0.209470084,-0.188261335,0.918914855,1.021515393,1.193112946,27.53694181
0.336144963,-0.22747626,2.303638752,-1.479444223,0.60412089,1.068379334,1.25923324,1.007133336,-0.973378838,1.14644087,96.37901756
-0.861412729,0.652167885,0.300968377,-0.796131506,-0.142285692,-1.071019563,-0.879153199,0.643734001,0.801639717,-0.135044602,-59.84703948
0.843951401,-0.283686221,-0.668358164,-1.394528438,0.094069841,1.00841597,-0.040037208,0.785126585,-0.309844901,1.533012542,-190.9125244
-1.445378337,-0.636659247,-0.505714862,0.526245044,0.458938955,0.203678841,0.017557838,-0.097901836,-0.245884762,-0.471810522,25.20971108
-0.14261374,-0.688540381,1.89913879,0.732926135,0.796787606,0.868988155,1.707203085,1.420766382,1.399626176,0.061929171,287.6133881
0.031163399,0.751538828,-1.789673457,0.461669303,-1.086866756,0.211886914,-1.249190337,1.351511718,0.263137282,2.061417209,-166.324936
0.004271581,1.269232794,0.409324474,-2.016703905,-1.346446671,-0.340033692,-0.452727215,-0.306353689,-1.046636481,-0.28595744,-202.2597008
0.859695051,-1.096625044,-1.525105641,0.133166489,-0.95004188,1.274059643,0.335126133,-1.73376709,1.478183936,0.364601804,-164.821312
-0.97642554,0.975335735,0.399779918,-0.680766447,-1.363867934,1.140895977,-0.368803265,-2.034355868,0.198056926,0.945940961,-94.27190047
0.013644382,0.03258307,-1.119161767,-2.608913113,-1.767892106,-0.0106431,-1.342563257,0.169945542,-0.557432939,0.579063349,-432.0366721
1.164973778,-0.593839059,0.711383617,-0.889601491,0.21187464,0.097451084,1.055072538,0.468131733,0.238317207,0.819783725,3.007266509
-1.755437897,-0.695149358,0.71517439,-0.051118693,0.268050428,-0.315266334,0.016124788,-0.925392258,-0.515905313,0.143306305,70.10445472
0.044552166,-1.366114081,-0.425817998,-1.657143585,0.135428835,0.29593324,0.471391263,-0.847473891,0.27798244,1.271899545,-170.5141997
0.081643711,-2.150591543,-0.075347294,0.860498302,-0.304188681,-1.567843699,-1.457776394,-0.817345201,1.151259005,0.346471922,68.01212852
0.448722889,-0.503348619,0.232065168,2.244406738,0.129927392,-2.464272052,0.486340998,-0.09627646,-1.200714978,-0.49658902,228.3956989
-1.301325284,-0.217532778,-0.060332722,0.68849455,-0.527449033,-1.070302416,-1.583489401,-0.083221579,-0.40267256,-0.563803464,14.82262463
0.273088859,-1.335146612,-0.374454915,-0.464913076,-0.718598402,1.257738468,-1.333432145,0.503887871,0.981149519,-0.948831872,-102.9075125
-0.827590221,0.086143883,-1.015821819,0.06167985,1.148637349,0.200569197,0.4288165,-0.367027839,0.176441555,0.693105607,-63.11106875
-1.654510395,0.482848746,0.872090196,-0.166242072,0.327626217,1.270845621,2.679628694,-0.06136604,1.744495549,-0.604513861,86.07971631
-1.61717189,0.34631271,0.281192018,1.83256124,0.585021332,-0.273006748,-1.530279136,0.604107455,-0.908502512,-0.12243599,221.0613869
0.126874741,-1.83025621,-1.433506889,1.022925503,1.725957972,-0.491634914,0.903842563,0.53115082,-1.117263699,0.526576438,30.1489496
0.38160842,0.723399638,-0.948858807,-0.468515715,-0.118339016,-0.936893028,0.703826154,-0.750074877,0.221212334,0.989274045,-125.8342571
-1.711204029,0.204905389,1.979804603,-0.090732282,1.143671842,1.304972441,0.177201074,0.542178974,-0.060397925,0.320663048,214.1838696
-0.627050845,1.207503195,-0.374622819,-0.480169584,0.336322969,0.015123262,-0.592799233,-1.101326629,-2.382762352,-0.02339396,-70.81259386
-0.469474386,0.542560044,0.647688538,1.523029856,-0.138264301,0.496714153,-0.234153375,0.767434729,1.579212816,-0.234136957,194.6896562
0.315980932,1.061120678,0.202086085,0.914338384,-0.016425144,1.089674966,0.837742547,0.594178838,0.604467425,-0.575080926,108.803429
0.588650926,-0.443769563,-1.176495726,1.142560334,-0.22836774,-0.432812536,1.552595748,0.935449744,-0.486148308,0.211893221,-13.63051452
0.277358462,-0.022278979,1.252842634,-0.448224616,0.329106779,-0.585927673,-0.692250329,2.04207604,0.103438129,-1.968923142,99.9336514
-2.419129138,0.081642734,-1.403499017,-1.092701863,1.030316695,0.74473827,0.277842809,-0.24809705,1.246262781,2.344419388,-187.5224636
-0.762581429,1.043776956,-0.261567223,-0.34476658,-0.902238203,0.136311296,-0.427834216,-0.808263825,-0.440325685,2.002947084,-78.22358487
0.444501694,-0.068856292,-1.792049386,-0.52961139,0.261635999,-0.341248319,1.044498644,1.130831823,-1.484326436,-0.704315149,-208.8476501
2.150310793,-1.004704861,-0.810657556,-0.939053144,-0.844737409,0.286273337,-0.077908046,-0.725918086,1.506528636,0.943701634,-184.0019105
-1.777213458,0.025659849,0.345316195,-0.960979061,0.929468561,-0.220409383,-0.989211384,1.639420549,0.907457902,0.148826729,-29.27576662
-0.39952109,-0.213243815,0.174588278,-0.667688283,1.323923674,-0.879352106,-1.156301432,-0.173511844,1.811554719,-1.266887369,-33.25836645
-0.688228262,0.080595824,0.679939873,-0.857476347,0.050967718,0.035058418,0.425983122,0.532128572,1.336555172,-0.920590944,-14.65572168
0.345406988,0.073636922,1.666610814,-1.406822412,-1.196871086,1.543000865,-1.527040632,-0.54612083,1.129082968,-0.951778817,-30.77938589
0.040321211,1.237130708,-0.865646545,1.726456372,-0.30150934,-1.002387645,-0.200175637,0.264022449,0.513637389,0.889749043,81.49392523
0.716365564,-0.522040576,-0.666793602,-1.701435223,-0.334619705,2.927368898,0.959966344,-0.916642019,1.551779919,0.729826435,-210.8652934
-1.774030027,0.823800603,-2.134361428,0.968406566,0.533200147,-1.136050598,0.731683559,-0.016259922,-0.533016894,0.098181926,-82.31630954
-0.300315367,0.585150401,-0.968725555,-0.864878681,1.034194671,1.309848412,1.655911259,-1.777736147,0.478213366,-1.209271041,-106.2786907
0.371145873,-0.603985187,0.529804178,1.441568621,-1.129706855,0.835692112,-2.4716445,-0.203045386,0.577072127,-0.796895255,120.4779538
1.235943202,-2.020056415,-0.807215677,-0.057866159,0.094681389,1.258886206,-0.804751814,0.520512497,0.790391077,1.558294957,-96.50010356
1.451926632,-0.947530741,0.275396234,0.913711652,1.110677684,-0.64141579,0.186093021,-1.483979059,0.223523763,1.29625671,174.6032088
-0.738414705,0.237348119,-0.143379505,1.569634505,-0.722254072,1.820886592,0.668731731,-0.52808064,-0.955017704,-0.699782744,91.75916493
0.54082821,-2.35278647,1.765561178,-0.247185365,0.286378483,0.889859489,-0.122202151,1.494005248,-0.090920803,1.210382609,160.4998411
0.78032359,0.137902116,1.159329598,-0.103989189,1.542296978,-1.29048697,-0.488313212,0.353820075,-2.585653225,-0.609440629,165.1941724
-0.652950156,-0.54978936,0.369016438,0.124285695,-0.665693465,0.240876757,0.936056168,-0.897253006,0.030476414,0.776936703,31.28077859
-0.883053556,-1.849124161,1.696190611,-1.946522163,1.219544191,-0.810488265,-0.101873973,-1.245942203,-0.264054928,0.291438264,20.51478485
0.120634761,1.044025129,-1.858291488,-0.507694128,1.576172528,0.412355969,-2.126833488,1.590795742,0.271683585,0.031621974,-180.7699798
0.191124234,-1.149707473,-0.494190023,0.283844567,0.853348977,0.598996342,0.962502592,-0.220931725,-0.058832854,1.165594895,23.8083742
-1.765387587,1.740941487,1.469784259,-0.622270223,-1.177761458,-0.215787126,-1.840266385,-0.607823893,-0.504298016,1.328166054,23.37233995
-1.031106053,-0.513127246,0.283130822,-0.102056391,-0.168784737,-1.493189812,-2.476792067,0.116661751,1.519336351,0.501090009,-11.89807759
2.318146928,0.533313556,-1.02500591,-0.676739474,-1.899060383,-0.209831552,1.20773712,-1.845186341,-0.659523453,0.256131943,-228.453733
-0.492602871,1.102526956,1.236848707,1.550078824,-1.166713273,0.838870861,-0.913059738,-1.18722041,0.410695314,-0.913599826,216.4950524
-0.313161523,2.783235142,0.620093198,-0.813359936,0.179398039,0.129918904,1.684446339,-0.01602499,-1.087067513,0.012963941,8.817029427
2.521524431,0.966902537,-0.325248025,-1.640965401,0.046181324,-0.915006451,-0.20091867,-0.391506735,0.897697112,-1.241911827,-179.7303513
0.625584594,-0.223271588,-0.659023827,1.328646412,1.479481762,-0.391024667,0.817467127,-0.051235836,0.307039237,-0.91345858,140.0069416
-0.02128038,-0.053940443,0.746742243,0.374944009,-0.43050929,0.754368726,-0.10685261,-0.926337467,0.756875265,-0.951298796,66.76702994
-1.462717335,0.086333019,-0.924555219,0.934328747,1.564581241,-0.800840916,-0.478186697,-2.10098121,0.294592621,-0.003175857,76.79161498
0.455054559,0.543791858,-0.6640326,1.580313753,-0.948759088,0.121852006,2.881597808,0.252031485,0.833558045,0.51995533,79.46987278
-0.180807445,-0.714664117,-0.331499388,0.080362326,-0.333380056,0.083345351,0.040522942,-0.349885349,-0.120643034,0.761174039,-35.89806339
0.041054368,1.883724055,1.043875575,0.697409148,-1.087602822,-1.935689106,-0.850393997,1.471297688,-2.450346685,-1.034860985,117.3663676
0.456533173,0.95364896,0.77696336,2.415849787,-1.25155314,-1.418404327,0.87649545,-0.637081178,-0.434371614,1.864208796,273.3681264
0.799518849,-0.031462224,-0.039886752,0.44094402,0.316852339,0.303901802,0.208226862,-0.460059242,-1.195256799,-0.315972385,44.36439966
2.757725924,0.680941043,-0.235402911,0.93655043,0.851108372,-0.462720687,-0.544159518,-0.721811453,0.6286983,0.256132094,117.3729065
-0.083171772,1.37733503,1.062167448,-0.323514947,0.540017802,1.848109104,0.014287212,0.729236949,1.612978171,0.910944404,89.71405977
0.210008308,0.615163984,-0.404157159,0.001794873,0.243475077,1.542736367,0.117707418,0.519871018,2.710331644,-1.671761273,-31.4041436
0.804134642,1.564680258,0.396338162,0.138405725,-1.094433351,-0.128709177,-0.168766085,-0.327115343,1.108495917,1.517772784,-3.979333687
0.718331543,-0.101197627,-0.420985868,0.090041584,-0.054746396,-0.202923957,-0.037008094,-1.487154236,1.682888389,-0.84104843,-38.145509
0.175440345,-0.129894611,1.316545773,0.201666247,-0.47105357,0.478821189,-0.38480042,0.254943841,-0.116213377,2.443202524,121.7543032
-0.306247489,1.567646031,-1.540092266,1.271798874,0.550167585,-0.36305897,-1.115955275,-0.002819099,1.218061075,-1.361836001,-2.563858781
-0.456628786,-1.355086066,1.816793237,1.347678086,0.055630124,-0.890696085,0.908763478,1.158754835,0.699450091,0.79568702,290.1921331
-0.937684831,-0.598881262,-0.396062854,-0.433557288,0.725544313,0.632348374,2.226786968,0.682828956,-0.048205887,1.325759963,-55.34350942
-0.187950256,-0.810512523,2.053011624,0.603646366,-0.475882614,-0.202259528,0.010243323,2.994536298,0.825768229,-2.75732575,226.2765881
-1.33191311,1.307964193,-0.13362773,-0.776694053,-0.129297457,0.206677629,0.941619014,-0.747429253,-0.174443934,0.076518062,-103.9659725
0.191013825,0.164194066,-0.4316857,0.825630185,-1.548894102,-1.472480097,0.188003513,0.797409368,1.389483508,-2.05939596,-29.28941913
-1.488987503,-0.020731528,1.161742301,0.251978811,0.954043411,-1.301873852,-0.54837562,-1.348950345,0.0858071,-1.557717117,184.6379951
0.862817555,-0.571754252,0.522045536,0.430309565,-1.182062074,1.213238837,-0.935455064,-0.17873812,0.283305179,0.460638123,29.14196145
0.129589893,1.91378388,0.779271932,-0.748608334,0.067424196,-0.111009358,0.736773409,0.002676405,-0.075575704,-0.232040681,7.747721908
-1.633437411,0.983906155,-1.119945271,0.271184205,1.031798755,-1.492751176,-0.131980899,3.038281614,1.651233972,0.162443905,-25.80836914
-0.756553254,-0.077874053,0.106688808,0.673274722,0.772400142,3.727833345,-0.603114054,-0.028995685,0.954662185,0.262425511,99.40731495
0.421780074,1.310191908,0.545786714,-2.171571405,0.196240941,-0.613587605,-0.008113202,1.291273839,-0.277544256,0.158089225,-153.5539404
2.218780233,-0.15904521,1.562888769,-0.273993082,-0.924465988,-1.703871587,-0.243383979,1.625958915,1.90413659,-0.299838196,73.34623579
-0.6428078,0.597948614,-1.531460427,0.375201575,0.176798885,1.493571163,0.344478441,0.011996069,-0.309688769,1.222544153,-84.04270683
0.815034134,-0.146973871,0.924372617,-0.782830221,-0.674653263,-1.039407267,0.491897285,-0.406338731,-1.641580298,0.83948257,-19.05988939
-0.142289165,-0.389684428,1.281166218,1.993869091,1.568836448,0.059346795,-0.780518853,0.406895757,0.134370288,-0.870212284,354.0296183
0.649581332,-0.342717777,-1.611002768,-0.91989817,0.527438652,0.01173637,-0.148178533,-0.349862663,-0.815591771,-0.886665035,-205.8426865
-0.610581597,-0.476848659,-0.615347151,0.980082785,-0.110336108,0.130453425,-0.423073753,0.274044604,-1.4151251,-0.086850146,12.28728113
-0.834428468,0.042479973,0.540002949,0.043967796,-2.017377385,1.958654794,-0.177106567,-0.124970637,0.580207681,-2.363278223,-32.08570216
0.572076324,1.164250994,0.158960686,0.352192465,-0.295664787,-0.3212377,1.22392129,1.803622059,0.545494517,-0.336988334,60.30332848
1.062254122,-0.74207345,1.158861262,-0.258069576,-0.726783646,-1.932097266,-2.455825732,-0.470267295,-0.891509078,1.601175347,36.7503255
-0.936767433,-0.02776873,-0.120442863,0.357821063,0.900864441,-1.212715076,-0.313368631,-0.99465143,0.397433974,0.586428502,63.73566514
1.254656045,1.796147378,0.674299246,-0.897426675,0.680550538,1.765592694,1.769062053,-0.474763242,-0.843590023,1.376718095,11.08633026
-1.403616211,0.949263174,0.546589726,1.157519606,0.528634815,-0.596324689,0.966147012,2.448586988,-1.127590951,0.491274021,185.2964896
-0.252462905,-0.267038706,-0.270453203,-0.95270394,0.991164254,-1.554013517,-1.917575758,0.475664019,0.607182661,-1.012824037,-80.12372044
0.293650581,1.999263818,0.741109876,0.98467752,0.763766464,-1.056158468,0.837939963,1.802940984,0.406316384,1.087145544,209.0903757
-2.0073039,-1.747884595,-0.026899852,0.168692745,0.248225507,-1.264337302,0.327639237,0.097436287,0.608092624,0.057375554,22.36852093
0.11020738,0.028397509,0.503268253,0.323489531,-0.456533202,0.028662942,-0.374282034,1.156006963,-0.053098145,-0.867091682,75.64152146
0.764518909,0.623034754,-2.308741399,1.09130753,0.339485047,-0.190891685,0.81597813,0.841906626,-2.010432296,-1.854577175,-90.37815921
1.039441392,0.290604697,0.628813828,-0.049504646,0.693825413,1.908776273,0.874754677,-0.916293047,0.282377751,-0.322607773,85.56405793
0.546398952,-0.358542528,-0.145844433,-0.96539621,-0.102767461,1.929269997,0.023946382,0.854437751,1.035916209,1.38695989,-110.0122426
0.930887383,1.810522478,0.457224812,1.352759031,0.447930733,-0.421130235,1.198225393,-0.714041744,1.299871244,-0.285541625,194.2737355
-0.554901019,-0.754413245,1.234833967,1.229233956,1.184085938,-1.962364482,-0.422531309,1.401046508,0.137627864,-0.268810612,281.4393452
-0.551526824,-0.015490022,-0.722989219,-1.843125785,0.894981972,0.267797665,-1.027114598,-0.598731689,-1.231435311,-0.448285949,-196.7180488
1.187427152,0.521229991,0.669438372,-0.112126444,0.40251621,-0.310971466,-1.913340335,-2.740426422,0.89649967,-0.965045581,58.68849525
0.917138662,1.231057903,0.29368119,0.183101392,0.62242738,-0.996874119,-1.56811859,-0.588247401,-1.458157791,-0.356958202,58.10015422
-0.530176456,-1.11965234,-0.205594048,-0.130694212,2.697725631,-0.814982491,1.944689269,0.093460108,1.934256248,-1.82904713,79.30338691
3.284118201,0.783304237,-1.008013223,-0.769162319,0.505538877,-0.18398866,0.510676138,-1.333217054,-0.621594045,0.938908832,-156.8909479
1.216001897,-0.978443853,-0.311440549,-1.240119017,-1.133264029,-0.298020504,0.402661456,-1.457755815,1.474875963,0.107809212,-169.2786561
0.244380145,0.328071565,-1.206870344,-1.040775105,0.832918403,-0.405578185,0.306197425,-0.754217956,0.823894354,-0.789532661,-173.8108544
-0.269110803,-1.004318384,0.0830382,0.422118115,0.242258157,-0.351607428,0.898346125,-1.069402387,0.285486163,1.304940204,50.35693648
-0.829787618,2.301694951,0.116490181,-0.119082563,0.243669958,-0.715019543,0.652386,-0.113542486,-0.170544806,-0.856795612,-4.187748675
-0.523685533,0.731672327,0.881013347,1.085918412,0.67703047,1.114234347,0.28282816,-0.391178164,-0.772253071,-0.158641026,224.9091433
0.571141242,-0.723486622,1.912688134,-1.324845781,-0.032481036,-0.321752704,1.983704135,-0.984633687,0.417095324,0.757176821,59.17843288
1.073944993,0.114145919,2.539040319,-0.137138624,0.187820135,0.944706303,1.655856278,1.492973408,-1.859895445,1.145391267,236.3746736
-0.53975968,-0.778304725,-1.348185422,0.743264094,-1.710168393,0.307801769,0.170865438,0.347581705,0.018433933,-0.183983336,-116.2534555
0.223218732,-0.102470841,0.359629615,-0.090824118,0.922840272,-2.952331669,-1.291413266,0.242146607,0.751090624,-1.659877321,59.45768063
-0.177591129,-0.144276558,-1.358847352,-2.129400631,-0.896736048,-0.987349932,-2.209407488,1.524542446,-0.063246791,2.461089132,-369.9949937
0.359386077,-0.477529853,-0.436069318,0.220395707,-0.513935901,0.127297884,0.048797378,-1.218380603,-0.480258288,0.904822119,-23.87288579
-1.20408695,-1.061472973,-1.217671378,0.695269227,-0.63702561,1.228327711,0.364170063,-0.187481487,-1.252999757,-0.999186903,-62.81890167
1.494745514,-0.049873698,-0.268943188,1.092737627,-0.216420997,1.454955682,0.987069244,0.662888016,-0.261984749,0.935303345,73.71361439
-0.050453489,-1.414253116,0.201519671,-0.060869172,-1.019361487,-0.063583395,-0.093647285,1.260839817,-2.052462708,-0.209099077,-32.77820835
-3.062648714,-0.717533356,-0.436841599,-0.684999124,1.967321961,-0.313352756,-0.100492119,0.727602354,-1.248656434,-0.728018906,-19.44906819
2.060799193,-0.273316471,0.339165655,-3.393914513,-1.898721726,-0.972501718,1.298344776,1.58825291,-0.909502202,1.032016094,-366.3604728
1.39503314,1.389953818,-1.426795033,2.280999338,1.551099799,-0.928131894,-0.571362176,0.799903592,-0.305563795,1.580814906,145.0658319
1.710848656,-0.194783369,-1.419541546,-1.979821366,0.656644525,-1.159046543,0.72682396,-0.546550682,-0.253786076,1.43444517,-308.1051113
0.360874531,-0.116817273,-0.138612271,-0.343865455,-0.535660573,0.908509833,0.064336739,-0.041264155,-1.204281117,1.845787162,-67.78768945
-0.911593377,0.990061231,-1.042928262,0.369052049,0.313241694,1.959683982,-0.382999214,0.07427369,-0.042856248,0.434068487,-48.76299152
0.369265535,-1.185596008,1.153768539,0.068651457,-0.126789252,-1.357632445,0.939088944,0.84887383,-0.809916857,-0.592114121,114.9311166
-1.398110319,1.165219463,1.128510491,-0.506605791,-0.660439415,0.012882127,0.662006099,-1.353312139,1.541480641,1.015068497,18.72644738
-1.153350511,1.137314542,1.276965386,0.338023481,-2.487808657,1.418531345,-1.207021648,-0.94550688,1.676393027,-1.075312393,36.31171078
0.112337949,2.391873389,0.670872195,-1.930833601,-1.74156965,-1.533174595,-0.976677695,0.428058748,-0.486136467,-1.799839535,-190.0953148
0.659298987,0.945997963,-0.060701317,0.025342879,0.141654221,0.172279748,1.55501274,0.659226896,0.105146984,0.472273214,3.275539098
-0.473467066,-0.664704789,-0.544686207,0.291623065,0.951116273,-0.616233657,-0.123494375,-0.031965691,0.07394873,0.1617851,10.98361214
0.372648186,0.166493127,0.16524005,0.012521864,1.438169201,-0.172041359,1.637211645,-1.615846471,-1.285599114,-1.431354847,74.15523728
-0.392047783,0.028320264,1.232204237,0.437372674,0.152269376,0.468531257,-0.563848332,1.027959002,-0.237312234,-2.325420154,165.418383
-0.311208289,-1.091046717,0.367360349,1.602844247,-1.108764895,-1.156127367,-0.352593097,0.814684437,1.073340177,0.700972323,142.088492
0.791140004,-0.284795557,-0.594672987,-0.422568419,0.778774308,-0.097345969,-1.31248869,1.179263159,0.325251676,0.241409116,-52.00113744
-0.554644108,-1.850377685,1.00272455,-0.454508299,-0.055774338,0.291861313,-0.26015678,-0.392561677,0.089004111,-0.149530365,51.636475
-0.404795379,1.132804697,-0.780143881,0.73526931,1.637082408,-0.630458454,-0.559163835,-0.380036846,1.030249694,-0.460306763,54.44391058
-1.230998188,-0.325475976,-0.047234817,-0.250284391,-1.680897286,0.746497203,1.035539018,-0.525360004,0.535210285,0.232736558,-68.5201422
0.737528063,0.275248688,-1.383017809,-2.093178022,0.947820776,-0.181406035,1.50808285,-1.076816974,0.606730003,0.511415255,-277.3176665
-0.933716791,-0.217783861,0.274475004,-0.095412749,-0.45376535,0.755073732,-0.418270736,0.744512497,-0.111600307,-1.670577295,-6.316038043
0.524792576,-0.878498791,-0.228360793,0.231541069,0.832400539,-0.18707427,1.146471877,-1.149179602,0.786017291,0.79068621,28.93037826
0.139028687,-0.04512289,-0.443263465,-0.288575117,-1.358174921,1.318197067,-0.114559427,-0.444806838,0.690910957,0.084094388,-127.4122344
0.854267562,0.902713148,-0.922748564,-0.002307345,0.672726978,0.770783148,0.638516579,-1.092403528,-0.728217525,-0.17530832,-62.10304729
0.969457201,0.427194362,-0.548724908,0.092844901,-1.881849045,-0.128537511,0.159856392,-0.866174848,1.265707841,-1.027675141,-114.921609
1.082691054,-0.471124652,-0.413605533,1.887687657,-0.860385011,-1.907807558,0.556553125,-1.547303989,0.486036289,-1.335481569,128.6170534
-0.295201253,0.614547238,0.90723466,-0.385933127,0.042039037,0.962613575,-0.236817843,0.797565623,0.73234808,0.713298177,48.09607447
-0.318956536,1.209124235,1.391892479,-0.905188606,2.927645236,3.536531655,1.432966863,-2.556121781,1.396746418,-1.748532441,174.0585064
-0.209403068,-0.098906687,0.042016603,-0.463585474,-0.1862464,0.405045348,0.031638078,0.565616044,1.881244,0.139826161,-57.22188531
-0.388346938,-0.305619111,-1.537584796,-0.144904579,-0.704728436,0.572006278,-0.445943714,-2.007456861,-0.363116661,0.113140457,-205.0211842
-2.490751738,0.465617505,0.107777656,0.02063654,0.157747397,1.993957655,-0.39547628,-0.331820052,0.775273012,0.314490672,33.62282114
-0.767257825,-0.493048241,0.97510791,-0.454573925,0.655018182,0.258174578,0.554823498,0.004738832,-0.379377237,1.046634682,71.81286893
-0.217386199,-0.341665284,1.35370984,1.474693985,0.691705114,0.001160987,-0.294764074,-1.181530753,-0.3187389,-0.987249232,293.012696
-1.52072153,0.384160178,-2.03590257,-0.542798972,0.370851893,2.524509277,-1.932372087,-0.871590471,-1.98731023,-0.329798257,-233.7488954
-0.614190418,-1.652934562,0.728741586,-0.848066927,2.218743358,-1.009203152,-0.203156366,-0.899618658,0.543806654,0.310186517,67.01068901
0.225264117,0.692722755,-0.093386859,-0.529332112,-0.332860404,0.317453261,-1.514470309,0.018401631,1.754933072,0.321593211,-58.62282799
0.035274358,-1.387448904,0.155355336,0.537726701,-0.046691543,0.208617909,0.543310308,-0.066985269,0.048153287,-0.07787286,72.62772773
-0.902198087,0.952514759,-0.433712907,-0.352655487,2.444981301,1.054900718,-0.771229294,-0.876934582,0.814987455,1.125727429,18.25035682
0.871963382,-1.245068254,-1.505933995,0.791408307,0.021087636,-1.466511585,0.805880089,0.136049234,0.145597507,-0.87996994,-51.87720214
-0.912316247,0.07379217,0.166006885,-0.006961346,2.062832919,0.668149379,-0.649572088,0.677211913,-0.731224569,-0.256273937,84.51001217
-0.564289853,-0.592702823,0.428761259,0.770463596,-0.556717898,-1.50722582,2.19344955,-0.890435753,-0.056788596,0.955703971,91.11093889
-1.454422583,1.040752858,0.716674056,-0.6175958,1.179684494,-0.18664781,-1.387471546,-0.17743501,-0.581879824,0.206846584,58.04516452
1.526215959,0.767509082,-0.965667914,-0.161864765,2.184230602,-1.537026001,0.258202735,0.421827286,-0.290030401,-0.288658161,-16.05893762
-0.024555671,-1.298293397,-2.167907422,-0.225294989,-0.720345833,1.076804122,0.37826394,-0.364247668,-0.525347202,-0.416361886,-241.8390566
-0.19807363,1.300625401,2.0221741,1.831177136,1.801528408,-0.567447281,-0.192981368,-0.614038162,-2.343039102,-1.782115082,415.7776691
0.43051348,-1.258292621,0.413295393,0.148224658,1.083389519,-0.532465911,-1.410498774,-1.432838696,-0.662146152,0.584905305,74.43800462
-1.89852641,1.234695279,0.615439251,-2.134921891,-1.698076148,0.360190184,1.152233386,-0.748372296,0.126596945,-0.321700312,-205.9282686
-2.348068397,-0.005722841,2.024028536,-0.099760275,-0.161127487,0.233287582,-0.441690104,0.821615752,-1.726803203,-0.645848988,182.0298057
1.222393438,1.620932785,1.208436001,2.611247309,-0.115385742,0.190869679,-0.665188541,0.732864977,-0.350727129,-0.096876727,341.9927518
2.028429323,0.127042702,1.794731609,-0.909211114,0.023162701,0.611174562,-0.752254741,-0.45927762,-0.49351439,-0.049908168,69.01373405
-0.6567104,-1.355541861,-0.728329268,0.768194128,-0.327633437,-0.383417942,-0.920488788,-0.045044478,0.207853238,0.850036395,-10.97389254
-0.937529558,-0.89330261,0.085397783,1.211356431,1.609367641,1.816855658,-0.39774249,0.361382728,0.527826553,-1.427243952,192.0612082
-0.182572936,1.349860522,1.941170592,0.494447057,1.096437151,-1.296748657,0.568441488,0.350721285,0.180028006,-0.332040579,285.4272886
0.251830238,-0.530756133,-0.392018535,1.130715115,0.652913476,0.26216315,-1.585358269,-1.376621866,-1.93883946,1.675497496,91.61567043
-0.885326432,-0.77263689,1.112046842,-0.55151573,-0.089335865,-1.947339873,-1.506922299,0.629558366,-0.604718867,0.146214796,40.73129386
-0.79895121,0.875024502,-0.621895475,-0.733729858,1.975457527,0.853745958,1.286319013,0.16994852,-0.666724313,-0.926739339,-44.81818431
-0.514209444,0.999991005,-1.57334695,0.152015778,0.581373059,-1.41699014,-0.447245105,1.107272972,-0.392843891,1.218665211,-109.0031013
-2.508957178,-0.76876641,2.585975176,0.419050735,-0.762133449,-0.384181666,0.613265545,1.752291909,-1.421349945,1.137776781,257.0447859
0.895235217,1.253534058,2.205782695,0.566444987,-0.331773394,0.602052523,0.024923486,0.923014819,-0.48068041,0.819900777,246.3571732
0.512002743,0.028607232,-0.070974965,-2.404197402,0.104684725,-0.48529471,0.025865586,-2.006732168,0.346818939,-0.137617128,-225.4711171
0.867187413,-0.497354371,-0.365280858,2.387967706,0.722446985,0.049328166,0.180071038,1.097220192,-0.835689005,-0.27293332,229.0938123
-0.131167807,0.425700621,-0.502575724,2.780026223,-0.979611192,1.846512849,-0.822132688,0.060139992,-0.228706156,1.286390077,185.4652061
0.279767708,-0.959320765,-0.13244472,1.004597867,1.76624241,0.261707283,0.229587397,-0.058826409,-0.11915927,-0.238244302,157.7291684
-0.897097427,-1.668853435,-0.181940611,-1.451555499,-1.704398668,-0.154533126,-0.488337447,-0.902010761,-1.501899629,1.077372414,-232.3725036
1.321880992,-0.047058541,-0.021332382,1.682662915,0.323632473,0.902678143,2.148239202,-2.098187463,-1.99998656,-0.58684268,186.4224318
1.449292428,-0.113170648,-0.246857893,-1.560433468,-1.008530808,-1.787138588,1.112149063,1.279614119,-0.574793227,0.856905271,-198.4044157
-0.205284019,1.118549944,0.534364899,0.091093606,-0.397323253,-1.18776524,-0.85153998,1.150267396,-1.531535315,0.006273156,41.7494391
1.813407699,-0.342878862,-0.484173951,-0.96624632,-0.16063112,-1.542803218,-0.175378456,0.306981073,-0.009288562,0.491505647,-166.5375512
1.302179736,-0.948389555,-1.102929489,-1.358411341,-0.020877281,0.132143757,0.750638584,-0.54339373,1.012030962,-0.453000453,-221.3916002
0.882991273,1.119073622,-0.095428272,-1.905093475,0.646540735,0.257052766,0.688405514,-1.166046743,-1.294644562,0.577546626,-169.3601034
-0.547174604,-0.137656878,-1.425032507,-1.446790654,0.179318501,0.195429916,-0.807995169,-0.529604049,-0.335357071,1.012890574,-257.3732949
0.882273043,0.576854237,1.345488956,-0.857472652,0.494149345,-1.175319049,-0.719318568,-0.982008413,-0.354236313,1.160472505,46.4299483
0.994472013,0.157451527,0.193741901,0.085908018,-1.967306323,0.309559485,-2.673318958,-0.725349165,-1.650980557,0.290888942,-82.79861426
-0.61122627,0.62546354,1.47360311,0.688333934,-0.929116605,0.726336074,0.889298119,-0.316161577,1.17140124,-1.080166776,152.8258581
-0.912242252,0.806411762,-0.88340616,0.457468686,-0.101579589,1.346212766,-0.742779971,-0.665397764,-0.375472612,-0.949086028,-60.15134787
-0.050354951,-0.07378485,-1.105198526,0.798338437,-0.106825053,-1.776593503,1.719613567,0.889940857,-0.759667667,0.537718986,-13.2886516
-0.992836417,-1.073050148,0.127291483,0.150808769,-0.784302384,-0.070730494,2.349800649,0.279034261,-0.839375743,-0.611026079,25.4176915
-0.278715517,-0.662856631,0.98211263,-1.178471616,0.791070986,-0.145768446,-0.633348071,0.884338312,0.201264413,-1.389883422,-10.26418078
0.933128072,-0.222720701,1.218194712,1.057368305,0.839468505,0.533359245,0.872197,0.33260751,-0.571746042,-0.315086731,262.1731146
-0.202044857,-0.540319955,-0.224495166,-1.794765201,-1.128859177,0.145244156,-0.137480463,0.112248138,0.777929252,1.320042761,-238.7399522
-0.282077057,-1.135432309,1.44682284,0.243986188,-0.762622916,-1.652102332,0.191922005,-0.708186161,0.246347953,2.13214646,128.8107499
-1.2899609,-1.295078772,-0.158007899,-0.42688107,1.529550319,-1.69246463,-1.012104375,0.073317967,0.823170584,-1.654856672,-13.99073585
0.309636615,1.774225725,-1.320582787,-0.763015504,0.048491805,-0.136163316,-0.622943739,-0.132632911,-0.518997447,-0.535675717,-200.667245
-0.495822237,0.975499559,-0.151177673,0.508447104,1.191143373,0.985401817,0.494001667,0.750810239,-0.381956288,-0.849966617,71.85925581
-0.263002707,-0.766276203,0.569780012,0.154104806,0.150529046,-0.162183359,0.548175644,-1.115935168,-0.675518378,0.065224982,66.71442163
0.008781547,-1.75822163,-0.970348349,-1.490465994,-0.077501189,-2.216877677,-1.129975871,1.460287761,0.404962198,0.379672856,-239.1211696
0.850687325,-2.407028596,-0.353440773,-1.115084777,-1.050024475,0.64159227,0.473258757,-0.846210818,0.22618966,0.038412763,-173.4258069
0.654093449,-0.769568714,0.034569417,-1.372093243,1.64755503,-0.130705119,-1.624276596,1.541795328,-0.807436771,1.197901914,-70.05805876
-0.630880665,-1.117159607,-1.921543703,0.646180049,-0.232248866,0.869028277,1.293166582,1.396651803,1.804730613,-1.666067485,-143.3931342
0.502546246,1.212090719,-0.456991834,-1.408226768,-0.854624642,0.034204685,0.077078611,-0.622671767,-1.09714387,1.055694249,-210.6907189
1.110307176,0.129961872,1.031130435,0.875990383,-1.304785751,0.600433077,0.468357923,-0.390640315,-1.402000623,-0.393284137,141.3316182
-0.005106632,0.398763764,0.945888157,1.073621944,0.962345169,0.588076675,-0.630845551,-0.527389062,0.769031655,-0.297866805,226.4620371
0.483841125,-0.042331896,-0.280571707,-0.616027544,-0.280111008,-0.160450043,-0.346104272,1.777294768,-1.912851353,0.849644783,-92.54936293
0.26425127,1.027084697,0.74769139,1.666462523,-0.811672263,0.883375804,0.882181642,0.595709063,-2.583519357,1.536462915,183.7730091
0.488796144,-0.784790912,0.362865436,-0.29146323,0.744795441,0.624791982,0.809683521,1.58661456,-0.854691392,-0.311890948,48.60584225
-1.474796027,-0.865562826,0.481454106,1.568146706,-0.490883958,-0.570698671,-0.211777129,0.297961556,-1.564183402,-2.562767862,186.8779759
-0.958703729,1.820967225,-0.586227694,-1.046350036,0.448098213,0.802949927,0.522971574,-1.516858417,-1.339270315,-0.071514009,-142.5695242
0.431705785,-0.231408002,0.795031794,1.118169415,-3.212953611,0.249707161,-0.040244275,-0.784441919,0.073638893,0.083981577,39.3797514
0.733071145,-1.496103662,-0.205638142,-3.631538814,0.347478658,-0.342643897,-1.827179824,-0.904646708,0.855200853,-0.240473105,-354.9958693
0.558115867,0.082357702,-2.401733969,-0.328547792,0.580096738,0.205803014,-0.366579514,1.500059619,0.86007118,2.321068511,-231.5846237
1.418292339,2.110287486,1.139106327,-0.823333345,0.512296149,-1.085776168,0.400669011,0.00149114,0.588786892,0.357377514,38.87134846
0.299199766,-0.62359688,0.408485338,-0.861288102,-0.193994793,1.675636294,-0.356427121,-0.305309154,-0.194789621,-1.525185437,-55.35733643
-0.014747718,-1.285565594,1.653635216,-0.534750805,1.623861412,0.901143631,-0.18848686,-1.841494709,-0.671510605,-0.411279924,171.4192654
1.643378156,0.360647891,-1.975487771,0.751099455,-0.471263741,-1.689183038,-2.065083046,-0.320297805,-2.07781182,0.028457581,-131.06909
-0.715512985,1.121499212,-0.625916018,-0.978254938,-0.641727144,-2.954248941,0.122243005,-1.058800148,-0.82461201,-0.418963446,-177.5972286
0.149872198,0.596793777,1.268358611,0.936805677,0.106435416,-0.182314701,1.219943199,-1.228944906,0.332612759,0.720357498,212.5857531
-0.496743663,-1.157194886,-0.941598838,0.517374329,-0.070925821,0.95655413,0.001503316,-1.437187691,0.133336709,1.050505481,-29.45213471
-0.804267921,0.165040637,0.579581248,-0.87089882,-0.246553608,0.057622763,0.139415159,-0.129836326,0.082590517,-1.199446258,-43.9138843
1.263374816,-1.351496412,-1.955579322,0.750559119,-0.223675094,-2.000943835,-0.559917844,-0.244113775,-0.373209633,-0.119409579,-107.3244677
0.010386405,0.957248712,1.185247247,-0.980451553,0.158999476,-1.191115155,0.23858676,-0.523982962,0.220295395,0.997779762,31.91871338
0.129726491,-0.012545945,0.574852579,0.726208422,0.497932766,-1.052986106,-0.990912954,0.307403093,-0.006275233,0.157450937,135.8590516
-1.000473249,-0.391475652,-0.818133986,0.765612092,0.916482433,-0.193839173,-0.479471482,-0.090083528,0.977011523,1.003236261,29.97117533
1.907189762,1.074625342,1.188951175,0.329424394,-0.826849731,1.326358729,1.000562878,0.989603987,0.566837829,0.176189319,126.0272164
-0.280869246,1.498958463,0.037963728,0.144052232,-1.246329478,0.928851246,-0.345653657,-0.190485698,0.831733138,0.771850486,-34.8988923
-0.953064329,-1.128864435,-0.562173932,-0.662249489,-1.755089741,0.391434345,-1.310167933,1.413788521,0.00127918,-0.835933401,-192.366119
-1.28950007,-0.301579808,-1.525662409,-0.596972028,1.232328605,0.809258628,0.820143594,1.018537428,-0.798206076,-0.467738684,-143.2197918
1.42977486,0.582828069,0.004210521,0.540374131,1.167390679,-0.005411335,-0.846604842,1.892653708,0.353976885,-0.618629951,82.85078372
-1.284780132,-0.419872375,1.52852602,0.547397163,1.674843661,1.606519398,0.380501708,-1.28136783,0.769433237,-0.458041462,250.0207695
-1.093106892,0.082329018,1.116481354,0.066262175,-0.270408787,-0.440846904,-1.171715089,-0.423816295,0.713492802,-0.731681919,111.9992089
-0.091174909,-1.405322955,-0.558529723,-0.695159989,-0.755378667,0.989272191,-0.645520199,1.050903493,0.59448913,0.405004716,-137.9143458
0.288150042,0.358848073,-0.081193184,0.835333435,-0.370931104,-0.279350247,0.336075413,0.884442437,0.499558908,0.50011283,69.45886189
0.545726876,0.144670374,0.483628508,0.086727129,-1.01673117,1.195640664,-1.892504872,1.68303941,-0.765061898,-0.7253007,4.170793553
-0.176754182,-0.897952052,-0.399810495,0.374309066,0.486589981,-0.980209262,-0.107999252,2.070458315,1.306098713,-2.050531226,12.42592935
0.927645532,-0.630445191,0.525944181,0.928388679,1.226104585,0.826946061,-1.579345162,1.677684091,-0.182718462,0.204153872,168.0183312
-0.388107633,-1.13584987,0.019732562,1.232274396,-0.139452425,-1.417881718,0.19944355,-1.160106701,1.962494849,0.382657432,126.0713074
-0.131317081,-2.40971719,-2.024265413,0.472083953,-0.27829169,0.730748709,-0.90477708,0.091998985,-1.541246922,0.143882373,-144.3826351
0.492986459,-0.057517753,-0.589892318,0.698688814,0.8920676,-1.841897773,0.025210868,2.196223142,0.164294765,-1.543118228,40.5735954
2.169872687,-0.339149405,0.086020849,1.000543957,0.625656761,-1.786957664,0.608137554,1.522861722,-0.355834935,0.119948317,125.3610509
0.753052612,-0.992977496,-0.320281262,-1.29787907,-0.328742027,-0.317609754,1.743429913,0.814937283,0.254500356,0.99867507,-157.8622234
-0.0617642,0.479441518,-0.176774163,-1.548618299,-0.746578347,-0.205859431,-0.491153747,-0.241497446,-0.256179752,-0.284875493,-198.8794347
1.02376081,0.679706797,-0.6423214,0.611948567,0.752525663,-1.330987922,-0.837488907,-1.194589647,1.744473925,0.141962177,30.69656592
-1.267676777,-1.194969895,-0.377644162,-2.450463983,-0.79540689,0.142499748,1.434353225,0.319462296,0.107541904,1.336548044,-297.814314
0.029190504,0.69797403,0.69758697,-0.83609167,-0.164241985,1.88843694,0.308009902,-0.355974084,0.452067838,-1.302844764,-0.970044166
-1.470320272,-1.002320133,-0.096769626,-1.498477133,-1.68003737,-1.152963139,-1.167602796,1.491401979,0.890996313,1.068341348,-242.086295
-0.654625414,-0.951591596,2.21173035,1.028161739,1.354340047,-0.152298873,0.094550955,-1.835998364,0.015071219,0.699309874,356.5300857
0.148547528,-1.22173637,0.509817908,2.390648134,0.086787426,-0.546837246,0.112332068,-0.099528328,0.357755083,1.51114116,284.7857671
-0.450418887,0.153681763,-0.223423473,0.253592942,-0.360031324,0.788364801,0.269317238,-2.31939814,0.624910088,-0.71242859,-16.72177978
-0.255206134,1.511673414,0.33122276,0.506802595,1.887858988,1.330343507,-2.133184428,-0.933471158,-0.575490213,2.099752548,134.6254699
0.239796834,1.10362691,1.760628035,-0.840434763,0.943516818,-0.00756466,-0.391993625,-0.538349458,0.187101537,-0.825011898,125.3281717
1.808224009,0.178588599,-1.146067942,-0.51024979,1.336594076,0.566786391,0.846869735,0.515111954,1.101917831,0.287994312,-87.40620616
-0.098872626,-0.685934504,0.951384984,-1.569776685,1.291715608,-1.402929072,-0.390267531,-1.228779351,0.747995399,-0.580163722,9.582038872
0.705573659,1.838255461,1.603676409,-0.338180767,0.566174836,0.502078733,-0.964917434,-1.108761313,0.406377095,1.133851292,135.5786926
-0.847627212,0.818594618,-0.597381061,0.110418047,-0.305499463,-0.67849473,1.197178531,-0.781672072,1.000820498,-0.771042157,-52.20820346
1.420400923,1.012635254,1.741818415,0.784825369,-0.242914231,-0.82773139,1.077192504,0.041589068,3.602832136,1.417077033,232.4129406
-0.712777885,0.006547967,-1.200643732,-2.081341389,-0.24682333,-0.130414827,0.817866425,-0.437235942,0.901998378,0.243221573,-324.6433627
1.380377663,-0.372492513,-0.975910493,0.001891028,0.177001391,-1.347304789,-0.767774283,-0.143232684,0.337446964,1.070431937,-57.35161254
-2.850030109,0.544582401,0.360226037,0.541321294,-0.307571417,2.002427468,-1.000629372,-0.885970734,-1.206022371,-0.855095474,61.95612917
0.521215791,-2.084331621,1.068549558,-0.088571067,0.871724424,-0.510683938,0.684714854,2.148706294,1.377974334,-1.076954541,125.7179601
0.337955554,-0.592240845,0.034887947,-1.37551089,2.105297429,-0.81254577,1.36807935,1.223855919,0.851124098,0.125901388,-27.79113221
-0.607628685,-1.227458713,-0.265446378,-0.188405816,-0.09771089,1.128969201,-1.137832151,-0.757408656,-0.130700327,0.410976165,-34.44751781
0.081420328,-0.175082685,-0.708213379,0.356997993,0.329314279,0.303068876,-1.5804517,0.029500259,0.598957946,-0.926891853,-21.1218578
-1.527006454,-0.191709809,2.090149465,0.299500509,0.203847533,0.18194919,-0.192532842,-1.691584104,-0.12965511,1.799111539,232.1304664
0.036625032,1.002910135,-0.175978331,-1.285439899,1.013286498,-0.400428061,-3.532818188,1.330316426,0.279062509,-0.268713446,-113.4052839
-1.258090641,2.519963551,0.922387232,0.831263034,0.521588764,1.268327953,-0.168110194,1.638429109,1.013712574,-0.029520861,191.016031
-0.413856187,-0.34936596,0.63581303,-0.582112994,-0.581777162,1.282317436,-1.095649049,0.543423609,2.347649388,0.680279803,-37.91107288
1.416142382,1.795058967,-0.74597011,-0.160270298,-0.096885929,-1.226437765,-0.229012073,1.767544653,2.107557,-0.314439878,-107.5296372
-0.029216406,0.775115122,-0.172629134,0.63867714,0.406622034,-0.972764517,-0.063573539,1.048864142,0.075576373,-1.450927891,65.36115895
-1.074462766,0.593170991,-0.289483269,1.710775778,-0.147269828,0.064102565,0.426025012,1.703270926,1.268965025,1.970678391,125.2023561
2.115775505,0.456012675,-0.867261118,0.523604586,-0.545818377,-1.331060812,-0.514858871,1.642520838,0.510918469,-0.371177695,-37.88919556
-1.200641691,1.95863012,-0.52803425,0.200944878,-1.17773852,0.519467058,1.146526305,-0.509491813,0.060685506,1.285813584,-63.24143072
-1.710869005,0.133600442,0.979465191,0.824028284,0.337506379,-0.118160867,-1.09096351,-0.777318039,-0.920822582,0.011844306,178.3989536
-0.932086414,-0.869611035,-0.868676915,-0.230656169,0.066726456,-0.402943069,0.061831672,-0.330168063,1.342253526,-0.084907324,-101.2974901
0.80742985,-2.076616012,1.416583823,0.303392375,-2.069439259,0.535637588,0.153031753,-0.398583664,-1.286609125,-1.630512878,73.55325277
0.301791931,-0.512493391,1.459160994,-0.207356769,0.192798793,-0.927714292,0.129446643,0.020590177,-2.313859496,-0.24251645,126.1021875
0.131767492,-0.318243035,1.489058981,-0.268016257,-0.791869832,1.048743863,-0.312034923,-1.520706242,-0.392025127,0.482377919,80.16796233
-1.768056719,0.019545845,0.938957178,-1.52977408,-0.188594829,0.286386744,-1.494263529,-0.627048615,-0.491544414,0.180871111,-63.44827428
-0.818002185,0.123018674,0.722996935,1.237738106,-1.414463011,-0.546166104,-1.118231939,-0.002246202,1.680765713,0.821921482,113.5058392
0.618556357,1.985676411,0.504365066,-0.541299095,0.945633428,0.823423185,-1.976821569,-0.312928967,-0.304344871,-0.495215098,29.49319153
-0.043039932,-0.606582019,1.374056551,-1.007510856,0.16975643,0.757923034,1.342459889,0.63066541,-1.210289114,1.170996493,42.751945
0.230459881,0.672970206,-1.610021673,0.327592731,1.538016282,1.349323928,-0.776862099,-0.212719917,0.309278385,-0.248251114,-69.13074631
0.470076425,1.301229982,-0.490036531,0.708384926,1.31785975,-1.445159922,-0.614223559,-1.328816749,-0.031163003,1.683723322,64.57668135
0.988555733,1.303563634,-1.006630073,1.858409406,0.763203619,-1.986345746,-0.28761255,0.731483021,-1.809031033,1.309439797,121.932965
-0.747878027,-0.2620902,2.132644026,-1.076363967,-0.957150601,0.667393155,0.999464085,-0.769723844,0.109757606,1.519665439,67.68631239
-1.193629089,0.213045622,-1.667827514,-1.385564264,1.233051004,-0.048995969,0.204864308,0.638924467,1.356578869,0.477114728,-233.2025872
0.089710569,-0.660164087,-0.850723991,0.15916526,-0.382695141,0.362296804,-0.942261194,0.657912632,1.516744798,1.872448661,-87.31698835
-0.861828851,-0.723069845,0.359027772,0.077455815,-1.003922018,-0.961489199,1.145001479,0.211504262,-0.134051436,-0.34617645,7.595337749
0.31917451,1.340450446,-1.504720374,0.760055964,-0.083105573,-1.406317464,0.082439753,-0.752156406,-0.309209077,-1.457551499,-73.22187121
1.277359713,-0.103616646,-0.132929845,1.316040415,-2.173318223,-3.069850685,0.289770754,-0.808094209,0.573662062,0.021384367,22.56653925
1.076007139,0.021311649,-0.160132796,0.671340076,0.115026079,-1.87517247,0.213196628,-0.796025857,-0.319053936,-0.751969332,39.9730529
0.169685091,0.200394785,1.342956332,-0.230710972,1.753375199,0.37771176,0.472953565,1.149014696,2.054809819,-0.316603443,189.0649682
1.474482007,0.408610748,-1.789012391,1.007117823,-0.6226139,-1.181201173,1.271030099,0.453221902,-0.297949365,-0.327073431,-90.35284505
-0.395046852,0.309046835,-1.007194988,0.168230541,0.479939741,0.324781594,-2.161303886,0.747546126,0.660343055,0.48253371,-73.70410814
0.999179168,1.033799894,0.178946054,-2.009775452,-1.29629897,-1.141954353,-1.682839605,-0.57076246,1.549395898,1.805246663,-245.3558698
1.04002672,0.39412651,-1.694039281,-0.846719328,-1.312912977,-0.404462288,0.193809008,0.201887194,-0.501237958,-0.006400753,-295.8211484
0.558091863,-0.469428861,1.297710056,-1.574428404,1.422079264,-1.274428057,-0.505880195,-0.259868043,-1.437894963,-0.397328974,31.41213645
0.111223335,-0.327325575,-0.149878034,1.11229245,-0.918616459,-1.63529027,0.463723058,2.017806449,-0.140316228,-1.167500824,36.42349561
-0.322679839,-0.250833016,1.185704155,0.718953311,0.536652753,-1.046910983,0.996047686,1.501333652,-1.421810667,-0.756795089,195.5702751
0.915390276,-0.549540275,0.349800025,-1.004054597,2.693033664,0.183834516,-0.095464247,-0.833056057,-0.080599749,-1.776246333,34.5663384
-0.014451962,0.41505614,-2.37849584,-0.334432791,-0.583343474,1.317143177,0.807455422,-0.516900068,-0.22949322,1.630268451,-273.8680516
-0.150348366,-0.608823162,1.382137995,1.188061876,-0.550451873,0.132684619,1.181828294,0.082029929,-0.962498835,-0.494910195,216.5207742
-0.576189707,-1.340554295,0.133907869,-0.817203604,-0.150861027,0.635233022,-1.685194531,0.527119592,0.140027822,0.106419323,-87.72766679
0.197956487,-0.099787813,1.164113524,0.032819513,0.454157905,0.586683814,-0.369340291,1.20794557,-0.694594407,-1.368164814,134.5936711
0.437963346,0.724604978,0.292639887,1.428277953,0.971076303,0.924094531,-0.452660349,-2.691199756,1.321642801,0.461811205,186.4094789
0.800529016,0.370308978,1.425195557,0.7681999,0.903184214,-0.369060126,-0.118166747,0.027701688,0.952487901,0.434111065,240.4427814
0.751277705,0.294934735,-1.25819729,0.332705294,1.271918303,1.447004618,-0.595424385,2.130104266,1.05331028,0.138863989,-41.45067486
0.711182268,-1.248668532,1.677481077,0.509739728,-0.297538959,0.494967823,0.931607495,0.81162486,-0.122855662,-0.220555596,183.621281
1.39602755,0.944160058,0.983251607,0.3416851,-1.131650637,0.165818943,2.203245762,-1.448834439,1.108703997,-0.235301677,86.42133879
2.864391266,-0.394996844,-0.990074759,2.122659552,1.254550321,-2.015377846,-0.863572603,-2.131956852,0.368599774,-0.18495775,149.6712504
-0.582267063,-0.461975598,0.764187616,1.972524773,-0.88060646,-1.154636949,1.382433341,-0.663162376,0.854627311,-1.344346005,234.7911115
-0.028366504,-1.149183367,0.610528394,0.16263447,-0.627257463,1.935914051,-2.775188461,-0.767670154,0.684083979,1.792450823,38.62352362
1.391682625,0.169888948,0.468738948,-1.008281475,0.262852043,0.255568521,-1.547633058,-0.770909694,-1.526158712,0.726051925,-35.59357884
-0.4456829,-0.599538585,-0.125338591,1.270488468,-1.26885415,0.478499048,-0.446940158,0.658150383,0.35676879,-0.814486667,56.36719999
0.517720764,-0.256733803,-0.617284569,-0.618983451,1.134924282,2.211333029,0.956549462,0.334299964,1.087726751,-1.01103713,-82.97749258
-0.70185839,0.193594823,-0.616321989,0.166438397,-0.663746447,0.909459172,-0.385672597,0.19860295,-0.051121789,0.417588382,-66.789661
-1.892762178,0.311490859,0.102858578,0.149341911,0.161698527,-0.69941454,-1.411056831,0.733054281,0.239627518,0.803154743,26.38145854
-2.741417061,2.151024373,0.105972278,-0.082030067,-0.010362242,-0.980278935,1.280655561,1.534367014,-1.430940989,0.805301981,9.033338876
0.058135208,1.490633608,0.111772072,1.750578222,-0.647426057,1.72782654,0.199650231,0.615894335,-0.388239683,1.689608768,145.5935922
1.773990423,-0.590819212,-0.063591193,1.726317943,2.058058035,0.293290539,-2.107012102,0.583991787,-0.667971918,-1.161880163,200.6594539
1.027552714,-1.271284249,2.117730003,-1.22455694,-1.527120795,0.65389261,1.024886433,0.788754044,-0.618988803,-0.994771718,7.524215898
1.110760479,1.914956308,0.548223237,-0.81117835,1.169625088,0.661523627,1.661281289,0.055875845,0.586797077,0.51614731,9.504137433
-1.211942226,0.315771438,-0.647837282,2.129616647,0.54412335,-0.485115063,0.441263217,0.915737012,-0.606337316,0.11948749,172.1852996
-0.131333672,-1.380787283,0.221131869,-1.447319121,-0.626456388,-0.350624091,0.956056146,-0.418419474,-0.944795309,0.075120022,-150.7128697
0.598916004,-0.543693043,-1.152734151,-0.402939849,-1.722743325,-0.269295226,-3.093225675,0.686838133,-1.3726791,0.64064432,-216.1667585
0.299794874,-1.65563936,-0.108616655,-0.11607081,-0.1174103,-0.018338067,0.873066066,-3.033989362,0.418911611,0.608984446,-38.14598796
1.847570244,0.382770236,0.302137643,-1.104934621,0.048997968,1.706043309,0.737189525,-0.743492519,-0.326104479,0.464174217,-68.59459978
-1.695229007,-1.13698366,-0.344230221,-1.271028356,0.733615612,0.666274606,-0.146097039,1.05817442,-1.269296916,1.178094468,-119.759593
-1.169916836,-2.872262213,0.323167714,-0.147602586,-1.768439366,0.140886247,-0.466036502,-0.53270084,0.513600107,-1.594703067,-45.31025636
1.623937069,-0.163957819,0.278389533,0.385673188,0.617470856,-2.183144891,1.690602804,-1.397379592,0.228082126,0.152894245,83.35905329
1.438456238,0.345815194,0.777188738,1.062697401,-1.316769251,0.599487524,-0.669591394,1.099583445,-1.574032963,1.219128867,136.4406071
0.412886643,0.838223956,0.272913185,-1.507530026,0.030244828,-1.700494439,0.802591364,-0.917552918,0.194159596,0.116262677,-135.4345127
-1.081904157,-0.87833975,-0.256170675,-0.561394511,-0.700863654,-0.229124627,-0.666980519,0.235777154,-0.244408286,-1.443594582,-94.85020976
1.172967699,-0.523759291,0.285034742,-0.306395427,-0.079396381,0.945497305,0.898726774,0.785992813,-0.13560124,-0.60780998,11.52279785
-0.695440504,0.157786372,1.005207728,-0.88118454,0.506347261,-0.742748762,0.376591418,-0.458634936,-0.173525724,-0.893879815,37.93122169
-0.896420383,-2.457400268,-1.122589276,-1.252319733,0.248412064,-0.576013977,-1.192200553,1.182441631,-0.366240015,0.515804388,-203.4155778
-0.719813551,0.401725638,-0.723788789,-0.74058154,-0.370980709,-0.799740148,0.024641567,-0.283475992,-0.45946039,-0.10223421,-148.6976721
-1.120198801,-0.733391371,0.270084411,1.088092463,-0.55728131,0.000318611,-0.703156462,0.324365974,0.703218255,-1.533392089,100.5043729
-1.012685563,-1.759958882,0.845273297,0.60378147,0.701389894,-0.912588198,1.515318094,-0.900921119,1.674270766,-0.541773236,180.7101486
-1.411255722,0.821869772,-0.755136418,-2.637109669,-0.752496033,-0.290203377,-0.798418104,-0.191381762,0.832054878,1.290462725,-339.9303752
-2.036410952,0.463450769,-2.082645113,-1.145878193,1.008110962,-1.371419199,-1.148361826,-0.825976364,0.011581115,-0.75065666,-261.4151388
0.906544157,0.072252048,1.118894598,1.274428427,-0.187859401,-0.258938797,-0.171673654,0.064505973,0.357661367,1.098484876,213.3130521
-0.753117331,-1.122914677,-0.671307591,0.089198197,1.864199526,-0.69646109,-0.281203595,0.43383524,0.444591995,0.123419134,22.79838285
1.058424487,-1.758739486,-0.248964148,0.971570951,1.755340842,2.060747925,0.64537595,0.68605146,-0.964923461,1.368631558,132.7042793
-1.075329405,-0.813931111,1.252810945,0.007014184,-0.754996518,-0.540912111,-0.778671348,-0.288049472,-0.504463084,-0.490769824,87.68144847
0.159181821,-1.909119651,-0.488839518,0.502440902,0.090688266,0.792191185,-0.386049082,0.744529924,-0.046245801,0.029018735,9.44581551
-0.148729588,0.480611215,0.023385125,1.027194788,0.274460178,0.498914401,-1.207774822,-0.07063398,0.901764688,1.634862851,91.33325174
-1.008568707,-0.400055652,-0.619596457,1.195905009,-1.244104631,-0.228926972,-0.18075231,-0.384891667,0.115294554,0.595839475,2.258885583
0.707832129,0.204484685,-0.164757444,0.91901552,1.245630854,0.535018869,-1.260485993,1.146049908,0.561816718,0.417524218,122.9425031
1.732746025,0.432451765,1.268969486,-1.396766349,-0.247764348,-3.018198334,-1.618302687,-1.355687522,1.251702856,1.116223348,-36.863741
-2.153009439,0.287100637,2.151164041,1.806282296,-0.553267659,-0.73228241,0.74627839,-0.238617029,0.893055927,-0.960613176,341.1298325
1.660747018,1.258618429,-0.435648499,-2.145832005,1.286307122,-0.895502452,1.452641277,0.094406007,0.710969407,1.076936071,-206.4666343
0.076375589,-0.262207124,-0.587028406,0.149668911,-1.054985647,-1.980571968,1.024162327,-0.371712262,-1.179324798,0.694135943,-73.74690581
-1.218061845,0.563881553,0.278903607,-0.286271234,-1.505234218,-1.123419263,2.902650262,-0.172827956,0.058161712,0.458498476,-29.05916481
-0.471558995,0.136081349,-0.057336811,-0.252152334,0.555761601,2.46377107,0.788201499,1.452588275,-0.370316258,-0.411349532,-2.269354677
-1.194731734,0.017237535,0.030851949,1.486163645,0.186836238,0.786798592,-2.260600297,-1.961420409,-1.080380337,-0.196204897,137.4104968
1.056056809,0.223238914,-0.905732301,-0.653766339,1.261921501,-1.773032468,-0.595661294,3.137748534,-2.135674214,1.374438093,-106.0335504
0.212026812,0.342523398,-1.417803361,0.804386782,-0.792223462,0.467059355,-0.742415507,1.151030141,-0.901751525,-0.811525356,-101.1513127
-0.29056221,0.545128838,0.482169182,-2.672894813,-1.7800993,1.852107018,-0.05806947,0.738624554,1.445616879,1.02099247,-258.7846994
-0.526788871,1.082876795,-0.41036232,-1.134390535,-0.725684315,1.127885533,-1.216066519,0.658037391,1.688407184,-0.769164997,-198.5539304
0.666542532,0.673768834,-0.856084872,0.111268519,1.541457195,1.280352021,0.674248308,0.290913402,0.718490297,1.516347466,-0.62887494
-2.285777244,-0.782591363,0.500917329,-0.982324272,-0.53187775,-1.364105994,1.605355962,-0.932371243,-1.571419998,1.223936344,-65.30510397
-1.076991226,-0.374499339,-0.521068877,0.134874158,1.859244148,1.245009049,-0.19340581,0.777837164,0.564555139,-1.107307637,41.21372074
-0.705804055,0.756642465,-1.474778541,-0.164514532,-0.365055033,0.959496077,-0.857172374,-1.056270408,0.773399816,0.491814401,-185.3654873
-1.209694743,0.59992873,-0.070498778,0.486501644,0.529692754,0.056649925,0.064474415,-0.144087556,-0.939335394,-1.975466566,68.80788902
-0.257430524,-1.011570276,1.92203694,0.017621311,-0.580879138,0.67654876,-1.561342983,0.448967556,0.062656145,-0.281242906,164.157107
-0.170592665,0.407418035,0.79115365,0.456770778,1.120056638,-2.486166568,-3.335901549,-0.507691978,-1.026434111,1.283888783,144.2391676
-0.154190068,1.519654834,0.170298683,0.385623913,-1.478575003,0.385199978,0.204785447,1.144911587,0.855081449,-0.407280056,-0.725160873
0.244208595,0.715398618,-0.922384629,-0.032697636,-0.376684153,-0.60217935,-0.132232729,1.439116534,-0.653900757,-1.754952237,-112.0965538
-0.024687249,0.066245114,1.231197181,-0.287673502,1.170091332,-1.299485147,1.064961616,-0.584789296,-0.139883514,-0.756214259,130.7494701
0.098485097,-1.577409087,-0.308961471,-0.421759615,0.743197345,1.000548326,1.097232786,-2.388974074,1.044697168,0.232013839,-39.17312505
-0.487098836,0.26189321,0.38559928,0.593921887,-1.259009985,-0.506731037,-0.372740091,0.461749321,0.0247586,-1.103163397,56.97305425
0.854944651,0.534468535,-0.323649045,-0.22669327,-0.37225652,-0.584493433,0.922173457,1.537854951,1.023702337,-0.129790829,-55.49970256
1.027060427,-0.64787229,-0.499247614,-1.873240112,0.635726526,0.127927202,-0.450368191,-1.1718313,1.015392329,0.406847635,-203.9960148
0.474771097,-1.181699783,-1.412363091,0.350177215,0.032579875,-2.318660596,0.148750087,1.036544076,-1.052924619,0.124433696,-101.0251261
-0.3607045,-0.219687045,1.515945146,-1.426483157,-0.807380056,-0.613363601,-2.067818376,0.386226064,-1.540432717,-1.152901944,-55.02615112
0.491445511,-0.229081031,-1.803750484,0.331470896,-0.098309847,0.439486048,0.364561477,1.475879151,-1.284387036,-0.680173476,-137.3994326
0.433546979,-1.236242784,-1.014670784,-0.097533954,-1.572489524,-1.875455239,-1.622725355,-0.112360353,1.148945042,-1.060392234,-170.8096251
-1.17405378,0.493534311,-0.668043908,0.765813814,-1.008831282,1.171129776,0.295845055,-0.435474048,-2.502608891,-0.148379258,-29.62108161
0.389216757,-0.774018853,2.951196598,2.475115746,0.914513098,0.160073747,-0.182552163,0.798645609,-1.053955979,0.293505019,521.8576609
-0.482375352,-0.003196225,0.272509766,-0.376288227,-1.080037214,0.073287682,1.376487749,1.415928344,-0.159968921,0.091268843,-48.52379715
0.722299971,-0.225122382,-0.174527033,-0.872196991,-0.623270116,-0.152061621,0.784405431,0.520229119,-0.997571917,-0.948063628,-125.356883
-0.532836269,-0.819266464,-2.061405424,0.430362642,-0.198569187,1.316176082,1.274653124,0.086761075,-0.662691483,0.924721806,-150.6570403
-1.290561422,-0.143258915,0.5873917,1.414187288,0.305243127,1.663732832,0.447393937,0.238554954,-0.448542837,-0.501234108,204.6400318
-1.76826351,0.584488789,1.685064345,-2.019926174,1.414840136,-0.298983997,1.091027909,-0.55048826,0.923982679,0.250147716,18.74943738
-0.566569304,0.552178555,-0.424012931,0.087830131,-1.475089221,0.07393235,1.19465991,-0.209660013,-1.24590235,-0.312592355,-81.46974297
-2.364728173,1.301625638,0.730157164,0.80954576,-1.998286677,-0.013346465,-0.456580054,-1.925151813,-0.15954528,-0.371259578,69.68251913
0.891303687,0.004229859,1.07036516,1.271892422,0.002287936,-0.243061199,-0.11081256,0.337957528,-0.055920449,-0.388243054,221.2536408
-0.281316471,-0.537947536,1.273549348,-0.534297899,0.173905656,0.446997375,1.779849034,0.252768055,1.486744159,1.067241181,89.78761518
1.532533091,-1.359066497,-0.611730036,0.227753921,0.370705567,-1.347343219,0.847637815,-1.810422882,0.092121282,-0.950238721,-12.61445954
0.379248007,0.752710601,1.518775005,-0.186343862,-0.274739489,-1.002555041,1.566052098,0.387168627,1.083369296,0.434425115,110.9706991
-0.700611159,0.210512058,-0.084064627,-1.502611964,0.953787847,-1.364735314,0.536949571,-1.373729272,-2.059803973,-0.223948918,-128.3631489
-1.351074366,-1.322457957,-0.331308383,-0.612236735,0.968184661,0.570612997,-1.085150527,1.244679581,2.949094425,-0.82541053,-65.21943321
0.336171332,0.702114139,3.691624501,0.142363292,-2.710566622,-0.337905326,0.08919151,-0.091948958,-1.464569266,-1.541409972,275.0728337
-0.766510093,0.558406289,0.189410906,-0.740904931,-0.208803823,0.391072991,-1.201828602,-0.595932862,0.003369826,0.025469344,-68.56395738
1.665474444,1.014370065,0.408252756,-1.702583604,-0.978372778,0.195845255,1.029155637,0.982690984,0.256029734,0.472597482,-153.3327768
1.594783796,0.749994705,-0.312712377,-0.474743455,0.719880584,-0.91101699,1.07137601,0.460175795,-1.154113227,-0.843522811,-49.03179261
0.839443217,-0.315159357,0.310832229,1.097694261,-0.697513613,0.797262438,0.828337468,2.462873965,0.520046494,0.194551007,103.5524624
-0.692350774,-0.659039275,0.392634116,0.453585524,0.84383951,0.436005775,-1.582223167,0.728941195,0.479507548,0.050227699,115.5607914
0.760934577,0.35395814,1.683373343,-0.16615056,-0.903850246,0.384237436,0.080284952,0.199593923,1.199248998,-0.406853072,107.962128
0.836991155,0.368497587,-1.424765654,-0.212451703,0.283788028,-3.922400252,-0.302097041,0.165859027,0.399996553,1.587400602,-142.3047916
-1.528040408,-0.964525593,0.742410139,0.355883359,-0.430628602,0.701949172,-0.064518271,0.304133728,0.685488218,-1.029412595,95.44661132
-0.83836188,-1.212657133,0.068906133,-0.132604078,0.653478982,-0.052755108,1.177000637,-1.671147165,0.536389219,-1.312467303,33.14619153
-0.840492986,0.68723845,1.314074982,-0.948748695,0.163360355,-0.97930023,1.061256259,-0.365152613,1.753194802,-0.433389567,19.28705917
1.866099624,0.376577977,-0.358445372,-0.458542422,-0.064135982,-0.166105194,-1.101281119,-0.500479308,1.247537146,0.483349447,-91.12240412
-0.787677296,-0.292317146,1.925927321,0.483911942,-0.205317645,0.810227832,0.247294053,0.114379761,-0.09707182,-0.760942981,215.9751564
-1.044976175,1.10941882,-0.110339707,-0.563638464,1.827770771,1.259191361,2.187067285,0.64996163,0.012490747,1.121082149,23.56804902
-2.017338798,-2.832325925,0.386382654,0.837764222,-0.539305014,-1.544937347,-0.679230653,-1.22032069,0.523223186,-2.91425599,96.9232818
-0.587442802,2.193314957,2.540992133,0.329237139,-0.63493249,-1.531903133,-1.817741204,0.100666039,0.225904245,-1.400465865,219.0944043
0.55506984,0.07615875,-0.405151875,0.360264998,1.398580796,0.339850054,-0.569812202,0.241369567,0.341893261,-0.597106299,51.56373514
-1.482073275,0.15703917,-1.197055005,2.706687941,-0.93115785,1.086915618,1.062572006,0.273521567,0.074851812,0.589369607,123.9438191
1.804004099,-1.773573442,-0.849959924,0.746457622,-0.595307223,-1.355462331,1.317021974,0.428771821,0.22977676,-0.173693376,-28.56387309
-0.809566802,1.901913149,2.235427435,0.809310904,-0.210834719,-0.224240956,2.480650918,-1.332125765,-0.084966597,-0.496963133,272.2258764
-1.877385768,-1.621758404,1.120580095,-1.394147692,0.618170101,-0.100603228,1.606403794,-0.403697833,-1.127028724,0.292945489,-0.244193688
0.107396356,-0.316766476,-0.621234365,0.796630479,-0.882631916,0.173465666,1.441555743,-0.113308904,0.180236385,-2.114610362,-7.175940321
-0.677362229,0.20935433,-0.387760923,-0.877777306,-0.433431638,0.238557532,0.004529291,-0.037217859,-0.725667603,0.697387479,-143.7777678
-0.497766087,0.353796508,-0.280523414,0.344718948,-0.601089566,-1.31112695,-0.036758415,0.399126808,-0.911676752,-0.365069466,-37.59547677
-1.89458115,-0.160038674,-0.826365285,-0.392229611,0.143428937,0.971930343,1.678179922,-0.941381486,-0.181733538,-0.072969432,-81.7815375
-2.100514316,0.652880371,-0.570484686,-0.479333044,0.349975536,-0.074349515,-0.450394441,0.129002758,0.005883778,-0.479049974,-102.476432
0.087516096,-0.424132898,-0.153497137,-0.123495104,0.404813354,1.203060509,0.200593579,0.684570892,0.207859701,-0.832150298,-9.234530662
0.157469242,-0.880952583,0.240405612,-0.945350073,-0.917197446,-1.084824571,0.159271972,-0.95330047,0.141657903,-0.245949785,-84.5615501
0.807978209,-0.975140467,0.849250087,1.188216757,1.881245598,-0.114244961,0.464263992,0.225820173,0.40995824,0.072402672,258.1469468
-0.448695683,0.234259264,0.155155343,-0.398283034,-0.17802329,0.577072184,0.11758863,-0.896367548,-0.578951757,0.151407396,-34.84933058
-0.321152187,1.065414778,0.93474813,0.224632316,0.297287095,-2.659281184,0.726514919,-0.886238433,-1.234645417,0.357065374,126.5756625
-0.544696287,1.290510998,0.296772507,0.798568127,-2.546005065,-0.784162742,-1.089224492,0.104286322,-0.263699066,-0.008789522,6.61821591
0.119123109,-0.582956921,0.457843908,-0.626132964,-1.483366148,-1.526654492,-0.665247776,0.225631875,0.338201186,-1.079036031,-70.0651924
-1.04061068,-1.046144001,0.627726053,-0.623793092,0.560264216,0.470887816,-1.467654564,-1.200846594,0.729921197,-0.873535412,-3.30496403
0.212852267,0.27761934,0.650645628,1.261106279,0.461232478,0.96261962,0.358557848,-0.296516318,-1.069865808,-0.102546331,182.7197564
-0.57519492,0.124854171,0.969096846,-0.292753341,-0.78775429,1.700332444,0.151118879,0.530184327,0.572410736,0.083061257,13.76392649
1.616521655,-0.659324135,0.315522941,-0.047858928,1.027718749,-0.422495895,0.251003543,-0.349261885,-1.516662546,0.179414171,53.86133823
1.699742742,0.56340436,0.674144005,0.716262496,-0.958928268,0.283224959,-1.255149067,1.791782274,-0.000131686,-1.466038201,110.8051038
-0.249019744,-0.018266049,-0.236894853,0.284418411,-1.045533383,0.927312035,-0.853011309,-0.064720587,-1.15304011,-2.003343978,-32.39850919
-1.755789384,-1.007257917,-0.559556468,-1.426375091,-0.79792197,0.739545925,-0.129294011,0.079577021,-0.299145002,-1.946027319,-203.824266
-0.578113459,-0.258008536,-1.151997548,0.10908297,-0.750729607,0.442316868,0.385970093,-1.770481138,0.928090611,-1.176644944,-101.2484371
0.375585749,0.830209388,-0.046162051,1.29979733,-0.697094851,-2.050293893,-0.545244569,0.9451189,-0.080984114,0.427851671,87.42136825
-0.049225507,-1.448445302,-2.034639238,1.385360172,0.567957433,1.530615071,1.647890642,-1.10170976,0.668189243,1.554376088,-26.91490103
0.184710475,0.937915538,-1.070852419,1.911419087,-2.025807873,-0.417909546,-1.280455571,-1.254922668,1.007443973,0.189479821,20.19484827
-0.506189061,-0.179514575,-1.567988266,-1.49246227,-0.393090201,-1.710603354,-1.001314654,0.51821895,-0.954618102,-0.922188905,-303.8992863
-0.782186744,0.156325144,0.867579478,1.430172744,1.62597796,-1.336269637,0.392128125,-0.86356836,1.535333717,-2.09369745,280.331942
-0.914989702,-0.406368359,-0.450393922,-0.002606231,-1.902124319,-0.121029047,0.065350362,-0.336996263,0.173880484,0.676837227,-102.0865383
-1.328186049,0.196861236,-0.013497225,-1.057710929,1.852278185,-0.601706612,0.822544912,-1.959670124,0.208863595,-1.22084365,-20.96889089
-0.715163807,0.629258139,1.207818752,-1.152821356,-2.097921484,0.567535183,0.89337481,-0.996892889,0.101690024,1.292234175,-66.64105017
-1.484424562,-0.084636387,0.182083113,0.379160192,-1.772399011,-0.793102916,-0.99156356,1.159497954,1.542133454,-0.53344027,-31.0557797
0.043828799,0.955802745,1.868603219,0.03480754,-0.547407523,0.3019609,-0.802199408,-0.571183974,1.089904959,-1.147159511,158.7704683
0.135068065,-0.91379432,1.842694222,1.666570769,1.632369668,0.767442782,0.669081112,0.65523276,0.225898432,-0.342222491,378.6164228
2.271449745,-0.404397423,-0.073972864,-0.075665604,-0.802824444,-1.576996482,1.972542177,1.489113108,0.505589242,-1.385987942,-26.96102619
-0.726774138,-0.877617357,-0.657035237,0.994558236,-1.113294834,0.891863022,-0.761760371,-0.04779925,1.57587581,-0.299696057,-21.19599244
-0.656584083,-0.613402726,0.345181909,0.736017243,0.965264001,0.283963598,0.764732021,-2.908862432,0.027498754,0.02047517,145.0958198
-1.263498209,0.094785946,-0.680700087,0.446207276,-1.211390909,-0.667661636,-0.253403563,0.374867576,0.481780036,-0.724959059,-74.74088791
-0.190394307,-0.184762932,1.800514113,-0.138742901,-0.813085725,0.122198705,-2.261824167,-0.170521974,-0.011103904,0.932297388,113.7641752
0.746611365,0.325577817,1.033881055,-0.407460107,0.5364139,-0.574100675,0.907962314,-0.21138423,-0.124285777,0.123479809,76.21447051
1.083855221,-0.889299849,0.910668373,-2.477343393,-0.202910642,1.023132423,1.111425957,-0.704617489,-1.072939723,-1.290078092,-156.4267381
0.961025212,1.596041035,-0.71047283,0.062552462,-0.156999041,0.102629629,0.855982673,-0.360861301,-1.535137418,1.111888085,-65.13498383
0.274930781,0.204445171,0.266826171,-0.67929032,0.315309627,-0.828205706,-2.227799557,-1.11629017,-0.285764716,1.477692873,-30.78305167
-1.437038902,0.890145309,0.771517941,-1.142903197,1.274118093,-0.054462183,-0.275570784,-1.507845964,0.319561789,1.74343982,13.80638415
0.936800591,1.679511047,1.74759554,-0.541185484,0.828934155,1.360270611,0.834784152,0.05644458,0.947073045,-1.38071678,144.6616108
-0.154690331,0.713877444,1.887625121,-0.965214077,-0.977364117,1.907490673,0.238737925,0.386166498,0.014694096,-1.273837325,49.41091068
-0.148283138,1.017795969,-1.335826845,1.847660003,0.753331172,0.126770601,0.308675294,0.019258967,-0.097189544,0.466455973,87.97554088
1.036432356,0.24877116,1.393495297,0.137541829,0.612956084,-0.055904033,0.781850358,-0.385289404,1.357184247,1.455328935,174.8965194
0.215543583,-0.01081697,-0.159374128,-0.052939885,-0.72035564,-0.620627339,1.070824517,1.074825247,-0.08862791,-0.729683949,-42.59241925
0.367234279,-1.119583254,-0.680763181,2.6203456,0.749479524,-0.206244095,-0.937168983,-0.123698666,-1.973972741,0.611994962,202.0399053
0.935973159,1.094934056,1.539356523,0.437017622,-0.387084244,0.220323292,-0.642721594,-1.989034196,-0.29259475,0.470571459,162.7554407
-1.943155196,0.333945973,0.735447325,0.04270982,-0.540909004,1.430619554,-1.126377844,0.992556892,-0.742952861,-1.415964453,52.16015008
-1.95491849,0.225392582,0.732889811,-0.199116238,-0.962623278,-1.37743665,0.697614475,-0.239080706,1.106406316,-0.220776604,19.97637498
0.689329187,-1.119760908,1.065751129,0.608280959,0.439778058,-0.288861756,-2.030796269,-0.309769178,-1.010878142,0.49986161,162.8630776
1.741272056,-0.607842206,0.97997704,1.391434325,1.927830773,0.517806587,-0.719004777,-0.233482903,-1.144214955,0.762733046,297.0390871
0.297540541,-1.507955381,-1.10972207,0.271857379,-1.032423336,-0.075570558,-0.916035564,-0.270232084,-0.533165987,2.25765689,-107.6900915
0.141601013,-1.115434254,-0.885871614,-0.532318141,-1.136270189,-0.818390255,-0.229281382,0.484597103,0.087341456,1.037275381,-169.6069282
-1.533864742,0.829783008,0.815774353,0.71588246,-0.563216386,-0.6681124,-0.005863503,-0.162334186,0.793443295,1.026296585,113.6768892
0.530595665,-1.07648205,-1.854609311,-1.305462022,0.016526414,-1.118924277,0.807660888,0.43244311,1.822072866,-0.309284293,-290.7557957
-0.741255368,1.538265641,-0.175243363,-0.808794118,2.232346033,1.828974756,-1.864269837,1.135036857,-0.439682009,2.244682255,-24.99064481
0.10376825,0.097307817,-0.008572892,1.008369434,1.195663938,0.351408066,0.516585358,0.57664958,1.614629834,1.129633537,147.2245842
0.873545976,-1.202529945,1.053823987,-0.202273731,-0.872090258,-0.220007894,0.76488085,0.859393397,-0.688340491,-1.399920842,41.02448685
0.454672741,0.551398343,-0.285095516,-0.472500893,-1.760636443,-0.499008264,0.079694067,0.619656692,-0.751023391,-0.604874399,-146.7852775
0.493555084,-0.770785046,-0.367828171,0.360155305,0.717722069,1.0087816,-0.843539239,1.40430229,-0.062423293,0.074345756,47.71487039
0.900205653,-1.474382869,-0.224258791,0.669252564,-0.272222172,-2.690275631,-0.066770818,0.260054515,-1.078660771,0.719183381,33.86578885
0.825414598,-1.726213962,0.763902909,-0.390394467,-0.449650194,-3.3755791,-0.466227392,0.548463274,1.003365893,-1.041452952,8.12664623
-0.533365918,-1.082669548,-1.448417475,-0.50389369,-0.180974264,2.170254863,0.847059921,-0.751817686,-1.482127599,-0.77264519,-157.9573818
0.994298827,0.254731137,-0.755498883,-0.101986655,0.607947567,-0.846497803,1.446944146,-1.052547192,-1.572989257,-0.660834236,-42.70341019
-1.571489188,-1.645512245,0.775089412,1.511322799,-0.691334861,1.152934177,-0.455662498,0.924098129,-0.241817913,0.737022856,204.8039454
2.16414981,-0.584364658,-0.425699708,1.298174339,0.935586073,0.02681872,-0.944543147,0.693606126,0.840365381,0.504989201,125.611727
0.047319738,-0.35040785,-0.932367852,0.073721891,-0.009504648,-0.647286093,0.959730413,0.056486244,0.639936514,-0.877876687,-58.67650177
0.236991761,-0.152797454,0.181881005,-0.39006125,2.077931642,0.95859314,-0.370785191,-0.878124578,-1.320235416,1.496102641,70.12781116
-0.703833258,0.885470583,-1.605633403,-0.076048908,1.175454012,0.158549653,-0.7602624,0.507879845,0.753912065,0.869762058,-112.248517
-0.78531792,1.948963111,-0.308215928,-0.346749891,-0.336544921,2.135321124,-0.644895859,-1.365795928,-0.523704283,-0.729437049,-61.589647
1.179297184,0.067518481,-1.534114171,1.277676822,-1.124642092,0.711614878,0.332314012,0.115674634,1.551151976,-0.748486537,-64.4284036
0.237027652,0.690143058,-1.969873784,0.783174975,0.829958332,-0.604233092,0.5244738,0.180854532,0.024183246,-0.530154415,-75.32179161
1.256197439,1.187713384,0.063232147,-0.27583996,-0.423901072,-2.114693599,-1.158603264,0.897655772,-0.514088804,-1.815648976,-56.64812058
0.272633514,0.342225579,0.671017805,1.067997778,-0.10200628,-0.541473007,0.938969469,-0.998936376,-1.254022652,-0.063877833,154.9612592
0.385564022,0.205543421,0.508119548,2.504668145,0.88364534,-0.760462887,-0.797835019,-0.972936232,-1.032273633,-0.116735531,327.540734
-1.475853723,-0.874548524,-2.012675314,-1.20326879,-0.508582979,0.392154358,-0.233596936,-0.382756112,-0.24354225,-0.205537665,-309.2703588
0.911813594,-0.668778239,-0.85553267,1.179538268,0.018796192,0.259478823,0.517275427,0.834100572,-0.507531344,0.62923818,52.04709885
1.292293747,-1.395890234,0.05237284,1.163495,-0.218558338,0.797510307,-0.704851511,1.165325599,-0.495483681,-0.601652429,111.6339756
0.08551333,-1.715708319,-0.654769776,-0.510608499,0.644689803,1.597397293,0.079915264,0.72303794,-0.98786591,0.320930062,-75.94556792
-0.558301754,-1.100154233,0.230070759,0.497743089,1.795211356,-0.320667626,0.665924252,-0.617253187,0.8389405,0.421586611,136.9626705
0.673965152,-1.517949115,-0.885735601,-0.262816843,1.032538898,0.189647955,0.044823132,-1.316569793,-0.908464338,0.662678358,-63.22694033
0.659245668,0.937570138,-0.792419921,-0.30796153,-0.144518671,-0.675178275,-1.893614667,-0.817088631,0.001205475,0.213293707,-119.0284311
-0.400865335,1.299631285,-1.133946336,0.080385039,1.770641872,-0.141584419,2.203309815,0.506636455,0.12592382,0.63215163,-19.28166358
-0.327979625,0.524730894,0.117895592,-1.235219571,-0.309595518,0.241590257,0.865161487,-0.279016462,0.362233413,0.249790433,-126.2316135
-1.189232465,1.053985771,-0.95091073,0.318521005,0.279267838,0.749900239,-0.991696663,0.297244273,0.189328307,-0.632880275,-46.23733773
-1.564973893,-0.600887176,-1.109750128,0.323247188,1.07147593,-0.457676993,-1.547569794,1.676454962,0.192989642,0.203943858,-34.90779112
-0.564055891,1.030619669,-1.038885181,-2.293878573,-0.47314628,-0.776310927,-0.580222799,-0.575655658,0.630720845,0.023488459,-314.0016863
-0.220261003,0.948903956,2.151541064,-0.329791181,-0.013973682,-0.114331099,-0.982483903,-0.073772864,0.49698572,0.438325429,163.2249005
0.362448609,0.229591826,-1.194372632,-0.796114231,-0.95961638,1.106109709,0.048718019,0.971421886,0.788450005,0.355631241,-207.1669212
-0.258958919,-0.145536102,0.774213609,0.149572842,1.124831535,0.657660794,-0.037264079,0.694886924,-0.224662553,0.537606349,130.7731454
0.906679032,-0.402169157,-0.671001745,1.087791711,0.288165387,0.095055224,-0.436080217,-1.54268199,0.526503118,-0.637211825,55.12483684
2.064220135,0.158094876,-0.264545899,0.365759986,-0.766322525,0.894232775,-1.941567801,0.492014281,0.346117329,-2.384905509,-27.79968174
-0.180474231,0.91038385,1.326695183,0.647003972,2.092856924,-2.078805013,-0.965028208,-1.122661567,0.79042017,-0.068103625,261.1888706
-2.366968958,0.076192421,0.150684229,-0.769050108,0.139223398,0.472096691,-0.432976265,-1.473840897,1.22846649,2.258460796,-51.71297776
1.74517138,0.979749193,0.547889942,-0.164762951,-0.895954212,1.322124424,-0.4763778,-0.05895133,0.742906111,1.357570923,4.698248494
0.394002162,0.123379016,1.045257914,-1.53833558,1.855584036,-2.077644782,-2.1041958,0.96149329,-1.120244196,0.029617587,13.83921932
-1.438720101,-0.225262642,-1.226179358,2.196646055,0.962502886,0.681743409,0.767479345,2.365407772,1.089536583,-0.001714154,136.5277427
-0.715303709,0.679597749,0.68626019,-1.612715871,-1.867265193,2.314658567,-0.471931866,-1.077744778,0.064280019,1.088950597,-172.3181614
-2.23228171,-0.809554516,1.090568147,-1.75482906,-0.814318399,-1.211218198,0.129735741,0.130778682,-0.082389288,0.123676442,-84.96593584
-0.395092757,-1.719491022,0.099534002,0.218030124,-0.36238454,-0.567378726,0.434959186,0.450237235,0.529291133,-0.439359884,21.77824529
0.146903673,0.333913681,0.242474026,0.326660804,-1.974206728,-0.362312831,-0.440483483,2.397521718,1.071840258,0.186699724,-27.31405312
-0.705011856,-0.055769078,-1.993735643,0.37405657,0.833528962,0.330880232,1.227668992,0.419019009,1.672572387,-1.209641019,-85.97137819
-0.451589234,-0.44292867,0.236172309,0.672383716,0.767339353,-2.689713133,-0.526385928,1.560005302,-0.831985002,-2.141777335,96.63316423
0.332059121,0.235552211,-0.854509478,-1.727561038,1.252279946,-0.113827814,0.148770349,3.215374196,0.530986829,1.855978922,-202.7167329
-0.539229537,0.506278471,-0.416594046,0.113494346,-0.687523832,-1.175979804,-0.556814758,0.370613972,0.759770859,-0.869129242,-64.30591572
-0.031049035,-1.442444421,-0.189720403,-0.169485673,2.602934042,0.825212647,0.559732039,-0.404007426,1.339232986,-0.2843515,76.67780939
1.206818581,-1.129116056,0.404748143,0.351909067,-0.160581903,0.566595734,-0.509020626,1.812087809,0.600127172,-0.355379877,58.34648526
0.820232398,0.817306204,0.502499696,-0.890748864,-0.424831348,-1.633922959,-1.426826577,-1.694973439,0.862543485,0.069337162,-85.77609404
2.502902335,-0.597940298,1.199403643,-0.061125726,-0.780532758,1.049782472,0.856153189,-1.648809878,-1.966845088,-0.767311966,72.96160168
0.394644083,0.358299815,-0.161285434,1.372278913,-0.671211075,0.939202852,0.496381647,-0.599302789,-1.014916571,-1.07947392,87.43497815
-0.618160449,0.898511705,0.032143147,-1.725771125,-0.754866197,-1.120417919,0.022339239,-0.292685459,0.151407391,1.693547133,-185.8037498
-0.012891784,-0.37387408,1.692744617,-1.224410218,1.440574298,0.425864578,-0.402873835,1.122848095,-0.550611626,-1.479215254,98.86557064
0.020560154,1.183668874,0.244634421,0.472495563,0.94549725,0.559138188,0.105431123,-0.311797783,-0.228978669,0.797520112,108.2970055
-1.032523904,0.39792705,0.197292266,0.311308673,0.463184795,0.296575545,1.699957375,0.941310581,0.190635591,1.071543152,63.09205947
2.405679674,-0.439011014,0.335233573,-0.589889279,-0.626513332,-0.052525102,1.595036264,-0.604961754,0.680886212,0.693457507,-50.49939347
-0.613182128,1.050117866,-0.280974485,-0.340819592,2.485031976,0.73049883,0.430774176,1.037264389,-2.54415462,-0.798296408,31.68329233
0.227495876,0.635967751,-0.852386766,0.475365611,1.373914385,0.993782215,0.632454217,1.609520666,-0.771771957,-0.474178175,29.2802544
-0.227770979,-0.940015932,-0.290441482,0.444145171,-0.204355727,0.891343902,0.815754487,-1.018869957,1.040057891,0.602473436,10.2539728
-0.727961865,-0.225271308,-2.049438492,1.976576667,2.052557533,0.760873681,-0.259871764,1.564496774,1.1610927,0.964899869,68.45820982
0.201895216,0.309323499,-0.627047167,-1.029944724,0.25333076,0.326678498,-0.689597346,0.413831738,-0.655825945,-0.326029317,-153.3443184
-0.159907901,0.544821339,1.348751054,-1.060111427,-0.154831341,1.8040336,0.433297122,0.882573507,0.696485902,-0.47338965,15.88678735
0.89295387,1.829620202,-1.103669829,-0.330789224,0.522142546,0.978422112,-0.780199129,0.893697689,-1.196788646,1.330574904,-121.0060343
-1.345831296,0.579472819,-0.178857826,1.024645642,0.082073273,-0.786693659,1.150741501,0.817744161,0.617154548,-1.372080435,74.769365
0.128530579,-0.918236034,1.324940112,-0.51514038,0.776778296,-0.757050409,0.357610776,-0.315169955,-0.613987194,-0.205269924,90.91657045
0.174923467,-1.136890692,-2.302118051,-0.152544948,0.798438726,0.806475555,1.384100031,-0.3064518,1.139241818,-0.438114927,-168.971801
-1.381715018,-1.086899409,-0.438530718,0.425087552,-0.79801538,0.226925626,-0.377953835,0.479730374,-0.553208505,-0.585346189,-25.22873023
-1.232431239,0.952461971,1.315508291,0.210496299,-0.749171727,1.292060334,-0.160419382,-0.35368576,-1.05563949,2.500900498,124.7499138
1.316698065,-0.829130184,0.711827369,-0.526087688,1.360729847,-0.236177898,-0.406216257,-0.032372786,-0.572560593,0.38069653,56.71483421
0.063697205,2.057028249,-0.925667143,-0.417538228,-0.699054625,1.460415178,-0.278388787,2.633383565,-0.328147103,1.638512436,-148.3808522
-1.345014484,-0.861049672,2.202013925,-0.356092049,1.218480215,0.954085102,0.10957158,1.532873356,0.001976845,-0.416438433,204.9534918
0.641475996,-0.757578703,-0.473191188,-0.857569743,-1.190332925,-1.083532003,-0.273907023,-1.468182732,-0.750860502,0.638840061,-169.0924935
-0.171994985,-0.426171908,0.791527737,0.545176176,0.760076112,0.007217146,-0.618431167,0.811998932,0.795404473,-0.650129043,140.5817016
-0.107983686,-0.112981123,-1.942570571,2.359614259,-0.972335004,1.325004655,2.268991612,0.963226534,-1.270488246,0.188453596,23.5963236
1.885428367,1.507030593,-0.790834622,-0.777745104,-0.98002512,0.657020629,-2.997353218,0.916686597,0.939980995,0.566866665,-192.1175913
0.234990159,0.31707841,0.157715354,-0.526011828,1.487139148,-0.28373435,-0.007031593,0.597582115,-0.203505535,0.825917132,16.70673546
0.287810497,-0.582966219,0.469502481,-0.449684123,1.860476353,0.429769622,-1.359679088,1.878042035,-1.295628339,-1.221287006,47.09362672
1.045543358,-0.585388011,1.547899047,-0.121866263,1.046164314,0.099305956,0.875796966,1.95809023,0.158749868,1.033653479,171.0212995
0.548998498,0.748373673,-0.597374138,0.316280429,-1.0203427,0.50763187,0.182018471,-0.154237947,-1.792088994,0.463075406,-49.75948218
0.333404437,-0.164659522,-0.675709102,0.565235833,-1.402824783,1.393390849,1.508294175,-0.434657335,-1.026224085,0.650440427,-55.59917578
0.31698358,1.332997236,-0.626364756,0.907769999,-0.340797055,-0.351922373,2.871475377,0.295532475,0.424768074,-1.113714589,21.85010097
-1.639484163,-0.392471106,-0.889240828,0.955300558,-0.455539526,0.869154592,0.876046793,-0.229548655,-0.603980626,1.472670676,5.93215786
-0.085242929,0.601780603,0.927973537,-0.151345735,1.076575315,-1.133459639,1.139186313,0.977965013,-1.265085598,-0.447221129,133.5691074
1.357341496,-0.169893202,-0.837106327,0.283476604,1.69045267,-0.535164267,0.84831722,-1.42886615,-0.188476819,-0.0772895,16.63816323
1.086913283,0.734605663,-0.134385631,1.073911346,-0.44950091,0.731081642,-0.963575808,-0.871489521,-0.443359222,1.443456291,60.72055402
1.45188677,-1.253967229,0.635103024,-0.006002616,-0.560946705,-1.672067807,0.578240134,1.095381375,0.044399673,-1.463356388,51.12378935
1.048707126,1.655407113,-0.300859747,-1.209476935,-0.283138897,-1.161783844,0.388978729,-0.7557915,-0.194269132,0.251473609,-157.3147893
-0.298820089,-0.358244378,-0.673790106,0.957537163,-1.076381187,1.082999939,-2.712612564,-0.476553801,-1.430831202,-0.149455693,-5.677049931
2.030953617,-1.294973974,2.073256707,-0.109369066,1.364869374,-0.254436728,-0.539264711,0.081896675,-0.309060259,-1.317810937,234.262229
2.339696349,-0.104343196,-1.055596266,1.27815517,-0.062407818,-0.072585922,1.956992599,-2.737337056,1.423386093,0.907409652,26.09212063
-0.298588688,-0.654553783,0.908911724,-0.445878215,-0.493135659,0.496948084,-0.000941865,-0.99419135,0.533841904,-0.604483709,32.44556893
-0.149468694,0.913216259,0.794441109,-0.129539741,-0.961915511,0.157847512,0.648612025,1.678873123,-1.141198131,-0.985772136,26.34001732
0.107603436,-0.608591806,0.332346371,0.65940179,1.801045197,-2.299455524,0.301001234,0.270921343,0.078077714,0.573767761,145.8176221
-0.312417338,-0.623010407,-0.854214368,-0.543173216,0.510456731,-0.488531062,0.45540084,1.233913878,0.741415095,1.453859104,-99.74120703
-0.02412911,0.51060069,-0.636845214,0.741016951,-0.0787884,-0.766352609,-0.288150262,0.194955092,0.157634558,0.150474499,11.87992524
-0.179251025,-0.110005499,0.753419464,-0.614538784,-0.661541443,-0.745942126,-0.856348518,0.013043374,1.118632334,-0.611633737,-26.93351799
-0.113822627,-0.859760636,3.264289511,1.311571387,-1.40796021,0.364308909,0.622302677,-1.310186239,-0.618728045,0.075630371,365.1364157
-0.510832204,-0.245343297,0.302731287,0.505557273,0.64804571,-0.71965008,0.38973848,-1.857056191,-0.075847637,-0.681403,88.08225931
0.906306738,0.801151962,0.348017524,0.457833049,1.116361452,0.246106416,0.167958896,-2.715098194,0.467085614,0.682693511,116.2964872
-0.766864038,0.068072269,-1.391958381,1.704102078,-0.705773483,-1.820760278,-0.115109694,-1.121751103,0.889153825,-0.345919329,14.73764035
-0.663900746,1.377686887,1.434246468,0.815839033,-1.13558251,-0.685899511,0.64472103,0.944131256,0.502714872,0.908555482,168.5729425
-0.758970699,-0.978740836,0.857898825,0.553569531,-0.312668446,-0.208668371,-0.257300001,-0.851662174,-0.129034115,1.082112313,124.4871846
-0.749675112,0.956579931,-0.300403959,-1.395898461,-0.246859172,1.57971878,0.419217013,0.580091726,0.442436913,-1.174222282,-154.5526611
1.194762862,0.894647188,-0.179093285,0.395819781,0.111372602,0.034027411,0.692855756,-0.284155098,-0.985803809,0.734637545,44.12360553
1.74458387,0.859833561,1.434309669,0.284754593,1.428760162,1.0725418,-1.963289148,-0.081067105,1.048399888,0.460824865,217.4433084
-0.848542734,-1.381731281,-0.197129098,0.405674475,0.689417324,0.386811691,1.812735417,0.636913022,-1.839094273,-1.345542084,62.4389736
-0.599754238,0.297291628,-0.117967584,-0.541169097,-1.037591871,-0.310483564,0.495586143,-0.808388837,0.089834122,-0.885327561,-119.7228803
-0.187404535,-0.219273285,-0.00906863,0.185314516,0.546928011,-0.517830406,0.95743146,-1.407644811,-0.38975639,1.175487421,55.14157995
0.132928465,0.481495321,-1.825901094,0.363584274,-1.145067916,-0.594413699,0.654641993,-1.170461709,-0.014970418,-0.39669618,-184.2398559
-0.351458365,-1.567465543,1.021669024,-0.268338454,-1.545386239,0.5461658,0.244726734,-1.043146882,0.224987061,-2.234014397,14.6553803
-0.713952912,0.54514088,-1.713743574,-0.46685541,0.452005369,-1.592008457,-0.36378453,1.03256172,-0.348851997,-0.770119107,-199.2615364
-0.877217882,1.207668005,1.252782875,0.376888204,-1.459431191,0.874600336,0.283003726,-0.376254172,-0.825400451,-0.569028301,95.96358395
-0.10218778,0.338601246,-1.458192484,-0.274129197,-0.955814183,-1.79186174,-0.436020898,-1.199075318,1.856133799,-0.480756507,-191.259478
-0.451158858,0.5517408,-1.287163569,-1.397118185,1.325796648,-0.093636189,-0.583599326,-2.832155598,-1.519346075,1.038378851,-211.3382136
-1.57227578,0.098887216,0.139681965,1.453397106,-1.32064166,-0.602957809,-0.389211145,0.340870791,1.01037085,-0.080961425,94.14161877
0.819373268,0.423889482,0.750872779,0.654431027,-0.84243263,-0.101994717,0.972056966,-1.558786995,-0.599822023,-0.013304635,101.6209166
2.847009589,-0.467609533,1.099073063,-1.366246629,0.599441015,1.092525415,-0.414005235,0.639362843,1.717580205,-0.924692231,-8.457061683
0.399366643,0.433794074,0.506647989,0.252818905,-1.396043815,-0.238501433,0.279008887,-0.938368251,-0.640216466,-1.381743641,2.670891136
-0.66193518,0.399004759,0.12150301,-0.955754358,0.079995855,-0.42918229,-0.398701782,0.256719173,1.184299431,0.077374283,-69.4714736
-1.62463307,-0.312323974,-0.902844159,-1.812787724,1.453115486,-0.124304811,-0.028946715,-1.135488136,0.670936939,0.587076068,-204.4880832
-0.214057771,-1.09629559,-0.357004489,-0.717635592,-0.323256953,-0.701727347,0.013872072,-1.487177815,0.100322956,-0.558277596,-106.5269048
-1.866539951,1.00751369,0.744191971,-0.181224173,-0.647541806,-0.358340152,-0.649373038,-0.600423566,1.419603005,1.321304032,23.98563514
-1.083546192,-1.664182955,-0.196469225,0.75469375,2.001575745,-0.324432582,0.718913837,0.820982092,-1.845394325,-1.180023914,138.6817029
-0.472582037,-0.232438349,1.012688463,-1.196803156,-0.04237053,0.689551183,-1.085607006,0.506417696,0.421668498,-1.140769466,-35.20546457
-0.251779074,0.477811846,0.953088055,-1.217803305,-0.375717909,0.074564062,0.430077648,0.068931052,0.223038025,-0.653690687,-30.65521562
1.009875874,0.405873926,-0.077740653,-1.277405389,-0.275013472,-0.810738328,-0.360817182,1.113014662,0.72945389,0.914503217,-139.7488329
0.703795884,-0.367863294,1.548917953,1.486159237,0.25223148,-0.715337569,-1.950077927,2.89064299,1.484520766,-0.00335762,271.8773875
0.207325834,-0.301845894,-0.59385599,1.106853624,-1.284588831,-0.096845661,0.098512221,-0.177029456,1.469643887,0.892664419,-15.35754178
0.928767535,-0.438078648,0.971088338,-1.403698385,-1.741491657,0.846045009,0.962607274,0.579298645,-1.231868688,-0.353817526,-110.047306
0.753056177,0.044551205,-0.961288026,0.901961874,0.910770703,0.327747836,0.640153206,0.063436533,1.452582979,1.470022865,32.22528298
2.529927749,-0.993593004,1.871074482,-0.850884089,-0.565060474,-0.636223713,2.441221722,0.476240353,0.092055137,0.43712678,91.17130387
-1.395549195,0.305541941,-1.337932219,1.163785716,0.093993107,-0.653166184,1.096413714,-0.509147935,0.119936102,0.361888147,-5.642487269
-0.473809902,0.124353649,1.564760674,-0.403873399,2.237225074,0.978252418,0.868562841,0.427293115,-0.6594511,0.33940668,210.1505617
-0.237863667,1.857697273,-0.073946408,-0.82834457,0.439259489,0.404762433,1.444629835,0.020072285,-2.192568859,-0.588600511,-72.67844461
1.676423418,0.726035999,0.294016399,-1.50315507,0.809541888,0.704789442,-1.044666531,0.439842886,-0.010939052,0.454875801,-71.07770791
0.705655699,0.131228123,-0.054077849,0.338487802,1.291504406,0.169239563,-0.557707482,1.243255054,0.834762435,-1.103064651,86.3880868
-0.534857906,-1.651539713,0.950241652,-0.345703906,7.19E-05,1.92794918,-0.058015094,0.253242422,2.465927331,-0.453364654,67.12482521
-0.566394591,0.831616786,0.808919269,-0.584455292,-0.299181772,-0.596411408,-0.749357689,1.820543908,-1.176962113,-0.221536598,-1.632970945
0.401749625,-1.241829371,1.721999105,-1.358927639,-0.202411746,1.863767209,-0.343908046,-1.30107738,0.792100909,-1.014397454,38.61586761
0.928730687,-0.609708426,1.151964089,-2.010886353,0.31736466,0.830011107,0.989787919,0.69585216,-0.912723052,-1.121005159,-59.67905518
0.142703076,-0.282314625,0.910695692,-0.493967101,-0.548429124,-0.713258268,-0.617535947,1.127185075,-0.729179052,-0.592512596,22.35631689
1.184984448,1.81731082,0.146747472,0.329958788,0.310479277,-1.478113714,-0.75411248,-0.097794997,-0.47601,-1.116919512,43.48188488
-0.000445423,-1.106023201,0.505170723,-1.357840039,-0.828945404,-0.25204902,0.083764233,0.52678258,1.757310382,-0.633697467,-103.8986304
0.555422853,0.551360302,0.755473768,0.0933964,-0.10039877,0.22686832,0.481851738,-0.26896206,-0.604537726,0.213602705,87.61542645
-1.621136354,-0.051269615,-1.130804205,0.50906839,-0.22137091,1.412667803,-0.391056857,-0.812212836,0.144905934,-0.207101106,-68.9357711
-0.198585541,-0.113647749,-1.274728819,0.344366287,-1.275694385,0.986712637,1.714482819,-1.899144727,0.087066795,-0.87660875,-110.0702666
-0.677746498,-0.624238624,-1.197027845,0.028898498,-0.100524492,-1.815845979,-0.724199376,1.115664971,-1.333441283,-0.655839851,-116.9938402
1.074950639,-1.181860677,-0.378678693,0.178956411,0.740024253,0.554745808,0.063378869,1.256442974,0.170503278,-0.148170405,7.589306337
1.366746737,0.313143023,-1.570236654,1.23228383,1.516288451,-0.920583226,0.038915828,0.733348007,0.167002922,-0.489466995,48.05647566
-0.984654785,-0.792523447,-1.484056665,-0.208468211,-0.43030932,0.508608373,1.206608155,0.126267736,-1.055089368,-1.527167857,-167.6154155
0.014692239,1.539483243,1.240624319,-1.209657461,-0.750301311,0.213349276,-0.957705773,1.542959334,-2.507899501,0.168022848,-38.38543788
1.139555536,-0.387361965,1.678674673,-1.911640551,-0.698199675,0.633661025,1.311167498,0.079801484,0.859584872,-0.224318971,-35.47866354
-1.207653606,1.794820585,-0.209940346,-0.708918116,-1.817756597,0.711888848,-0.360702927,-1.286563078,1.660137641,-1.529390757,-139.5872258
-0.53235567,0.968623786,-1.460150262,-0.275852715,-0.811144015,0.31325126,-0.119085842,0.297352543,-0.71385416,-2.210699527,-168.3433058
-0.023871069,0.437021621,0.576233454,-0.797563529,-0.450963948,-0.509374198,-0.246964768,-1.049559266,0.24722547,0.898667392,-50.29698174
1.757935074,1.617538092,-0.3594302,-0.124096827,-0.284896679,-0.848056026,-1.767772132,-1.904554504,1.190244148,0.806726194,-52.38691626
1.136009401,0.520693665,0.396490357,-0.087851921,1.564746191,0.131558963,1.461603635,-0.779167736,-1.696125651,-0.470499103,97.60061477
-0.2338978,-0.196093211,-0.2151138,1.542276628,-0.805526683,0.532783209,0.99435152,0.543032279,-0.49987243,0.9022714,88.96042571
-0.435077242,-0.311675886,-0.6838489,-0.009159039,-1.362043371,-0.320783862,0.060785373,1.178843444,0.081277168,1.926285855,-116.0108429
0.136732656,-0.879913405,-0.747424246,0.560414632,-0.5296082,0.45041196,-1.73029548,0.487786018,0.633572744,-1.751108606,-53.50058108
1.436158506,0.112567255,-0.138581983,0.362092737,-1.34165212,-0.039296543,0.869959269,1.352271138,-1.432601637,0.248956739,-29.3537871
-0.483759072,0.072114478,0.12412973,1.921497821,-1.021468467,-1.8372243,-0.459587546,-0.59942132,0.489669759,-0.169188429,153.3078952
-0.405988602,1.120895425,0.422519744,1.441448903,-0.890196076,-1.939646815,0.054085413,-0.848705924,-0.879920603,-1.21358989,148.3847808
-1.571762973,-0.131562186,-0.152337547,0.002622817,0.185343103,0.766606911,-0.045560757,0.443159986,0.517104839,-0.209131105,-11.14445209
-0.516429644,-0.196466583,0.895355431,-0.631577729,-0.80431576,0.629529584,0.253165238,0.454740912,-0.033612565,0.820344013,-2.827891547
0.496366244,0.362511011,0.069169793,0.208919273,-0.268127031,0.101555986,-0.640099652,1.267182132,-2.050139043,-1.218711101,21.29504715
-0.529760204,0.513267433,1.477894045,-0.518270218,0.357112572,-0.219671888,-0.808493603,0.32875111,0.915402118,-0.501757044,96.76568364
-1.292625347,-0.532168563,1.991553302,-0.832061305,-0.403075989,-0.674934019,-0.550115283,0.207802507,0.840734482,-0.147025423,69.53476782
-0.783765666,-0.690541052,-1.292262695,0.689707805,1.381454079,1.749583904,-0.502974771,-0.2344078,0.294224129,0.263487215,0.151757901
-0.050879652,-0.919810613,-0.411206811,-1.322117941,-0.192915371,0.875281427,0.525639923,0.386446184,2.565154059,1.318779685,-181.523579
-0.624127347,-0.329203459,1.379249426,-0.575493896,-0.164240132,0.284615953,1.286871922,0.932522716,0.108133442,0.216866761,75.44749858
0.070197792,-0.635885898,-0.75337634,-1.122943643,0.112878764,2.029554788,0.927527588,-1.151519357,0.379924178,-0.647861937,-164.0971964
1.956904175,-1.029723598,0.258558571,0.635851545,0.746880094,-1.126594173,-1.165743053,0.42686865,-0.80290841,-1.812357283,81.42128247
-0.913205887,1.102177082,-0.271752423,0.88453035,-0.163558315,-0.881881563,-1.868071124,-0.457807064,-0.099082623,-0.051369296,39.63205381
-0.319164483,-0.659954013,0.860120392,0.301812486,-0.959607312,-1.400245229,1.634274486,-0.407898925,-0.361513227,-0.29919515,80.24012524
-0.692640225,-1.201373744,0.54425685,1.489647842,0.478504474,1.66831112,-1.651734944,0.742275233,-0.23606983,-0.358601215,208.8755346
-0.172486884,-0.299326973,-0.658802826,0.453579852,-0.85910398,0.194990292,0.933440408,0.668638571,-0.069133565,-0.322790201,-73.94000807
-0.130013973,0.041681207,0.036279293,0.457609742,-0.487869088,0.251592807,-1.370256589,1.761501893,1.190728649,-0.006616244,39.20250476
0.480304622,1.876464611,-1.542009256,0.43475053,-0.416200236,0.339954453,-0.163427803,-0.418657058,-1.58520136,0.156309349,-138.7888998
-0.457905765,0.96673332,-1.94581177,-0.499103491,0.570391655,0.015131077,1.842122108,-0.634044952,1.537646034,0.479227552,-195.8827452
-0.928662677,-1.692016558,1.717780066,-1.087849116,0.772781466,-0.023717763,-0.250458604,-1.521808376,0.273739378,-0.524811084,78.45183435
2.022174859,0.004098437,-0.724488861,1.190109646,-0.275947723,0.937447515,0.317542757,-0.736427984,-0.417742367,-0.684057641,30.69318633
-0.209639993,0.608491649,2.426178004,0.368352004,-0.330658662,1.493928144,0.97726337,-0.251778674,-0.049466571,0.179695381,267.2242378
1.387710636,1.853816176,-1.590300901,0.324647905,-0.136218585,1.10134504,0.668610335,-0.082887809,0.022545267,-0.7696169,-113.5707571
-1.388304508,-0.520689096,0.596695381,0.03321018,-0.70935891,1.000803043,2.0211936,0.015353452,0.695164583,-0.216300328,50.9044179
-0.867975423,-0.213593242,-1.525571708,-1.154163385,1.917259148,0.34210604,0.855201508,-0.015471641,1.313782177,0.26429021,-161.9584679
-0.526555133,-1.322347435,1.933359748,0.256750799,1.846395921,-0.825832773,-0.011515088,-0.805991731,1.094798502,1.030659808,257.6370545
-0.359279035,-1.722228561,0.388182293,-2.588359164,-0.1269292,-0.748157937,0.016919799,2.942752646,1.402362653,-0.746121013,-205.1547225
2.220321858,0.606237193,-0.73185921,-1.242419674,-0.991194218,-0.07229266,-0.477344858,0.700221911,-2.37756983,-0.596623694,-232.2374512
-0.614766062,-0.976059186,-0.052790694,0.670439908,1.209254734,0.695676868,0.112446764,-1.153859901,-0.829278198,-0.251244606,137.0781859
-1.700064947,0.184238081,0.187683135,-0.816493756,-0.084227762,0.519679701,0.121946973,0.642549845,-1.18043502,0.118545892,-72.95156605
0.888052854,-0.557070194,0.718479739,-0.305819463,-1.11855096,-1.574729373,-0.664009778,-0.70320688,-1.71964714,-1.405728144,-10.40574427
-0.002368916,-0.543606896,-0.837405725,-2.106889115,-1.433730025,0.441662564,-1.423958112,-1.481145725,-1.964536038,0.17852917,-346.1791861
-1.497901773,-0.656303778,-0.152761069,-0.377764591,0.425628714,0.318362691,-0.709700175,1.547238005,-0.976085745,0.051578082,-30.76097815
-0.445416128,-0.018775151,-0.153927278,-2.265078182,0.765835714,0.300924437,-0.571715045,0.695884022,-1.438248513,0.905722072,-209.4783672
0.958707845,0.153547976,1.55359481,0.385108032,0.818908306,1.006240747,-0.04426012,2.244898414,0.698903792,1.145216687,207.2668761
-0.313985603,0.142026657,-0.998232095,-0.050907004,-0.360221269,-0.53400504,3.132434695,0.065944336,-0.998705686,1.856442316,-89.74699235
-0.055847413,-0.478217869,0.046937551,0.893627537,-0.640658576,-0.441486415,0.031321113,1.524870971,1.534000878,1.40989476,66.25661775
0.683328993,-0.20931382,0.482248953,-1.237662422,0.742682418,0.075955268,0.869156064,0.037937835,-0.763286104,0.887290837,-68.09014552
0.66088483,-1.336574619,-0.360711293,1.733028623,0.134818365,0.574577901,-1.154472841,0.298960613,-0.452368085,-0.496596064,127.6846163
-1.014477491,1.180643232,2.00331188,-0.327327441,-0.952968834,-1.081945879,-0.662643394,1.56765036,-0.316907049,-0.158436644,125.621709
0.648546748,0.042263065,1.480183077,0.508763331,-0.100027859,-0.651952154,-1.628254048,-1.212740615,-0.06431045,-1.769510236,149.8699738
0.163334681,1.461717016,0.619083169,-0.375508981,0.540589542,0.881062187,-0.656097236,0.294082039,-0.497317146,1.269255672,42.42661984
0.505965553,-0.728272202,1.450927548,1.807196644,-1.195293764,-0.077443461,-1.682658694,-0.964537795,-0.279810342,-1.024028591,244.1420661
-0.385021812,0.382988985,-0.606865178,0.457686586,-2.120700153,-2.238231233,-2.747504843,1.388337778,-0.526247857,-0.499730176,-109.1981567
-0.041802933,-1.536581017,0.521025958,0.102939807,-0.538350181,-0.085265241,1.13031081,-1.064114154,-0.192420162,-0.740041283,25.21900509
0.703493523,0.994410281,-1.241299273,-0.572475024,0.764292581,1.515396749,1.256221344,-0.818952445,-1.14884012,0.141878043,-117.3863413
1.218257923,-0.373003725,0.850245519,-0.471113024,0.715223268,-0.565387209,1.299485998,-1.652384056,-1.337846372,-0.028704072,70.34705159
-1.1653601,-0.996133156,-0.853648047,0.936820044,-0.432479573,-0.327116156,0.03099577,-0.307701621,0.35847013,0.367900979,-16.8320365
0.594754342,0.853415559,-1.389572467,-1.645398747,2.290942573,-2.499405715,1.022570432,0.56390912,1.384272819,2.439752406,-189.4649912
1.264803618,-1.581987645,-1.040901864,0.448850831,0.503414244,1.216127248,-1.022967885,-0.071148562,0.813786745,1.606458368,-68.83712118
-0.704360324,0.2048573,-2.96836843,1.349546314,-0.929847948,0.055208009,0.720224017,0.427676771,-0.607323045,0.520976873,-166.18313
-0.892504326,-0.07506122,-0.171085957,-1.926750538,-0.630635813,1.683621339,-0.304997704,-1.955859628,-0.916265053,-1.322956559,-218.1879121
0.109839304,0.336232934,0.830623923,1.067701974,-0.661807347,1.080908399,0.578428889,0.416544272,2.530874549,0.708430968,155.6633055
0.237234876,0.688662295,-0.764597871,0.139013181,1.509701819,1.997844774,0.328678242,0.087229892,1.814673448,0.203660423,-1.901123448
-1.084756434,0.773131864,-1.136871182,0.74718659,1.312724069,-1.594825855,-0.999947027,-1.68653006,2.206782725,1.317383918,18.30186928
1.392038752,0.111129375,-0.387875782,1.306072204,-0.007688996,1.233406076,-0.491561939,0.619032947,-0.516846883,-1.412725759,84.46740159
-1.795129197,1.385575234,-0.235871465,1.04879444,-0.201038772,-1.450163167,0.309390442,-0.45649561,1.19748854,1.612311528,86.78630391
-0.970187637,1.691349602,1.54528734,-0.923470574,-1.471243696,-0.274875439,0.507070541,0.371861916,0.389184674,0.425794474,-15.19006446
-0.569829258,0.673421407,2.249326792,2.043958763,0.69084157,0.765027195,0.689913767,-0.58395377,1.081655182,0.565197206,434.3477439
-1.156941397,0.32250466,-0.556778773,0.032638837,-1.62549227,2.048708258,1.137381098,-1.127263793,0.310472754,0.399469373,-95.5323826
0.549022087,0.591066936,-2.404518385,-0.230339539,0.088911358,-0.040139006,-1.175880205,-0.426339818,0.637159744,0.498639326,-247.4972877
-1.561966596,0.912828161,1.911648183,1.517761593,0.248453263,-0.852331611,0.243879862,1.464089351,-0.728604315,0.779434072,330.7629629
-0.070473574,-0.511437529,-1.318401382,0.600913782,-1.388292431,-0.940977261,0.139452466,-0.420933565,0.669075254,0.782466022,-92.21572264
-0.413867725,-0.904977992,0.913889742,0.956496476,0.67688282,-1.558356445,-1.565856385,-1.406142442,-0.668754119,0.314552796,181.2633589
1.381719724,-0.204050447,1.013171298,0.157983778,-0.54605138,-0.243071551,1.65073531,-0.252277129,0.486772292,-0.548215069,80.84366487
-0.537645758,0.65540383,0.872824351,-0.966156723,0.839349114,1.393181258,-0.079388424,0.360164184,-1.005601376,-0.300465949,34.70482171
2.703027564,-0.230661667,-0.410518483,1.818898532,-0.238233675,0.295232575,1.177184963,-0.361009223,-2.304211936,0.136746647,139.3323733
-2.49926954,-0.878605973,-0.780398578,1.226086381,2.427067396,2.071635855,-0.091813384,0.099762169,0.336233086,1.603769593,151.491172
-0.530501148,-0.575818241,-0.699725508,0.213979911,0.035263552,1.964725133,-0.11232805,0.75750771,0.6141667,-0.2209696,-52.73083779
-0.633589515,-1.90623662,0.806676402,-2.943141565,1.374484981,-0.316679546,-1.004079633,-1.023755948,0.151657272,0.944385223,-157.4262584
0.296693209,-0.107631288,-2.701183263,-1.795533599,-0.454835663,0.565223671,0.013287852,-0.69290223,-0.419695778,0.335881338,-431.6801926
0.587164973,-0.074051482,0.99726809,-2.100650019,-0.008854409,0.881041819,-0.704745501,0.518677838,-0.529885499,-0.521795923,-106.8894077
0.939919527,2.331983696,-0.813917339,0.618875516,0.977180479,1.462238987,0.278592335,0.858384697,0.124327009,-0.685952925,11.54671099
-0.623768961,1.914031354,2.088374705,-0.139589628,-2.896255378,0.99801011,1.108182817,-1.053415563,0.612773905,-1.039905927,67.13409666
-0.769845904,-1.285555167,0.375288008,-0.312846596,0.726210155,-0.89185907,-0.360301519,-0.360107817,0.725096855,-0.914906605,23.7398614
-0.284504105,-0.636743623,0.451423819,0.328235566,0.170432477,2.141791824,1.220299783,-1.230796606,0.818286759,-0.422321058,74.37295976
-1.694255896,1.006606541,1.332551468,0.928932014,-0.939241541,-0.216523198,-0.604906764,0.642301235,0.537412003,0.497788309,182.9742229
-1.454026237,0.683650951,-0.336405147,-0.176595592,-0.585871844,0.849807633,-0.213659886,-1.954570518,-1.254437939,1.336572491,-75.60358707
-0.893522125,-0.640655726,-0.935176596,0.905623185,1.059244834,0.399858884,-1.862588653,-1.404541384,-0.545921932,0.043126762,27.73946945
-0.346771577,-0.585792723,0.505557853,0.436235705,1.466782557,-0.241430565,-1.190916506,-1.134020186,-0.929136341,0.678728069,148.9073167
-1.740859689,-0.304643214,-0.894732998,0.08502459,-0.130559229,0.83927698,0.360988825,1.050676305,0.862222164,0.770011816,-54.23546195
1.259045004,-0.887162588,1.009103412,-0.369000189,-0.410857199,-0.237813882,-0.276210381,1.662706016,0.508267321,1.411546705,41.33717333
-0.165153907,-0.865767751,-0.635752682,-1.409630907,2.132488495,-0.443129023,0.099815638,-0.526288691,0.947094243,-0.255560786,-115.4744188
0.994868694,-0.533844644,-0.204707234,-0.38649489,0.69277577,-0.864430314,-0.813664575,-1.315438266,0.320058191,-0.769666409,-48.89745556
0.477062132,0.613723879,0.45402817,0.648550204,1.200427937,0.150204379,-1.079787577,0.10801206,0.700355728,-0.519449189,154.7033309
1.933628226,-1.244140184,-0.488831238,-1.246521884,-0.402266534,0.106363165,-1.28014941,-0.424646767,0.545462303,-2.179493002,-175.7606187
0.159543581,1.308128593,0.087615022,1.201273635,1.301907381,1.88840939,0.662333328,0.285747263,-0.816291159,-1.290031786,164.8455927
-1.392981618,-0.64170103,-0.395716111,0.404750859,-2.259276171,-1.214064523,-0.697691144,1.243192019,-0.549375769,-1.05324516,-91.90283508
0.509295324,-0.616071215,1.515413815,1.146487159,-0.288532901,-1.327798673,-1.11232747,-1.135635905,1.27468385,-1.167757416,222.3665844
0.162510588,-1.742476541,0.190455807,-0.173101918,-0.783676371,0.307637709,0.637352372,-1.368385665,-0.403923141,0.32633878,-17.03209151
1.404127576,-0.540595616,0.848162873,-1.512294032,1.569514769,-0.672018379,-0.284346357,-0.052892325,-0.697631905,1.527185144,1.157990829
0.985851779,-1.412917599,0.23492305,0.313050049,0.025704882,-0.380690689,1.146579061,0.755027794,0.570252724,-1.098695815,65.60474307
-1.197478753,0.868964085,-0.011393249,-1.614898418,0.565243212,-0.43759668,1.268543105,0.314847192,0.764033572,1.078583578,-111.8619622
0.991071317,0.740684004,-0.180158967,-0.401566964,0.194775472,-0.719405373,-1.658113255,0.551647706,-1.110479122,-0.514553584,-65.85933225
0.087964277,0.910461102,-0.656770358,1.676189508,2.340300216,1.006250799,-0.79067364,-0.510777192,0.732476529,0.353566147,178.214853
-0.231549494,2.166884035,-0.936519846,0.579584222,0.283323593,0.348286248,-1.490082676,1.558626517,-1.999087813,-0.654184326,-27.49258807
0.252843772,-0.488830454,-0.042263915,-0.296031296,0.935176547,-1.569003744,0.690555604,0.447874228,-0.20020689,-1.741843975,18.33115568
0.63012321,0.807409976,-0.135975185,-2.304092299,-0.408996139,1.827769001,-1.161733696,-0.081796752,0.294087321,-2.27914055,-247.7973904
0.517027645,0.85855147,0.868654058,0.203692278,1.639297135,-0.020787184,0.923974334,0.980563259,0.39627754,0.545610663,181.8886828
0.696042313,1.544797346,0.585168744,-0.137225177,0.262986124,1.509994324,0.289454949,0.264835997,-0.996299015,0.932901661,58.35486728
0.079073858,0.344609321,-0.1897783,0.506363471,0.170798904,-0.877696514,-0.856107653,0.230180806,0.168722577,0.090083478,48.33934283
-0.069131497,1.135232718,1.07987719,1.01466769,-0.130413117,-0.018879733,-1.401178387,1.592985833,0.516422804,0.939928156,181.7164049
-0.659495437,0.170484681,1.178087369,-1.124165985,-0.262840499,-2.207547566,0.700209848,0.707791614,0.106072576,-0.95015253,-11.54046117
0.187231077,0.355368855,2.081751612,0.834453412,0.964541573,-0.783985323,-1.26213943,-0.349142617,-0.943791091,0.800652881,288.2341688
0.260543566,-1.261828406,-0.479531396,-0.20101699,-0.157437209,-0.379186605,-0.666097914,0.514105301,-1.423563261,-0.048275811,-81.64516365
-0.370862028,0.169313724,0.16866776,-0.407421198,0.427947441,-2.155362671,-0.136778867,2.089714963,-0.179929153,-0.068100574,-3.821167553
-0.307657941,0.744842335,-0.611642888,-0.274432027,0.090903857,-1.373526622,1.984976882,-0.87772128,0.300466822,-1.222763423,-84.11291351
-0.652968222,0.833658206,-0.153769791,-3.065138772,-0.235471079,0.655175493,-0.59075838,-0.035919716,1.548624266,-0.210222133,-329.4125359
0.826838631,-0.104009228,-0.281844849,-0.636876474,-0.830070495,0.862754592,1.542547211,-0.108527843,0.114476059,-1.419877164,-110.6922043
0.148021185,0.979262628,-0.226006169,-0.297822343,-0.43909584,-1.500104237,-1.533522242,1.546108944,-1.180915672,0.434434745,-61.80119887
0.190628076,1.128872493,-0.017226183,-1.930785361,-0.749079199,-0.098837487,1.498043335,-0.232202023,0.917165664,0.024036078,-218.1963443
0.394452142,-0.420984481,1.167782062,0.254420843,-0.155677235,0.086589787,0.337602662,-0.432558188,-0.487606224,-0.411876966,124.7865895
-0.609512202,-0.186971303,1.390207549,0.557810306,0.817766299,-0.025026959,0.01035262,-0.305224704,-1.065113663,-1.311836232,202.1476958
-3.00763234,0.571179406,1.284095794,-2.426392071,0.263550812,0.395798849,-2.38692987,-1.565648032,1.097300188,-0.495878172,-109.2745881
-0.108038575,-0.379275303,-0.420683247,-1.139256041,1.145463942,0.360973696,-0.067319671,-2.313059971,-1.763124078,1.687502067,-113.6588084
-1.573543223,1.239537745,1.181896453,0.21553198,-0.182689767,0.530635164,0.73560857,-0.000823189,-0.131717083,1.190038753,112.0392694
0.435546319,0.166485273,-0.10346279,-0.489570647,0.846118469,-1.050437629,0.041895921,1.162573668,1.15350285,2.636669142,-20.00410485
1.424514481,1.131165894,-0.381482501,-0.741208496,-0.008037934,-0.179111482,1.229130588,-0.12929409,-0.526408038,-0.49274259,-92.74321457
-0.680775566,0.292265456,1.554282442,1.369781102,0.538503157,-1.341259727,0.734425853,0.62810297,0.053384272,1.422422955,290.1848537
0.11953513,-0.607146709,-0.066452124,-1.268848781,-0.667198798,0.496685619,-1.036624161,-0.776057387,0.115866779,0.737659255,-154.2802857
-0.407036313,0.686318457,-1.970103818,0.892597338,0.790625599,-0.684629826,-1.211171929,-0.953939419,0.014273068,0.730764119,-79.74750438
0.247271452,0.886579493,-0.490612234,-0.282759328,-0.476062558,1.664192055,-1.120896974,-1.842936906,1.052547311,-1.704775744,-102.8814154
-0.666332952,1.341033859,-0.400445426,-0.07474862,0.297966138,-1.100192051,0.04165092,0.232122049,-1.115929615,-1.190902608,-29.29911339
2.15888638,1.179567408,-1.149707008,-0.453730866,0.415124164,-0.512675828,1.197230337,-1.332647064,-2.35263901,0.666833965,-120.7947698
0.138695426,0.653250945,-0.437066487,1.223920202,0.384999189,-0.32906,2.551840095,0.398410824,0.479932811,-0.392612732,107.9474729
-1.721016271,-0.147921761,0.36175348,0.290854365,-1.166367499,-0.83851185,-1.132629786,-0.655707423,1.055256273,-1.371941626,-2.764909593
-0.689111798,0.467690104,-0.21208967,0.542203007,0.564789106,0.335054352,-0.337877775,-0.457218539,-0.274643749,0.002231622,65.8225365
0.441944384,-0.445829481,0.554818715,-0.680696419,0.603930929,-0.350128172,-1.357824007,-0.284969509,0.552377193,0.622140974,9.968229459
-0.96776234,0.175293576,-0.384274679,-0.584582547,-0.510990075,2.129175347,0.857676761,-1.213111468,-0.016627422,0.42635686,-98.75774169
0.250572489,-0.825270545,-1.895006894,1.127477859,-0.728659141,-0.896775245,0.110107586,-0.7013281,1.455674857,-1.135518045,-91.15903254
0.12477858,0.257861617,-0.997756279,0.567021833,-1.47495068,-0.37677547,-0.94546834,1.333439166,1.189283453,1.610076123,-88.77317454
0.028020901,0.878772379,0.759923221,-1.06858807,0.13078211,0.017269526,-2.040410865,-0.179384806,0.353850002,0.176263815,-46.85066689
0.598388907,0.322898686,-0.539159098,-1.490153446,-0.437782648,0.894733608,0.646919925,1.72787518,-0.301044797,-0.389781274,-210.253803
1.965397185,1.361074976,-1.117001909,-1.896893594,-0.0319163,-0.8552333,0.076029687,0.606974713,1.215290173,0.53426577,-286.952011
-0.496817465,-0.595904506,0.397077599,0.044496836,-0.176549709,-1.139540698,0.686873419,1.281077545,-1.359586986,0.797016705,40.58633428
-0.502107825,0.310175827,-1.380571017,-0.232599238,-0.845038512,-1.131724189,0.245518443,0.142404867,-0.539726798,-0.465322518,-183.3507379
-2.496798117,-1.175133076,-1.215360983,1.096547266,0.721219048,0.157771311,-0.607846131,1.037640015,-0.31265873,1.830016286,7.321833795
0.955269237,-0.038742895,0.666269672,0.577978524,-1.445205264,-0.992866001,0.577363525,-0.484118495,1.406934746,-0.128659446,68.24197225
0.475588436,-1.746895691,1.084198244,0.21030304,-1.198392125,0.223280913,0.198393517,0.21780234,-0.517757447,-0.009182353,53.6740613
-0.420186817,-0.281784609,2.298898124,-0.36283856,1.40934744,-0.51728845,-0.445502521,-0.522860027,1.579572146,1.453384477,241.5727707
-1.019895651,0.805406113,-0.6433098,-0.581230268,0.532119279,-1.112031609,-1.239229844,0.385835714,0.193927756,-0.476732471,-112.2156254
0.163447747,0.128849621,0.192619148,-0.143999978,-0.589160388,0.302971874,-0.094272717,0.039569724,-1.313527798,0.181461063,-7.740439617
-0.425717741,0.085569741,1.000000026,1.562684951,-0.614125968,0.271452794,-0.297464175,-0.936431197,-0.212304542,0.920258761,231.9509471
0.515047686,3.852731491,1.083051243,1.053802052,0.560784526,0.35778736,-1.377669368,0.513785951,0.515035267,-0.93782504,198.2449416
0.379503167,0.699989896,0.165432218,-1.240298306,-1.108060826,-0.709860103,-2.904701774,-0.447156384,2.174252279,-0.489412292,-174.4211909
0.323942781,1.138097094,0.935349819,-0.041220743,-0.330363462,1.137910175,2.127004539,0.419874623,-0.640514224,0.130086936,89.69475892
-0.301219144,-0.338927631,1.218608174,-0.35019103,0.636542038,0.733215838,-1.798500495,-0.723505109,-1.013793741,0.070185852,80.69951642
-0.880011982,0.26918092,-0.269951897,-1.543450943,0.245038664,-0.287906077,1.594177956,-0.26003625,1.431152118,0.103538154,-173.7359607
1.891686899,0.840779372,0.501744617,-0.63628035,0.752132908,-0.11792438,-0.489083494,0.690822315,1.884346083,-0.385328776,7.715825465
-0.18113209,0.076832775,-2.089799189,0.962379407,0.579478833,-0.130269175,-0.820290497,-0.621318375,-0.727622513,0.089733037,-91.83052708
2.275855882,0.829819767,-0.882768478,-1.877724864,0.758388713,0.383196151,-0.874965017,-0.42946399,2.111057979,0.68776673,-234.1119295
0.065153159,-0.980951855,0.717074359,0.922774119,-1.21612156,-0.854301274,-0.631159395,1.812846459,0.046956338,-0.246728178,104.3436956
-0.634274717,1.128847488,0.237829541,0.47962532,0.584622952,0.003060117,-0.432301186,1.288433623,-0.927373006,0.231730942,78.67002953
1.370608381,-1.703831335,0.285486943,-1.529015024,-1.168720912,1.06561526,0.436357593,-1.546002544,1.936679762,-0.10750422,-160.2265583
-0.580422051,-0.752184971,1.098323078,0.76951798,0.298927483,0.618548492,-1.213094264,1.152473484,-0.552069081,-0.188932254,189.6878016
-0.983103147,-1.010590603,0.417459031,0.081143832,0.360130951,-0.667384054,0.178715124,0.736227445,0.995954928,-0.17381485,59.07673627
-1.455470451,0.138723321,-0.768516567,-0.287307688,-0.32451932,1.883517073,0.849056101,-0.399586173,-0.575178955,0.663765472,-96.08487395
-0.813320229,1.037316807,1.901155976,-0.221131332,-0.606740109,0.323384238,-1.107932127,-0.026600977,0.537094792,0.095118522,113.3096854
-0.921451023,-0.56539297,-1.493509778,-2.123947583,-1.196557929,0.358344511,0.720996953,-0.994355066,2.927270092,-0.545186245,-382.2964203
1.168722794,-0.245307486,-0.838580659,-1.309987512,0.441035835,1.635007166,-0.387381745,0.417447034,1.826647079,0.753213446,-194.7885119
-1.027994073,0.479119128,0.391284957,-0.654603021,1.130164692,-0.965382021,-0.211910593,-0.729657882,0.037092342,-0.709842659,15.80218087
0.499726273,0.837746226,-1.103059264,2.451712625,1.372363945,-1.564915924,-0.489332375,1.025493586,-1.368671069,2.133264682,195.1113553
-0.566975429,-1.001233746,-0.50858029,0.9322844,-0.172005535,1.257843236,-1.146868651,0.430247531,1.060172934,0.252740135,15.92694914
0.509494862,1.342256783,-1.785025839,-0.228217534,0.596333584,-1.938526837,1.011295448,-1.588503136,-0.664585488,0.746684856,-168.743728
0.484920946,0.200482643,1.954695284,0.29231318,-0.500255208,-0.387136358,-1.077438419,0.362367575,-0.378545399,-0.776797923,192.8244911
0.516163023,1.065424724,1.037005324,-0.275482315,0.599084185,0.252003761,0.182280224,0.498111996,0.138635029,-1.31419953,80.47185775
0.088011382,-1.966274095,1.060357293,-0.590692422,2.214985901,-0.508237693,-0.475337111,-0.747059343,0.137403651,-2.019448275,110.616412
-0.011767838,-0.036560943,0.951332606,-1.910978379,0.912726813,1.177570414,-0.662989961,1.741922532,-0.841121368,-0.588704834,-54.75577501
1.176533254,-0.583722134,0.972443998,0.872787414,-1.128590673,-1.532683971,0.363004285,-1.224999889,-0.358403576,-1.721077521,141.7658859
-0.064138347,0.32876241,0.638730222,-1.143004913,1.187030306,1.105525933,1.633431532,-0.75427585,0.302635465,-1.146345393,9.342469841
0.402268077,1.32099579,-0.886040247,-0.33257938,-2.027677272,0.693217602,0.703140197,-1.406977462,-0.228005727,2.498430484,-190.6388862
-0.384268169,-1.113962565,-0.491214625,0.596296107,1.543287733,-0.176560271,-0.748377694,1.084259287,0.546233192,0.349944831,67.24840598
0.70911439,0.162223217,-0.007255698,-0.311707592,-1.310645784,0.588137951,0.661736612,-0.601897161,1.345117174,0.228187289,-82.19268182
-0.635557297,1.613080783,-2.248130866,0.03700668,-0.645888054,-0.463572846,-0.402240449,0.06236948,-0.020081029,-0.698034409,-244.7015051
0.17215867,0.15376383,-0.016664133,-0.350952742,-0.134644092,-0.421776864,0.235865066,0.488520138,-1.142481898,1.151515146,-28.73380988
1.126159227,-2.069807275,0.687665668,-0.895860384,-1.419420764,0.043356519,-0.153310822,-0.528287499,-0.964443576,0.630166889,-62.0526941
2.839622915,0.356032467,-0.798898898,1.028479009,-0.539110661,-1.497858675,0.153193141,0.874169872,-0.666556231,1.382382746,8.81996769
-0.832396208,-0.876289035,1.518020034,-0.223417248,-1.402816287,-0.821824459,-3.427575102,-1.866567683,0.375827105,0.396533079,26.97123195
0.385469629,0.335486743,-1.214833714,-0.728771529,0.198666253,0.02052067,0.553447017,1.237953531,0.133729724,-1.38321073,-169.454197
-2.266052094,-0.350778206,0.672293408,-1.500476549,1.392455941,-2.403668601,-1.478777124,-0.834184849,-0.737379903,1.672265904,-37.35899735
-0.119942087,0.856455059,0.257478087,0.984638659,0.552066559,0.639604903,-0.742541369,0.009012004,-0.963353208,-0.466126703,128.2739229
-2.081929408,1.696456368,-0.704343691,-1.408461296,1.049009226,-0.522723021,-1.556629174,1.754794182,-1.280429352,0.606009951,-170.7373297
0.056510648,-0.124921595,1.807630806,1.641428628,-1.323951084,-2.010216655,0.065788649,-0.243410303,-0.160074487,1.662931447,291.5773028
1.232635972,-0.000102775,-0.753142876,-1.017294598,-0.624697366,-0.595337275,-0.379712318,0.766014655,-1.071698631,-0.639927852,-179.2431397
-0.745476842,-1.358205747,-2.000714461,-0.769839706,1.33494598,1.690970943,0.942894236,-1.568326456,-0.01801334,-0.021744078,-188.09702
-1.026980893,0.214781626,-1.116679615,-1.555283406,-1.082239137,0.414584064,-1.056049358,0.663710961,0.451173288,0.500479766,-287.7201751
0.362979209,-0.290482184,0.398538723,-0.851777606,-1.407891921,0.932957966,-0.930750169,0.43889693,-0.080765569,-0.764915924,-117.6959961
-1.351865561,0.725812589,0.400394918,-0.419507082,-0.674897072,0.347643588,2.536285559,-0.316906997,-0.35724863,-1.133935617,-1.873793616
-1.601467201,0.363029266,-1.003205391,-0.996020388,1.20586036,0.739241527,0.328099671,-0.740289537,-0.200433923,1.132851986,-132.560755
-0.697329658,-0.300835287,-0.226760797,0.672612891,-1.079161817,-2.204482051,-2.995266891,0.994518116,0.792395039,-0.028124324,-14.87527956
-0.006678573,0.735566898,0.97333745,-0.755975291,0.505864358,-0.00347721,0.366146526,0.160692867,-0.188981245,-0.506704176,36.71641066
0.494466488,-1.383828804,-0.927142986,-1.330100383,0.789222499,-0.280438281,0.228927403,-0.340623051,0.3066927,-1.46368721,-171.443982
0.41367407,1.29851186,0.557419401,-2.460889575,0.05130862,0.200956398,0.450263721,-1.179453208,0.406863927,-0.27509172,-181.9897632
-0.131111339,-0.577534264,-0.141662632,0.3023229,1.605677958,-0.107378618,1.375596964,1.992094407,2.035531457,-0.404095312,73.74253483
-0.80340946,0.503636636,1.291052233,1.901765709,0.201047664,1.430030389,-1.132607291,-1.047184355,-1.408903904,1.275771821,307.9449525
1.061091353,-0.103925087,-0.1529355,-1.524827632,-0.14203244,0.301429578,-0.689267213,-0.855664068,-0.57256839,-0.238372132,-156.009098
-1.338723706,-0.885668184,0.688712745,0.609737723,0.281918021,1.298693291,1.419064413,0.983736044,0.667218939,-1.949590173,156.4807159
-0.039845423,-0.592332205,-0.356416534,0.07759839,-0.132806302,0.043652734,0.222043548,-1.055185945,-0.349471238,-0.98914208,-44.21244874
0.950423838,-0.576903656,-2.123895724,-0.525755022,-0.599392645,-0.839721842,-0.759132662,1.876170839,0.341755976,0.150393786,-250.5900452
0.308728328,-0.026388954,1.281397318,-0.501279259,-0.458709933,-0.523299413,-0.078619398,-1.030301245,-0.982640147,-0.438173473,44.20978899
0.810541999,1.979333618,-0.134615433,1.253931797,-0.546687822,-1.851656964,-0.100601675,-0.270011987,0.385527127,-0.196569034,86.29748671
0.047888783,-0.281688321,-0.946040018,2.163474854,0.34253099,-0.04917413,-0.541294489,-0.181734245,1.317058678,-0.228104684,134.9250936
-1.270362046,1.154693767,0.813280406,-0.843853877,0.065024631,0.139651674,-1.743672602,1.489599409,0.281230492,0.156823016,-4.646320009
0.609238831,-0.331864862,1.396760177,0.444968315,0.077585389,-0.934593895,0.031063426,0.749766628,0.330867028,-0.161767281,182.1090503
0.021317308,-1.070380548,1.240557901,-2.03227661,0.945852037,1.47951693,1.579334252,0.896027346,0.408925462,0.266811595,-11.4092126
1.392311073,0.233478328,1.513615981,-1.392632345,0.136269635,0.410970441,-0.227369573,-0.042808178,0.813533875,0.919397858,6.089174242
-1.146783099,-1.530927633,0.481145891,0.287296573,0.334126247,0.357470186,-0.606825342,1.067856677,0.920396161,-0.261003489,96.34640665
-0.004072837,-0.041259653,-0.672905332,0.662841093,0.142044479,1.372271317,0.893188347,-0.484017124,-1.02969624,0.641894123,19.03054865
0.446778184,0.257560431,1.040155193,-0.208122045,0.222747499,2.166741721,-0.661674766,-0.089072435,1.295516071,0.262849205,87.6206765
0.592847598,0.516611859,1.286300886,0.05687195,0.244609172,1.004831257,0.00174746,1.512048615,1.576357546,0.635228479,128.4734594
-1.347685821,1.649181717,0.426013955,-0.656518327,0.954729688,-0.615383533,1.040575535,-1.671522181,-1.387002827,0.507344341,17.60015661
-0.802721716,1.942577179,-0.508265146,-0.747785104,-0.371064029,1.029566924,-0.125286623,-0.475323418,1.208274741,-0.422005897,-116.5782109
0.125977185,1.086834805,-0.338250321,0.218843524,-0.094229756,-0.063950374,1.504236304,-2.193921493,0.628716482,0.214112514,7.292295916
-0.932559388,1.858802636,-0.372318354,1.56545466,1.06870498,-0.428602237,0.548878516,0.445396772,1.160048429,-0.394090479,159.4451773
-0.298688874,1.543237404,0.772425411,-0.343035305,1.731650434,2.355968141,0.158239127,-2.555005065,0.930799411,-1.910024562,98.28197346
0.081066651,-0.534910501,0.824820164,-1.18387309,0.213996002,0.497428797,2.29221164,-0.206241574,0.286756363,-0.390972111,-18.7067749
-1.272237627,0.71302585,2.368334542,0.856048095,-1.297164296,0.92596613,-1.684004018,1.176344056,0.816081044,-0.709028902,242.9477128
2.661318652,-0.739629048,-1.245766164,0.071777826,-0.534469676,-2.673003644,-0.325621283,1.636181301,0.689506828,-0.605677213,-120.4283608
0.024166139,0.21596971,0.921378792,-0.330410813,-1.494955953,-0.878225412,-0.4037699,-0.97276093,1.811973894,-1.122814963,-5.256830782
2.685305309,0.426694842,0.695686711,0.126065718,1.498311544,-0.389418533,1.101074387,-0.803732623,-1.168924502,2.587830498,132.4771347
-0.67436963,0.628492861,1.44673759,0.444690845,-0.417493965,-0.468981676,0.76755571,0.810375747,0.246434179,-1.030250512,162.1565575
-1.746093665,-0.546014497,1.126801924,0.393936814,0.975626059,-0.186353546,1.017241351,-3.080598727,-0.230529412,-2.112888358,180.0533906
0.904149595,1.569685681,0.05262213,0.160144165,1.84580132,2.930320285,-0.979565315,-0.524892566,0.362184322,-0.801789108,69.97451942
0.798048154,-0.412278863,0.137055613,1.560037658,0.240892058,1.853964686,-0.745615558,1.086583343,-0.530157353,0.88967764,167.5413853
-1.146121098,1.505264011,0.912671662,-0.664173195,1.543242089,-0.478733665,1.348460944,0.52659014,0.488389642,0.755081017,72.12924482
0.044194513,-0.875500587,0.31039693,0.547621151,-0.426023293,-0.603305588,0.377709816,-1.455588055,-0.167979161,0.897248833,73.9141428
-0.047752879,-0.22359014,-0.099048186,-1.171126564,1.110580318,1.604347434,-0.6020529,0.425861349,-0.920899031,-1.761150387,-68.90339771
1.164710785,0.240230626,-0.091389672,-1.053206396,0.87550505,0.175542244,-0.108584162,0.607255018,-0.407031827,0.598092273,-77.69528955
-0.561494258,0.140716799,-0.797700666,-0.128517491,-1.900774128,-0.956936179,-0.737833198,1.873573575,-0.229153136,0.81933803,-148.1594336
-0.575644818,0.927769223,-0.915406741,-0.719726761,-0.98439156,-0.719553715,1.152658212,-0.039739208,2.131614379,-0.110089974,-174.2685214
0.184758647,-0.781490867,-0.451185315,1.098969996,0.795249167,-0.469171257,0.558099372,-0.775533444,-0.140373336,-1.000090461,120.0857983
0.943220381,-0.525396452,1.250003218,-0.956288913,0.086398637,0.005470578,-1.331512299,2.423506123,-0.506984509,0.602323683,16.06502064
1.106774519,0.414784462,-0.480574413,-1.874892064,-0.678980346,-2.396082288,-1.15741579,0.818765971,-0.038323836,-1.980836471,-255.1186408
-1.39748934,-1.998621525,1.3472969,0.024047769,0.950315658,1.75192081,0.822360939,-0.072562065,1.469591367,0.091650078,179.0980295
-0.018613354,-0.434623576,0.221804739,2.190104779,0.579525525,-0.979608597,0.00791834,0.048895851,-0.094825609,0.382899786,248.3808407
-1.488672684,-0.000409186,-1.140197198,-1.309393945,-0.298665391,0.97172631,-0.907991742,0.603196073,0.519882932,0.347525494,-246.830145
0.662753458,-0.302130385,1.579717467,1.131287106,0.435394248,2.323069327,0.0377806,-0.870943551,-1.740226581,-0.443719203,271.7203223
0.897721568,0.929311587,-0.412055655,0.738608066,-0.281506561,-0.48870197,0.918363115,0.140180031,-0.107983467,0.557738829,18.13128133
-0.71554442,0.537462087,-0.248723424,0.834989427,0.422143692,1.83794203,0.849820365,-0.165578973,-0.044627623,1.638281183,55.18867394
-0.31555599,2.121550092,0.555758779,-0.021168551,0.357337291,-1.040735945,-0.498041696,0.072640503,1.898565459,-1.138991865,50.64537422
-2.460618622,-0.383729545,-0.042921988,-1.1549842,-0.69450685,-1.197157421,0.169519758,1.161532901,-0.397298412,-0.194438127,-142.7352449
-1.370122506,1.364301327,-0.996819888,1.049811191,-1.426988258,-1.492548016,0.545255346,-0.387775384,-0.862614181,0.322590698,-39.49736044
0.459161316,-1.100142416,0.193670018,0.642278257,-0.722780255,1.431588905,-0.545614156,-1.467918178,0.163255626,0.481613846,31.01025701
-1.455288976,0.870178175,-0.760192322,-0.866925239,-0.578651054,-0.722300188,0.693495821,-0.905336168,-0.265522861,-1.180498487,-177.0914506
-0.713484604,-1.144175741,-0.724205391,1.03234762,1.043461985,1.285098364,0.340708154,-1.038434671,-0.104100682,-0.722264895,86.71494886
-0.391591217,0.268091987,-0.746822989,-0.525287636,1.301533461,-0.370744812,-0.151448799,0.037682349,-0.035078071,0.847300481,-68.90688236
0.336903264,0.452274378,0.623235897,1.63712179,-1.015292374,0.421360254,-0.172813352,-2.224384109,-0.066601027,-1.129064422,197.3407542
3.183433918,0.425645772,0.389314723,-0.711386541,0.466048273,0.284925682,-0.751559783,1.179037127,1.070315427,-0.596257915,-23.94609223
1.239584006,-0.396229678,1.920367502,-1.22289502,1.331339062,2.124771403,0.07125375,-0.918126983,-0.695694877,-1.293507625,108.8462482
-1.831682247,-1.051309912,-0.965664804,1.629166365,-2.49327082,0.502744807,-0.581782033,2.067906338,-0.197937729,-1.173879964,-39.08818253
0.400481387,0.131065186,-1.793892498,-1.355447503,-1.687344347,-1.153332403,-0.709020958,0.177750106,-0.525879676,1.953259138,-348.7040408
1.140067846,-0.837090134,-0.942060184,-0.547995819,-0.630930834,-1.114081358,-0.214150311,-1.585625707,-0.321159039,0.837154486,-181.1538342
0.020153546,-0.412875993,0.239882243,0.336366513,0.240590805,0.447497823,0.905994843,-0.187476488,-0.024958585,0.826295886,87.68093983
-1.044836314,1.783922595,0.333369851,-2.492810499,1.086380711,0.568273377,-0.499138951,-0.223472505,-0.80759134,1.197168027,-178.9514914
-0.053741183,0.068468077,-1.807087038,0.085721687,0.167058669,0.724747095,-1.306217801,-1.507101869,-0.15919066,-0.534997673,-142.5436076
0.158183501,0.381618239,0.552136264,-0.655582391,1.176551633,-0.023019984,-0.233238472,0.886459102,-0.708824764,0.616744023,33.04172208
0.92529055,1.354892932,-0.860737988,1.354210925,0.538963073,0.478499732,-0.287707056,0.522766742,2.111613218,-0.383752981,72.30559055
0.874240169,-0.011610114,0.054340294,0.762958257,0.362024551,-0.356476969,-1.518421986,1.359718213,0.525144659,1.651914337,86.34043125
-1.852292759,-1.44623257,1.647643952,1.3034463,-0.402312341,0.250030966,0.168071439,-1.433599818,-3.448042914,-0.619355746,237.4053029
-0.163407231,0.180910675,-0.108751023,-1.95009516,-1.202691029,0.124763863,0.617620665,-0.135130007,-0.383943622,1.222345256,-250.6073962
1.156114617,-0.718195634,0.336892365,1.57885612,0.097040627,2.190785514,-0.149962023,-0.310839148,-1.13516013,0.679192142,193.6386025
-1.089342638,1.108444602,0.385212652,1.120685706,-0.701957298,-0.563209734,-0.133278715,0.001803506,0.114308753,0.205486428,135.0969257
-0.753774055,0.767103031,-0.49092533,2.020570157,0.227952738,-0.449732796,-1.289695156,-0.37498601,1.502956587,0.282115667,154.0379576
0.116678585,-0.428832752,0.299644977,-1.984231408,-0.584869106,0.46397803,0.000123055,-0.977224115,1.518576713,-0.618402011,-195.5808847
0.486353206,-1.005739239,-1.032675529,-1.253766332,-0.127501319,-0.376588875,0.228572086,-1.462385732,1.2323792,-0.775871499,-201.4623085
0.334729697,-0.15646301,0.753452101,0.603165809,1.60000764,-0.570256385,1.200055965,-0.264608296,1.284737869,-1.018860863,189.4054246
-0.530179683,-1.039718358,-0.53056783,-0.387751915,1.933292514,-0.547808054,1.616177473,-0.906112873,0.985899233,0.576676312,4.246129331
0.487218195,0.767307363,0.496634615,0.635100012,-1.153706324,-0.815909535,0.400169605,-0.02968879,-0.866884585,-2.014063274,47.91552709
0.236156407,1.128488888,-1.523595448,-0.783693388,-0.966327564,1.716897446,0.231648194,-0.768392948,1.88721343,0.073552077,-249.7580767
0.759892697,-2.0010569,-1.020382449,1.245668263,0.650038335,-0.917064896,-0.218484168,0.034446258,0.539365443,-0.659658457,43.05183566
0.76136619,1.524330241,0.12287856,-0.088483652,-1.338051276,-2.584127919,0.302654431,-1.284848263,-1.681829567,0.449220979,-25.96411857
1.466286421,-0.057186394,0.558181076,-0.314475797,-1.683530003,0.939566764,0.559563607,-1.140172482,-0.874323815,0.988305727,-16.89423814
-0.968045759,-0.310307705,1.036087651,-1.422974925,-0.528297047,-0.202524227,-0.97012426,0.379767636,1.237653758,-0.397557765,-74.45098416
-2.562333659,-0.191027763,0.040919175,-1.002187456,-0.162792906,-0.544114002,0.740824345,-0.994349375,-0.228599915,-0.513213566,-78.36299883
0.667536095,-0.271339165,-0.942870835,1.376933732,-0.791227177,-1.512628774,-0.491016137,0.661180991,0.445210879,-1.162817003,18.0163793
-0.555641663,0.281217858,-1.060819145,0.573334075,0.215941825,-0.692902518,0.284743605,0.855350025,1.109607057,-2.453846776,-33.38433356
-0.953579095,-0.708234127,0.379047031,-0.300005396,0.072198357,-1.938381139,-0.776701326,1.312825451,0.631804277,1.24340344,11.25300239
-0.608727134,0.824191359,-0.062947419,0.330828965,-0.904196807,-0.349690912,0.427950257,0.850917135,-0.606321935,-0.808471288,-4.286319205
0.648577099,-0.175249486,-0.480755685,-1.00392315,1.31686339,0.870888754,0.801425276,-0.882300225,0.7303178,-0.01621094,-73.93628592
-0.9662566,0.04510435,-1.591382413,-1.889362205,-0.565150452,-0.232312522,0.367274781,-1.541750955,-0.363518315,-0.22760123,-345.276114
-0.168113774,1.271919996,1.93409197,0.278105344,-0.966709722,0.712191778,1.871747859,0.432114165,0.272231747,-0.266095543,173.5878238
1.452117699,0.014149265,-0.896332659,0.219302337,1.719040613,-1.070191563,0.79185931,-1.229183598,0.852468643,-0.57064043,4.434200362
1.258166812,0.865849036,1.476693431,0.04103426,0.078612626,-0.74244486,-1.26394077,-0.101377311,0.782748071,0.109583228,143.4793391
0.223074273,-0.726657797,-1.871994885,-0.222047014,-1.082399111,-0.527928046,-1.378218704,1.558360779,0.029491195,0.712036459,-255.8616294
-0.773455844,1.898734981,0.058370291,-0.603858931,-0.217158807,-0.025494129,-0.343205927,0.29879778,0.973726231,-2.085792439,-64.82248751
0.561573471,-0.198669134,-0.061776062,0.16342782,0.329823061,0.491003946,-0.597278936,0.186068432,-1.307098344,0.616579352,23.91593788
0.555997052,-0.308864631,-0.704294569,0.557102447,-0.591374223,-2.441528571,-0.158230137,-0.839098223,-2.549539345,0.638868874,-30.57239006
-0.876245676,-0.444433888,-0.951478681,-0.309260222,1.875910723,0.455460841,-0.484365934,-0.585404338,1.569365946,-1.517895363,-35.54029735
-0.465753393,0.597462858,0.483980162,0.124158604,0.237857934,-0.25088418,-0.841873351,-1.14609196,0.733907882,-0.4239413,63.44828615
-0.302349566,0.841632256,0.402197825,0.248545105,-2.026577777,-0.642127174,0.034393795,-0.511259458,-0.034572225,-0.642232478,-10.65970606
-0.012594201,0.053177948,1.080336648,1.525355084,-0.573597424,0.115199345,-1.288414315,0.925598053,-0.468141933,0.164269156,218.6192193
0.507164884,-0.081335576,-1.177546062,0.706668547,0.188277128,-2.209219619,-1.146941246,0.974560081,1.294570233,0.219159821,-44.24732931
1.602190378,0.361720777,0.540007019,0.31329999,-2.662335637,0.661383088,0.497025829,-0.542500902,0.292829752,-1.92842674,-18.41357581
-0.854478096,0.679452672,-1.855450901,-0.44192911,0.977811541,-0.265961126,0.620417484,-2.041150946,0.13486338,-0.308106771,-169.8619069
0.003303357,0.806824615,-0.245411483,0.286552944,1.785259809,-0.915795212,-0.638633165,-0.33225105,0.324413471,-0.414348021,69.10909356
1.282108391,-0.547287883,-0.706853402,-0.169979186,-1.858125014,0.714816688,-1.172282497,0.694020087,-0.307895965,-1.748713037,-157.9190003
-1.738397579,-0.358446189,0.019203421,-1.517253861,-0.147171648,0.249592476,0.667355284,0.000160507,1.001870414,0.181112289,-153.1529398
-0.419231379,1.388088237,-0.329204563,-1.308219198,0.622664216,0.396270921,0.930510766,-0.19377632,1.361623458,0.311408351,-144.4190051
-0.010556435,0.936153594,-0.920358616,1.057059011,-0.134197689,-0.236852049,-1.062240317,1.353451561,0.293157225,-0.135873048,14.68294211
0.692872555,-0.5348461,-0.025301589,-0.620381275,-0.101895626,-0.607812962,0.495209555,-0.744590385,0.214698631,-0.189006372,-69.21463419
0.499258486,-0.521883414,-0.513996278,-0.278134338,-1.223307048,0.114169083,2.412376654,-0.53782837,-0.116217263,-0.884588947,-111.9088898
0.783660474,0.44233626,-0.822867605,2.969509508,1.406807529,-1.163002858,1.467375988,0.753644282,0.020013805,-0.79661257,274.7705626
-0.692188994,-0.214522046,1.223189487,-0.053224975,-2.385160043,-0.611290877,1.388296525,-0.248787255,2.42882021,-0.949633119,38.35357715
1.185006984,1.061509157,0.591801191,1.259283711,0.420309817,0.553627409,1.862869121,-0.351660184,1.099463771,0.124663393,182.923246
1.426536154,-1.252411184,0.296827109,-0.213288413,1.001064843,1.41591064,0.852408878,1.04286541,0.238584188,0.392547815,49.05682011
-0.75312095,-0.568061614,1.058871847,0.296467566,0.572077621,-0.430730465,0.689189599,0.11302071,-0.081857746,-0.14556765,158.2619147
-0.286558557,2.108590383,1.499382622,-0.775904386,0.791023039,0.553351711,0.630236199,0.121863184,-0.312130413,0.749198817,102.0888775
-0.401469214,0.127909162,0.137008258,-0.166522994,-1.312263833,-0.659276844,0.637834883,-2.604459978,-2.020851991,-0.747684783,-45.93689436
0.370917559,-0.568525297,1.439042985,1.060816374,0.405202064,-1.1705006,-0.759810486,-1.624310358,1.427322285,-1.109071296,252.7924957
-1.241620062,1.031623113,1.002192654,-0.533358957,-0.944956271,-0.463757695,0.216740088,0.488695146,0.569257855,-1.369776489,4.806678782
-0.25765564,-3.246638381,0.196727245,-2.103740299,1.108028111,0.806499163,-0.981104573,-1.365010244,-0.660173314,0.422504646,-157.2215606
-0.524536739,0.441625068,0.814339815,2.997198292,-0.33674303,1.232918587,0.105159982,0.246552095,0.172419852,-0.632648251,344.8148338
-1.627360484,0.986566825,-1.081537702,-1.267088556,0.929225912,-1.214116835,-0.252296536,0.084832426,0.355557206,-0.372502354,-189.2661695
-0.439155334,-1.17764267,-1.380348354,-0.415013802,-0.438181119,0.872985641,0.413348779,-1.094545975,1.359137683,0.597200371,-191.374156
0.761514034,0.605398142,0.049466408,1.83926104,1.155645123,1.41378331,-0.146558154,-1.273185691,-0.005483638,0.022316557,236.3445062
0.991153132,-0.436921324,-0.417992234,0.160888954,-0.534075199,-0.448450091,-1.200642857,-1.727057533,-1.147563679,1.124417468,-45.43906933
-0.239455094,-0.273132144,-1.221297385,0.864391497,-1.540757808,-0.954869082,-0.320624476,0.08504586,-0.715967223,-0.60752091,-85.31894419
0.539131098,0.229004552,1.003748248,-1.480917706,0.685246037,-0.240699648,-0.954062922,-1.277214447,-0.873178447,-1.676259421,-29.0757491
-1.505747801,0.83994454,-0.893816431,-1.104025633,-1.197532311,0.955388571,-1.490247523,-0.184876756,1.161503048,0.146414292,-233.9467515
-1.617621459,0.449712607,1.222402162,0.06217923,-0.660381371,-1.335606667,-1.879466964,0.862390576,0.162085693,-1.796991647,103.7333665
2.099721789,-0.247025701,0.882333062,-0.452090333,0.604515326,-1.250407734,-0.470042148,-0.066132615,-0.436719736,0.26587823,52.21076442
-0.856288124,-1.166917801,-2.510222141,-0.038651769,-0.527597343,1.142054592,0.01718385,-0.380053651,2.010903035,0.724075051,-250.5877419
0.055226883,0.929103609,0.064265372,0.499741269,-0.115461714,-0.667370335,0.565789286,0.275312996,0.692299545,0.65047851,33.73260087
-0.729572933,-0.40841985,-2.070273545,0.041179517,0.742903305,-0.199929923,0.513675216,-0.627036509,0.07462801,-0.661487885,-166.2272816
-1.666763407,-1.494756146,0.001109945,-1.544433848,0.771401795,-1.320878355,0.492883972,1.16591652,-0.601126553,0.833603205,-122.4826422
-0.026336195,0.688704049,-1.483712419,-0.321743978,0.456333362,0.473104921,1.409045719,0.160456804,0.017641683,-0.633180524,-136.2109378
-0.292516194,0.670992652,0.064048845,-0.906728965,0.234194151,1.733441339,0.435946324,0.544612504,-0.192303184,0.667383103,-59.95457876
0.100879065,2.482677762,-0.123368105,-0.446918362,-0.657043697,1.716762749,-1.232662543,0.955881276,-1.301108407,-0.742718562,-65.35834796
-0.092618825,1.03011785,-0.742987903,-0.765583793,-0.066852858,-0.175301816,0.442406764,-1.48993615,0.327569177,-0.163949822,-154.861877
1.139856604,-0.081601924,-0.504312034,0.071631277,-1.029129678,0.902916551,0.246886902,0.590452301,0.786860069,-0.499290591,-63.49133259
-1.234323206,0.041075181,-0.614420462,-0.801227749,-1.516305018,1.193748127,-1.880597809,-1.089918519,-0.051951621,-0.528685052,-206.4993625
0.058208718,-1.142970298,0.214093744,-1.245738779,0.856398794,-0.446514952,0.173180926,0.153725106,-0.883857436,0.38531738,-66.93082711
-1.513830501,0.630875604,0.461272084,-0.924357334,-1.422876908,0.039713822,-0.450994017,-0.057964,-0.772542112,0.293949388,-106.0449907
0.613681028,-0.332177832,0.122795851,-0.399164871,0.69550048,1.547856069,-1.268923842,-0.349781332,0.585357335,0.502045615,-20.47506974
0.600212966,0.957932055,-0.224853056,-0.928792081,0.013450365,1.784775039,2.935657902,0.415836836,-0.428847926,-1.073328032,-75.86298368
0.126314199,-0.469130854,0.951306244,0.526897924,0.243091728,-0.082715024,-0.19087222,1.272570163,0.510157469,-0.198195676,143.9165157
0.16064994,0.662262982,-0.204129769,3.117681129,-2.274621031,1.106710424,-0.012043553,-0.050800789,-0.057397464,-1.120767651,215.8974742
-0.71812744,1.942508592,-0.554371694,0.038234323,0.814019786,-0.051359264,-0.273112342,-1.676179391,-0.104525609,0.459812691,-9.359070823
-0.32778769,-0.534842855,0.073329928,0.868657241,0.751921,-0.84569082,1.002802734,-0.012993679,0.032074328,-0.7259519,126.6723986
1.161917671,0.674160462,0.551518008,0.394255693,0.857256537,0.968020275,-0.073254114,-2.348966072,-1.112332174,0.609555969,99.80616165
1.223491684,-0.131121756,0.369008636,-0.289679351,-0.795477683,-1.633028019,-0.393264115,-1.230381157,0.358624443,0.202932738,-44.87476577
-0.041311063,-0.159971026,0.288171296,0.029425051,0.36590634,-0.604393146,-1.203356389,-0.196146431,-0.748313978,-1.05546402,49.31800143
-1.098916255,0.687426755,0.057864047,-0.265592633,0.008788443,1.20193167,0.684450478,-1.132149141,0.976431377,-0.421198817,-17.66353996
0.703756358,-0.378168258,1.92008942,0.62085659,0.860168903,0.260079352,0.28946012,-0.989982105,-0.219454259,1.263814336,262.2251118
-0.003070423,-1.171876449,-0.573966731,-0.735593245,-1.293982155,-0.955565101,-0.825409575,1.972393463,0.148415872,1.444906441,-185.0265438
1.609343376,-1.685492393,1.083392144,1.322973308,-1.000138921,0.551283333,-0.879016269,0.88398316,0.016620981,-0.185548535,201.4060772
0.710514087,0.299411938,-1.03281441,-0.195459657,-0.637567925,0.644954984,-1.36260028,-0.513649015,0.591432599,-0.93760778,-161.841104
0.674367786,-0.014641354,0.810051397,-1.501826519,-0.47850538,-0.761418968,1.105807303,-1.098724177,-0.818605904,-0.281143726,-61.03335844
0.750029953,1.067525208,1.414110987,-1.318968722,1.338414199,0.044739162,-0.291189201,-0.116383875,0.181108463,1.41617331,68.67722722
0.073200425,-0.232310905,0.800072213,0.808287605,1.240680832,-2.160437989,0.095848535,0.392439191,-0.448359597,1.333578573,210.6329996
-1.587556748,-0.379182986,0.140742494,0.516082779,-0.274765292,-0.403032965,0.807255428,0.735793054,0.123495931,2.255516983,48.94394717
-1.048646146,-1.068870088,0.122284462,0.054303903,-0.901137391,0.970085986,0.945667448,0.352928343,0.695969943,1.089368289,-16.95704505
0.94368497,-0.064879733,-0.190189798,0.953711255,0.116478775,-1.972111745,0.385689165,0.001651717,-0.481910966,0.484351701,81.08571127
0.670167262,-0.031395937,1.021658728,0.059654565,-0.519941837,0.893472894,-0.16306128,-0.286706322,-0.531875793,0.756115176,90.38873906
-0.452697926,0.58409018,-0.73785513,-0.581390021,-0.006837198,0.685875233,1.822922616,0.241557983,1.329868342,0.178441814,-104.595541
-0.249892868,0.837124331,1.916299075,-0.54047844,0.451091285,-1.136090794,-0.979102968,-0.638588894,1.637193034,0.30513088,131.4598468
0.283911059,-0.007062905,-1.027251888,-1.601181199,0.388424614,0.1871071,0.625591303,1.589441284,-1.026353622,1.484641862,-227.3674696
0.968284566,0.643674657,0.166313079,-0.737068569,1.230619844,1.333626187,-0.417298744,0.569199777,1.087306484,0.207349944,-13.31978361
-0.529767706,0.804855938,-0.872784954,-0.920152231,-0.060154499,0.779696182,-1.477164416,0.1778298,1.102692046,-0.51029116,-187.077917
3.019653142,-0.517925798,1.230102183,-2.213022111,0.468618825,0.738078752,-0.480057041,-0.742763877,0.663097632,-1.858481047,-84.20659825
-1.666790246,1.109039325,-0.685259468,-0.31244014,-0.114602039,1.074675448,-2.67840811,-0.176426314,0.264590332,1.006123664,-120.7646543
0.102478482,-1.612182351,2.668882758,-0.19620166,-0.772684623,-0.75534082,1.365058322,0.368429808,-0.183582289,1.683993338,218.088796
-0.54564064,0.120779191,-0.73307629,2.033697893,-0.468809398,-0.201777072,0.486411602,1.11311176,-0.476220935,0.068087168,112.5227692
-0.755853214,-1.45898988,0.330781931,-0.211851208,-0.494345716,-2.586838494,-0.474282854,0.537589024,0.988895318,0.156173033,-2.831637201
-0.527701412,-1.127285524,1.895507346,-0.150328374,-0.532606757,-0.774802178,0.200033787,1.623529211,-0.821680826,-0.067010042,136.7964283
-0.683266697,1.171682197,0.98009162,1.183375806,-1.175859771,2.587441229,0.492783974,-2.191982865,1.66466803,-0.650315395,141.0129752
1.359204699,0.764261029,-0.902053397,-1.16799321,-0.722825964,3.193007285,0.450789429,-0.444303717,0.100925802,0.344220912,-201.4744179
0.029151912,-1.024894899,2.142711034,1.439597927,-0.774684058,0.230533667,-0.741820642,0.863414072,0.24459807,-0.127357668,291.1133984
-0.517387457,-0.078074058,0.980009344,-0.203471799,-0.608233492,0.395985743,0.490901309,0.230703166,0.552806471,1.71325357,51.30854296
0.994624773,-1.366580489,0.839464913,-0.608998195,0.094015503,-0.32820687,-0.398049299,0.93333919,0.351026514,-1.24816761,45.47533665
1.084924836,-0.428470088,-0.130058853,0.8319089,0.66131806,1.229485682,0.300600001,-0.567345152,-2.397584707,-1.186192416,87.24104851
-0.080543673,1.065965068,1.19504976,0.134889206,-0.718052912,0.161870829,-0.216621642,-0.072183415,0.443916796,-0.083481748,95.00312718
-0.478418667,2.211853957,-1.238397061,1.789266061,0.385685927,0.872405747,1.028868315,0.078489741,-0.515280058,-0.303785601,66.90259936
0.575246532,-0.777447757,0.040302599,-0.781348802,-1.165670086,-0.022295121,-3.009341143,-1.155645109,-0.527735571,-0.881710192,-149.1919612
-0.148222889,0.505261343,0.591090531,-0.156409279,0.894930062,0.040307699,0.76366815,-0.124718158,-0.426599636,0.400737254,65.5457666
0.208457217,-2.236645153,0.376716848,0.691262491,-0.413600714,-1.292429163,-0.753232477,1.16190862,1.460556636,-0.440791696,71.32182267
0.597661001,1.460903426,-0.101259688,-0.161269501,-0.385715369,1.422141812,-1.770774423,-0.236520515,-0.955518768,1.008752072,-51.04496734
-0.094753146,1.146170451,0.727169222,-0.522200848,-0.622002019,0.074792263,1.298370004,2.029297356,2.13198365,-0.931159402,0.715413195
-0.633791635,0.0998223,-0.15051192,0.460283832,1.225593273,0.096377748,0.839590066,-0.879688485,1.536767329,-1.075936202,78.08554603
1.728063799,-0.10643051,-1.173699643,0.782595127,1.540428952,-0.050229685,-1.448083208,2.229043725,-0.430314525,1.684037627,13.85023224
0.774022774,-0.007480797,0.489178351,-1.179776749,-0.239555859,-0.012024029,-0.029351702,1.346941244,0.033023307,0.395307253,-63.0665008
0.720013656,-0.081284051,2.227971465,-1.315907401,-1.817591839,-0.048774117,-0.706854704,1.64318627,0.246192438,0.695722047,25.23055873
1.264086396,-0.644799452,-0.515563777,-0.097347812,-1.255778435,-0.099334446,0.50743373,-1.482790063,0.760914817,0.590320252,-84.58585322
0.495033211,0.086692558,-1.293953719,0.105194656,-1.186524022,1.181853398,-0.27067588,-0.994466351,2.305654507,-0.184218286,-154.3355417
0.248473218,0.458550859,0.867153129,0.096933626,1.103497501,0.312524816,0.303404671,-0.156375477,-1.469712365,0.331075891,121.6872564
0.670911248,0.60379052,-0.569449774,-0.124021387,-1.219284467,-0.822076012,-1.064220007,-1.120047422,-1.688505188,-0.009844809,-111.3517687
-0.19334095,0.896797332,0.403299604,-1.825657996,0.295665551,0.216689097,-0.301526296,-0.06084952,1.278280947,-1.484439068,-120.8939582
1.252645007,-0.859254504,-0.340768649,0.07536724,-0.219878965,-0.652552904,2.504316802,-1.154497227,-0.854710653,0.030811115,-46.94920264
-0.68553663,-0.249943591,-0.371396381,0.478927241,0.616055679,-0.123669572,0.067305305,2.706469573,0.190136245,-0.432193903,35.8237115
-0.342789901,-0.404190614,-0.829770971,-1.262365773,-0.722690457,-1.87656171,0.550086714,0.133407839,-0.587937482,-1.546812682,-211.7599846
-0.080890147,-1.377776792,0.17336161,0.736790374,0.14638064,1.08085525,-0.07139257,-1.128862978,0.452018425,-0.687902419,102.4213672
1.064456208,-0.121041492,1.76487371,-0.065176767,0.530394306,-0.137388599,-1.066433475,0.371816811,-1.304645999,-0.384468113,164.5534844
-0.143538437,2.807650783,-2.171124378,0.098843508,-0.077779631,-2.05935428,0.854070251,1.964826942,0.938109359,0.279415535,-179.0574705
-0.579305309,-1.111123766,-0.898490487,-0.270786497,-0.053233668,-1.1218288,1.342776964,1.431635987,1.770957553,-0.270505304,-108.5111282
0.224513519,0.324765532,-0.378378756,0.287772168,-0.513455318,1.887001006,0.898613064,-0.096674848,-1.120376225,1.252020739,-35.72889194
-1.03733636,-1.116730133,-0.485335725,0.101816355,1.853597894,0.316381999,-1.569535156,-2.093044356,-0.124987785,0.028206424,35.89768761
0.005457844,-1.527580941,0.799664515,-0.586922605,-1.051329018,-0.622730581,-0.315963951,0.820908521,0.946551361,-2.219989088,-41.79185476
0.198238776,-0.041495212,-0.765916021,-0.062225063,0.30698002,1.909185389,0.215140463,1.275898494,1.512038814,0.469213702,-55.85150091
1.750925942,-0.031518513,-0.686538753,1.163376055,1.339326589,-2.109838241,1.068792321,2.560502959,-1.088411236,-1.285999707,91.36888245
-0.172926583,-0.231322328,0.863974278,-2.425482899,0.214033838,-1.393032302,0.644451158,-0.061721211,0.398868124,1.17272118,-121.8362756
-0.156270345,-0.971682036,-1.428169081,0.789951591,-0.301937986,-1.370430901,-0.646894181,0.116286938,-0.172263538,-0.10330372,-59.12940195
0.757743317,1.010532767,-1.007178114,-0.402418208,-1.139457245,-0.213332916,-1.12314789,2.227139061,-0.059231752,-1.206300703,-198.0708155
0.350821767,-0.097073677,0.709963932,1.294331253,-0.615057665,-1.408676924,0.608967902,0.414292767,0.536535301,-0.606694915,152.4550967
-2.268739496,-1.041932669,1.156143126,0.51491787,-0.003370583,0.26257786,-1.202902429,-1.237316387,0.949558755,0.631412662,141.4926262
-1.495139658,-1.138262135,-2.002142725,-0.459335124,-1.447462257,0.201939903,-0.134048767,1.273946729,-0.614740616,0.094427224,-291.2661049
0.352167615,0.343459074,1.264022009,0.513140399,-0.911224273,-1.156642304,-0.345493653,0.343969427,-0.852632138,-2.925296636,127.374875
0.850633394,-1.49782603,0.220245079,1.357599815,-0.752129886,0.773936342,-1.520067045,0.01001534,0.286496291,-0.15883598,119.1998754
-0.864426705,1.589523036,-0.8857138,-0.624834618,0.453905229,-1.755505589,-1.10128649,0.023385215,1.007304357,0.732151226,-119.7333043
-1.657207939,-0.46619795,-1.226205076,-0.820001964,0.523913321,-0.029965957,0.481818378,0.947057742,0.219812853,0.696888142,-181.7048304
-2.10177638,-0.879000475,-1.246669453,-0.379774847,0.640070648,0.306670624,0.304781761,1.062757418,1.297338321,-1.933525739,-138.1517274
0.57828251,0.614952051,1.869881452,0.81430217,1.089504843,0.416684836,0.821585842,1.189002966,-0.205058762,1.926630887,311.2034581
-0.04923952,0.349726764,1.787113422,-1.535826484,-0.804689039,0.625292441,0.275697096,-1.13418101,-1.487224708,-0.822864691,-29.94336236
-0.655402523,0.157410808,-0.177508525,-1.302266238,0.4164305,-0.483494878,0.311985071,-0.566949883,0.122757821,-0.205832134,-114.9916984
-0.606845771,-0.440401331,0.903802446,-0.707211446,-1.103258723,2.36697266,-1.12845629,-0.930793624,0.140735726,-1.128898129,-21.23854333
0.385749968,0.702659998,0.864248385,-2.707543855,-0.630249295,0.833157767,-0.719989533,-0.214954838,-1.253506012,-0.924062807,-203.9555209
0.934311738,-0.432401187,0.347389842,0.40608511,1.040642443,-0.657898489,-1.266538829,0.834055452,-2.820168822,1.167290717,112.0494541
0.823705514,-1.260566011,0.249663052,-0.376993506,-1.41675664,-0.801441849,0.535071575,2.659440258,0.22946463,0.457098794,-64.03029848
-1.327284038,-1.177020388,-0.567588355,0.243339565,-0.067394253,-1.281669917,-1.142967199,-1.249296926,-0.43895077,0.17790626,-30.56243759
-1.121646237,-1.451219216,0.523727765,0.605543983,-1.590845857,0.508087714,-0.434734968,-0.007708651,0.008066759,-1.495197587,47.14806516
-1.536089833,1.089432798,0.433569005,-3.367805733,-0.506235335,0.92034601,0.667462572,0.745251109,-0.327593881,-1.217792709,-296.3649976
0.305960024,1.295997671,-0.66715955,0.033223239,-1.146550164,-0.467923722,0.358736144,0.774625635,-0.537406379,1.780452751,-105.3601801
0.967334365,0.142586292,0.625838658,0.456641527,0.328659498,0.265849649,0.028728692,-0.586417278,-1.284968746,2.391452663,105.8634329
0.417675101,1.480992404,0.345086186,-0.931991125,0.590362208,0.354818118,1.211265496,1.264050171,0.915529792,0.798504905,-39.41298101
-0.571282569,-0.164026827,0.229506333,0.70474828,-1.240560362,-0.899969111,-1.077959232,1.060844312,-1.457486454,0.30178282,30.76321483
0.238137692,0.266257207,-0.256533964,-0.323680425,-1.794056023,0.271514316,-0.229137051,-0.265782178,-0.494927121,-0.312060456,-121.4483636
1.040872193,0.028520152,1.027078938,-0.276345645,-0.110985534,-0.154775674,1.972381716,-0.741245685,-0.485736048,0.58227511,83.85743565
-1.11652444,1.23581162,-1.522359186,1.112688375,-1.352670286,-1.029371508,-0.629263394,-1.707357958,-0.535801463,1.53372771,-98.3688324
0.486486398,-1.166014389,0.139870266,0.983369633,0.932529486,0.807553014,0.687610735,-1.284177486,0.909512111,-0.416987296,141.9970486
0.645484181,2.163254723,0.028744823,1.278451863,-0.393338812,0.368673309,0.191099068,0.746253566,-1.359856141,0.046436548,104.922217
-0.283151885,-2.025039914,0.729772937,-0.931001712,-0.358958385,0.314444591,0.043030973,2.121631307,-2.065302775,0.686857911,-26.3612748
0.103979924,0.453421246,0.576509953,0.148441979,-0.702718637,-1.528038773,0.293359643,2.608465448,1.550798615,-0.360286606,36.56516173
-0.700908183,-0.83996287,0.985289233,-0.696350451,-1.845005064,0.803948142,0.359900558,0.468702967,-1.198704232,-1.92950969,-48.16700128
0.233042952,-0.718064784,-0.162703702,-0.87119303,0.093523496,0.745360724,0.072153237,0.087473754,-1.143338991,0.738237231,-111.765026
-0.876239774,-0.98905897,0.905190036,-0.086794623,-0.433946321,-0.112913814,0.000886886,-0.444462471,2.190735779,0.899873723,45.70612827
0.824102897,-0.164149413,-2.217591079,-1.168177828,0.033524702,-0.032047494,-1.096875079,0.324036443,0.872153106,0.822066078,-324.4694426
-0.187227322,1.032657517,0.804933391,2.190417001,2.210689726,-0.088373288,0.88239709,0.377263259,1.974078688,1.027479343,362.5953399
-0.437822123,-0.899857972,-0.289921153,-0.879839306,1.209531401,0.620933396,0.827775214,2.177554189,0.100735808,0.802332778,-41.44037126
-0.187057516,0.095462041,-0.717853214,0.795863812,0.967931949,0.21833875,0.654388134,-0.538784838,1.31600742,0.289911174,55.76304848
1.210065933,-0.306381364,-1.178346125,-1.096012048,0.81660357,-0.833133134,-0.803042401,-2.441706987,-0.252880066,1.654513281,-188.0195453
-1.120060622,1.48901766,0.907011013,0.467897196,-1.325546257,0.670302355,-0.075401847,0.477525641,3.103201276,0.940025895,84.19718882
0.568983079,1.628396623,-0.088282048,2.579709338,-1.36980298,-0.557491785,-0.803674568,-0.553588242,1.677700814,1.639116805,187.0084636
-0.451633346,0.087858012,0.541594106,-0.494895445,-1.068672767,-1.063753029,-1.486724887,1.128309055,2.20840777,-2.08771589,-63.39452301
0.526099945,-0.373519055,-0.328652688,1.32298057,0.55136915,-0.66691833,-0.384393191,-0.3586146,-0.468805325,-1.23638346,123.2617659
-0.033229991,-0.208116857,0.953136634,0.287124165,0.233216131,0.708214423,-0.612437375,0.108559706,-1.143726207,0.361503525,113.0236221
2.533710829,-0.048532526,0.403024882,-0.935400744,-1.732838754,-1.051296372,-0.034722128,-1.522899714,-0.941556681,-0.181722495,-120.063458
0.408096059,-0.903293111,-2.248496534,-1.125096327,1.099584464,0.325485112,-0.580741091,-0.121688686,-0.145033692,-0.003480849,-268.9801583
-1.310817609,-1.396846849,-1.266131744,-0.394536968,-0.265744395,-0.079991513,-0.666274369,-0.038753946,-0.558832293,0.085878538,-162.6432615
0.430259628,-1.825813539,-0.495327145,-0.272179645,0.008049248,-0.916694494,2.156085208,0.524087334,0.313592677,0.456775884,-64.05743292
-0.599049749,0.045167831,-2.328211902,1.020030321,-0.4213573,1.175604899,0.356433567,-0.348118587,-0.567374834,0.182861302,-131.297754
-0.073157823,0.565849683,0.930515157,0.017206578,2.359452622,-0.453715578,0.368101385,0.51189667,1.231725174,-2.355423188,185.1982804
-0.111880099,0.849581867,0.376678287,-1.336420927,0.597987067,0.427697458,-0.806368677,0.292607242,-1.958465365,0.849942886,-72.65432713
-0.611001124,0.79634002,0.244098444,0.273911087,2.013554295,1.220550604,-1.523172464,1.050319552,-0.193082074,-0.531411401,114.8627697
1.001868808,-0.228312865,-0.058429753,-0.457953,-1.265959824,-1.414819457,-0.959187962,0.356696097,0.747534972,-0.39188303,-89.8927462
-2.815810494,-0.047101708,-0.267412806,-0.274767594,0.575038407,0.13036406,-1.774110312,0.777039266,0.211458945,0.893415957,-34.5734868
1.76545424,0.404981711,0.504987279,0.865755194,-0.114736441,-0.792520738,-1.200296407,-0.653329233,-0.474945311,-0.334501236,109.8148032
-0.349698745,0.025672315,-0.042448529,0.506811398,-0.522781217,1.056030372,0.545258483,-0.418248915,0.211124777,0.886952607,29.2997683
0.972661304,1.38095309,-2.021602503,0.384128398,-0.106644589,-0.252028182,-0.173264124,0.324623874,1.999828596,0.561116896,-167.7417334
-0.94481449,0.165025262,0.247333302,-0.30081413,-3.329503798,-0.064397541,-0.983449763,-0.476017748,1.172697577,0.315719422,-155.9004897
-0.671876057,0.582032289,1.167164547,0.881810933,1.316247307,-0.088573992,-1.579340431,-0.89370231,0.358201359,1.208175403,234.2876945
1.858598453,-0.670055859,0.06117723,0.906650008,-2.403228592,-1.646602811,0.501010006,0.929790961,-1.485985692,-0.723592942,-6.602816232
-3.020575922,0.679583149,0.535215148,-0.430676392,0.204146605,-0.158084628,-0.16631706,-0.792369264,0.868179273,0.241955402,20.54866644
0.891578457,-1.759951926,-1.208351949,-0.664280974,-1.082441044,1.914904505,-0.702297213,-1.547840461,-0.421711852,0.526285869,-225.2370821
0.652102619,0.406806188,1.139388358,-0.550493116,0.373335539,-0.767403272,-0.04080688,1.113741732,1.459310813,-1.600992445,70.75744874
1.674019427,0.216356535,2.013320946,-0.523553743,0.200151665,-0.534262023,-1.039327299,-1.003472089,-0.217529384,-1.134194423,133.5911311
-0.082445959,0.687140306,1.240383435,-1.031997891,0.686288542,1.457437949,-0.326417626,-0.145228646,1.160952691,0.429350714,41.7048095
-0.179185247,1.608191506,-0.791666305,0.409149845,0.112893537,0.928831405,0.812594698,1.015875938,-0.234760929,-0.023764588,-11.54679622
-0.590214612,-0.120497414,2.333016418,1.295927862,-1.1617513,0.564498204,0.01257577,2.523373331,-1.636801864,0.867394493,295.8662158
-0.675937665,1.322548463,-0.046749454,-0.799742888,-0.226175288,-0.050942279,-1.487289793,-0.431001106,-0.131180154,-2.094437527,-79.80606914
-0.339759008,0.231607474,0.151403048,0.298451814,0.864824438,-0.740490106,-0.782598597,-1.007911695,2.084712921,0.70703236,74.88475128
1.667115975,1.492156728,0.297365168,1.083826105,0.285661382,-1.246909652,-0.212033934,2.459231205,0.652913328,1.066587906,124.7024258
-1.308149301,0.162668099,0.740244927,0.645990042,0.010202128,0.587665159,-0.365516726,-0.177676342,-1.715272265,-0.784837175,126.0328284
-0.071739558,0.460466504,0.064956191,-1.478854695,-1.645467889,1.799587017,-0.700876816,-1.188291351,-0.266956307,-0.706818785,-223.1569327
0.897066197,1.274875041,-0.635362389,-1.189666659,0.619711446,-1.876552706,-0.62434539,-2.205566057,-0.604744665,-0.184525358,-148.2838931
0.293765288,0.412785117,-0.897624976,0.058900793,0.837211858,1.076161427,1.565165848,-0.996103336,1.348230044,-1.584734333,-20.37352265
-0.377163761,0.54203787,-0.010277064,-2.021345151,-0.460735517,-0.704766363,-2.301763856,-0.193142277,-2.769176565,0.059145942,-222.1871563
-0.661786465,0.852433335,0.04557184,-0.651600348,0.21645859,-0.730366632,2.143944089,0.186454315,-2.025142587,0.633919022,-46.59657767
-1.173817997,-1.675840165,-1.387753081,1.138698947,-0.772235021,0.008274494,-0.385400976,0.32202048,0.285281951,0.167043104,-32.45178029
-2.551829109,0.396864636,0.864727418,-0.499470741,-0.899634314,-1.672508647,0.415164391,-0.646591653,0.889569923,0.417313862,26.37029081
-0.137349472,-2.07720827,-0.73897751,0.412429846,1.488232717,-0.425688964,0.895853902,0.956905147,-0.093883931,-0.214142589,43.04253128
0.676357048,-0.037687121,1.574146786,-0.345907281,-0.117172005,0.395914221,-0.83738079,0.168651368,0.925281893,0.895796218,103.8784735
-1.562785069,0.417817579,-2.614441076,-0.294912268,0.146498283,-0.083227926,0.853269472,-1.208744644,0.486525578,-0.61587497,-247.1277362
-0.186573253,2.171192861,-0.224679902,1.075021215,-1.133042347,-0.506089291,-0.004262938,-0.588018519,1.455401338,0.859414255,41.31977851
-0.696619325,-0.223586373,1.285077589,-0.035861653,0.401381391,1.42978982,0.394314144,0.43371617,-0.164600158,-0.621609226,131.9111069
0.012814305,-1.168490892,0.79668416,0.718062044,0.017068825,1.172894279,0.539041497,-0.588361564,0.172058922,-0.322011971,150.5356322
-0.980946727,-0.770813631,0.52593728,0.243890942,-0.503722337,-0.445795314,-1.192973371,-1.775982247,-0.371462021,-0.392726238,49.06147581
-0.202884417,0.487026443,0.379121904,1.052502365,-1.071734726,-1.207988823,1.03714136,-1.776269634,0.989311432,-1.002908841,94.78046471
-2.239747188,0.765236754,1.122149743,0.440884801,1.793671433,-0.676791042,0.81234295,0.939624316,0.728183713,-1.892113486,226.7886209
-0.702832813,-0.094243844,-0.672218873,1.255677526,-1.178996173,0.633066547,-0.5630662,0.051717885,0.474603923,1.122141734,13.0469336
0.440353994,-0.520968551,-0.528916379,0.777596062,1.138150331,-0.697364228,-1.458758393,-0.267137486,-1.984687941,0.235135299,62.02940574
0.287220345,-1.979319795,0.901111781,-0.611767862,-0.293566837,-2.679984486,2.143444819,-1.363103081,0.146992284,-0.256594836,29.1751201
1.494731007,-1.359201269,-0.543910054,0.82585267,0.06868071,0.157098651,-1.862863586,-1.636301785,-0.484955545,-0.534772256,8.297514759
-0.238018379,-0.160065404,-0.351126245,1.265342629,-0.247388182,0.498478315,-1.219914977,0.543436755,2.193608773,0.775055073,80.72100634
0.8132938,1.117029488,1.785313846,0.160778145,-1.34652505,0.04144692,-0.200941511,1.536150724,-1.101492564,2.085526972,101.8859995
0.837209487,0.723799416,0.81585351,0.252927204,0.892840554,0.639428042,0.415922659,0.895460224,-0.751026807,-1.090753716,147.535197
-0.372432847,1.060890619,-1.298523784,0.179131888,0.83638305,-0.172661381,0.148450608,0.402659251,0.496525441,-0.301315762,-71.3945039
-0.181150877,-1.064517973,0.417621516,1.499940093,-0.118820843,-0.447054436,-1.373047545,-1.48671847,1.126723637,0.659774759,148.3166081
-0.837676432,0.182173266,-0.589871767,0.497309107,0.365916779,1.947005514,-0.819933887,-0.193140426,-0.701649434,1.242162766,5.425818663
-1.873627925,0.281471138,1.195103425,0.082648992,-0.032425692,0.602873479,-0.161172644,-0.917200063,0.165117297,-0.068591489,137.1385475
1.155994454,0.397616834,-0.793013327,1.074337878,0.352936542,0.832043046,-0.871189954,-0.384594838,1.281611112,0.625326263,52.06558461
-0.421356808,0.62134674,-1.180972484,-1.151681109,-0.032042371,-0.60568,2.111296334,-0.367237001,-0.323042369,-0.860565404,-216.1967013
1.200078956,-0.491902448,-0.042823381,0.058022735,-0.457301655,1.237438135,0.848430882,0.211283692,-0.606700295,-2.246889334,-27.14232145
0.840620027,0.546733568,-2.121854899,-0.607821987,-0.118068527,1.317115067,1.296994547,-0.504774921,-0.999302232,-0.022868062,-256.8333706
-0.70211482,-0.915609754,-0.208447142,-0.360895236,-0.987731481,0.220273972,0.329995557,0.40401589,-0.537290696,-1.414066607,-86.26560755
0.33740107,-1.771754779,0.771803,-0.158214811,-0.797886821,0.7008291,-0.937140524,-0.559094572,-1.937973314,0.063689955,16.60277374
0.699953357,-0.710890179,-1.369530489,1.926275237,0.04512984,-1.843051026,-1.071630513,-0.600957629,0.535425956,-0.828857009,44.38481649
0.144092883,-1.249777316,-0.682114659,0.314928468,0.812196443,1.001753434,0.703613284,-0.835361947,1.69432545,-0.610534768,3.051689428
0.091314729,-0.380455904,-0.270371399,-1.389780143,0.977872272,-1.415524067,1.352039366,2.159121155,-0.041248129,2.099407521,-102.0193981
-0.123183378,-1.877424453,0.688840536,-0.082524622,0.593159566,1.134977215,0.109530562,-1.381125047,-1.744157814,-0.013240229,95.89589653
0.431911882,-0.930376379,1.44273453,1.329454879,-0.041244829,-0.799614214,-0.75433591,0.633338538,0.761141313,1.275897385,262.8748437
1.100959635,1.958347454,-1.072743026,0.239246864,0.747910256,-1.97929981,2.07408267,-0.286004222,-2.530287523,-0.919384592,-18.75123316
-0.571928546,0.815324167,0.387148316,0.000559992,-1.672404526,1.444343412,0.826453111,-0.676070715,-0.839608372,-0.744978767,-28.94895679
-0.412156555,-0.751743565,0.547706193,-0.080616365,-1.123882772,1.023680849,-0.560624884,-1.192257409,1.07998317,-0.102831506,-13.54893828
-0.182712547,-0.367739704,-1.580898448,0.068832076,0.924385698,0.277886657,1.12833568,1.333838924,1.521134295,-0.116458096,-98.73408331
1.908723849,-1.342819864,-0.060895322,0.050261567,0.697043024,0.113700183,-0.787291996,0.72924445,-0.473412876,2.933402993,15.28800275
-0.221183028,-0.127867037,-1.07083026,0.609142924,-0.664853987,-0.313340909,-0.337804119,-0.665242158,-1.11162733,0.61901898,-83.18116969
0.100693016,0.381512451,2.054201834,-0.599161918,-0.821912776,-2.020151449,1.26447621,0.515586845,-0.277820502,-0.610840889,119.8174823
-1.664665985,0.296251932,0.848836796,0.396271564,1.659270664,-0.666317217,0.748120032,0.566980263,1.286050104,0.013655664,174.6740596
-0.691807194,-1.058308979,-0.246500623,0.024173182,0.868042,-0.462371649,-0.078421378,-0.457817258,-0.171270727,-0.892199351,11.19194819
-0.949180533,-0.100634637,0.175724713,0.646881555,1.118603577,-0.682795609,1.858855998,-0.094701118,0.896504183,-1.837263907,139.4251271
-1.843752959,-0.819052643,-1.055020755,-0.720278577,-0.817581587,0.069003501,2.485313925,-1.222362807,0.361907836,0.136124634,-178.6552366
0.861675044,-1.985848534,-0.534548515,-1.009005659,0.662607187,0.534487487,-0.14594335,-0.407438075,0.080667259,-2.381191536,-130.2829344
0.591320161,-0.948123946,-1.191648539,-0.867314509,1.932963175,-0.289998884,-0.202908979,-0.829100052,-1.950767327,0.41322545,-131.4341014
1.279020726,-0.288520736,1.05570082,1.303380272,0.141912409,0.08291739,-1.500737882,-0.532156223,0.578173229,0.22702972,214.0127958
0.474554762,0.735536556,1.399271375,0.898526993,-0.657355342,-0.288347268,0.109948538,-1.228458779,-1.627071715,1.024568164,197.7827844
-0.92576404,-0.057485749,-0.771239799,0.610881283,1.330950936,-0.398877756,0.763423813,1.068943437,-0.843371875,-1.079601319,44.80506073
-0.115126777,0.72926925,0.776908973,2.666467711,-0.14881592,1.150705726,-0.5770643,1.491623756,0.396218144,-0.177054721,318.3021554
0.067187675,-0.609821217,-0.111404135,-0.09961995,2.475064639,0.448052799,-0.60388605,0.28121053,0.231059121,0.085668338,86.76150994
0.146935298,-0.52213157,-0.6870141,-1.350555964,-0.826111992,-0.475795444,-0.075871451,-0.036330608,0.190916524,-1.684667577,-219.6636611
-0.61845439,-0.209702106,0.937206271,-0.42491141,-0.095159351,0.393572011,-0.58125595,-0.658127726,-0.812024875,0.423553396,52.08029208
-0.699814944,-0.256165906,0.794678323,-2.293662022,1.401069356,0.15143376,-1.053930848,-0.897589005,-1.786967566,0.338140325,-90.02328864
-0.165961731,-0.370750984,-1.32059629,1.29240893,-2.285084495,0.720610549,-0.223669274,-0.923400473,-0.69886618,-1.862213326,-84.10199971
0.185397088,0.068097487,-0.353584813,-0.654027609,1.693957226,-0.065768724,0.815508224,-1.319158602,-0.144601538,-0.711856154,-38.58273621
-0.323601027,-0.869222814,1.481217696,-0.06766145,-0.345611416,1.55827299,0.982326063,0.143941993,0.214434954,-0.859525112,113.0196001
1.04546024,-0.2014199,-0.625773044,0.229924345,0.415802726,-0.173544418,0.777797631,0.052372769,0.78135812,-0.73229955,-19.08516444
-0.380258303,-0.909195142,-0.267737943,-0.206472954,1.037362117,-1.046937591,0.401188091,-1.24113878,-0.799975068,-1.418537552,7.657539146
-0.911434139,0.823011357,-1.202648265,2.15265909,0.256167217,0.914945263,0.649538639,-1.640215589,1.285028827,0.777410116,116.7720201
1.049116139,-1.370609278,-0.79646894,0.617028497,-1.054734228,1.313643046,0.795515864,0.349484608,0.472927137,1.359596801,-44.67577232
-2.221233501,-0.064265128,0.015983767,-0.250427217,-1.532182416,-0.196781833,0.511525672,0.92576245,-0.54932053,0.081247076,-70.10648235
-0.845410982,-0.613660468,-0.318244915,0.038422179,-1.665157152,0.477238862,1.149937156,0.301853324,0.962811233,0.614490551,-83.02880343
-0.120501058,-1.387286513,0.130129438,-1.504148531,0.038078019,0.914955333,-0.556465778,1.22116575,0.443892839,0.517210216,-139.0819684
-0.20979816,0.698123605,-1.443413063,-0.143126397,-0.363263539,-0.046179213,-1.737328063,0.663803579,2.06449439,-0.369417171,-177.5623376
-1.068203831,0.539547533,0.933342304,-0.352964231,1.198573671,3.611350063,-0.625165788,-0.990604337,1.081406544,-0.279839076,109.8745756
1.044711242,-0.967940214,-0.164097251,-0.433322219,-0.53371476,1.039090422,-1.136389351,1.087318379,0.048017817,1.569719587,-60.97959637
-0.933106077,-0.996931626,0.245114284,0.726794046,1.687548055,-1.039111168,-0.6281494,0.277552513,-0.257052409,1.286382137,163.1961605
-1.363891778,0.802062711,-0.308344033,0.140969282,-0.893522481,-2.065646793,-0.100976105,0.343862545,-0.574633032,-0.281645615,-50.85139421
0.501716324,-1.010329788,-0.142488852,0.848087159,0.321721372,0.221811148,0.237041224,0.428454682,0.944499854,0.788180009,108.2480547
1.612278258,1.314914454,-0.654075683,-1.830632897,0.67787532,-2.703232293,0.5112026,0.952874547,-0.137448515,1.373658545,-233.8601872
-0.40309229,0.087625155,-1.435954978,-0.215062036,-0.580917177,-1.17410438,0.926067593,0.337573733,1.021725269,-0.003671088,-185.0707817
0.84148595,-0.341928778,-1.629355832,0.214096525,-1.220866639,-1.394974168,0.853821886,-0.469679483,-1.385290909,0.034137411,-170.000023
-1.721840541,2.138730107,-0.926717162,0.162673072,-0.526484823,1.005828621,-0.213965723,-1.203596215,0.216485356,-0.467390599,-76.41737308
-0.641481595,0.431922545,-0.626717225,0.862393472,-1.379618165,-0.971656735,0.953125045,0.516178287,0.725095787,0.51308542,-8.310126857
-1.247274885,0.395171785,-0.793941043,-0.534423562,0.167706324,0.131716823,-1.012815638,1.80860931,1.25122911,-0.738017588,-113.825706
-0.202443174,-1.127504247,1.041107817,0.653007938,-0.062513768,-0.834376312,2.484144081,0.677149974,0.204000381,1.192477403,174.5528533
2.38043916,0.160802743,0.259095203,1.573690172,-2.388656283,-0.857588432,-0.573178676,0.62743525,1.784553727,-0.791544213,64.36776806
-0.079316642,0.574702331,-0.841484992,-1.648956686,0.643898695,0.446539969,-1.180463682,-1.654098367,-0.93557153,1.087416474,-221.6969942
1.576722201,-1.468332856,-0.877026954,-0.159427647,-1.647957349,1.259180029,-0.530925697,-0.38091351,1.839477207,0.525954583,-166.5687044
0.3652692,-1.450744654,3.158073426,0.608242663,-0.307432345,-0.447674366,1.132068339,0.473573537,0.835393866,0.768125712,339.6323959
0.057136761,0.109508763,0.117775697,0.679484534,-0.651045066,-0.480380379,1.610773492,1.630079432,-2.43904659,-1.956539975,51.28065728
-0.735303461,0.721479324,1.667224112,1.523238622,-1.178040867,1.183493667,0.735621997,-0.524448136,-1.656623208,1.781798909,252.641197
-0.311328612,0.894027054,-2.656238375,-0.460058574,2.02920998,0.752910954,-0.011272619,-1.71715964,-0.929750725,-0.672229474,-208.0893144
-0.33913086,-1.829098735,-0.032968919,-0.470582705,0.410519725,-1.19293673,1.056298508,1.174644368,0.421562903,-0.592280696,-27.2891514
0.799068073,0.00613145,-0.478554267,0.51566063,-0.646242324,1.685701754,1.621873748,0.631418606,-1.332449781,-0.519834146,-11.90696522
-0.890194573,-0.71291841,-0.8652106,0.87287895,-0.342964836,-0.391953668,0.376815071,-0.158416235,0.60551292,-0.711058357,-3.203139187
-0.435408971,-0.207023961,-0.234522926,-1.197397686,1.338379904,-0.514819662,0.713073232,-0.524926521,-0.633186339,0.690532462,-80.52338259
-0.387699916,-0.413615666,0.1409827,1.588626928,-0.614122565,0.145521198,0.695402475,-0.804966481,-0.111508827,-1.14100851,132.852782
0.207719265,-2.746502853,0.221290447,-0.020444099,-0.222694608,-1.181767219,-0.362155833,2.588803118,0.058007679,0.72584167,30.05365277
2.418355754,-0.031160365,-1.983762209,-0.520209013,0.225170932,2.044938798,0.096866032,-0.921717836,1.028698716,1.845399681,-220.3347342
1.527116505,-2.505186879,0.013779228,-1.313538924,0.313912161,0.625084334,-1.427413676,-0.192729855,0.265739226,-1.153965398,-113.204206
0.337522328,0.264469257,0.413985629,-1.420213273,0.670304119,0.921235791,-1.08126593,-1.291004912,0.358620207,-0.82417828,-72.38752024
1.122032154,0.649671751,-0.260144419,1.2353666,-0.778293981,0.784068977,0.425915243,1.174472001,-0.186808543,0.064948384,62.0386315
-0.323167666,0.268812356,-1.880288411,-1.025219086,-1.056111569,-0.409340575,0.114941772,0.229094832,1.121689142,1.427328652,-290.275031
-1.323809637,-0.665479736,0.903954113,2.072277291,-0.530873996,-1.995013485,1.310041207,-0.821389374,-0.849560354,1.285285212,267.2747454
-0.687228138,-0.530616772,-1.75476963,-0.943846756,0.332424711,-1.494595002,-0.504592606,0.125548391,-0.700789103,0.513555613,-244.9164913
1.562244211,-0.157561956,-0.548162879,-0.667309605,-0.254125823,0.16138705,-1.605170442,-0.507345196,-0.94085353,-0.911939947,-151.4526591
-0.892582136,2.2229552,0.810791283,-0.338619868,-2.008517924,0.06459336,-1.205382079,1.261461031,-0.369869243,0.33254681,-53.72592502
0.443047798,1.20613556,0.671973222,1.717193843,-0.398637314,0.868201454,0.833102935,-0.18740041,-1.154228232,-1.202025166,211.2909865
1.483512247,0.345399466,1.096646233,0.528768354,-0.284443765,0.944415482,0.016191128,-1.047012742,0.764604786,0.902456419,134.6862325
-0.399770511,0.157145784,-0.589915396,0.331038903,-0.049910233,-1.505832405,-0.809346685,1.221804685,-2.064865278,-1.025723395,-14.19677508
0.370175453,0.678346885,-1.080286794,-1.268058099,-0.230242671,-1.774284192,0.535133624,-0.669684934,-0.142771649,-0.419261281,-255.1312274
-0.510038175,-0.458905164,0.45858678,-1.405746276,-0.652263184,1.459329652,2.022866118,-0.297874123,-0.412793844,0.26853593,-115.1056001
0.323079273,-0.252353502,-0.645964179,-0.799192007,1.374876419,-0.182896441,-0.482743522,1.624678458,0.122670316,-0.953328608,-87.14584573
2.036582357,-0.412744094,-0.75311158,0.076102416,0.512599511,0.962591983,0.125132991,-0.680721609,-1.104624974,-0.919158658,-38.04432382
0.43594763,-0.761941238,-0.504422683,-1.5198928,-0.544296146,0.467252215,0.926257491,-1.035961929,0.182098246,-0.386002576,-197.2474918
-0.077125877,-1.196599389,-0.755000867,0.239476541,1.828642224,-1.426923804,0.251779022,0.415841356,0.1251673,1.592931153,5.769738787
0.693478912,-0.39201264,0.492018848,-0.526034843,0.420972944,0.69882842,-2.15334292,-0.862775764,-0.478837456,1.097152712,16.902157
-1.392932638,-0.595490407,2.466588009,-1.182569389,-0.330585338,-0.109138585,0.872921982,-0.048399051,-0.854466506,0.015422971,91.66647856
-1.104145457,-0.957927839,-1.325157155,2.105086639,0.007673193,-1.613368236,-2.061523112,-0.365132938,0.016700867,-0.800175299,71.92868453
-1.052372022,0.291310456,-0.203522398,0.278668456,-0.531617936,-0.751941621,-0.304485282,0.257285888,1.023009884,-0.858387534,-14.08525319
0.154493666,-0.33655259,0.494705654,0.383435031,-1.745707433,0.044358798,-0.409308474,1.127908993,-1.127496099,1.005924512,36.0189021
0.252285835,1.196343199,1.073072767,-1.646455835,-1.000958439,0.834035811,-0.558788273,-0.302477542,0.355936486,1.706015822,-85.51768513
-3.29556118,1.156761982,-0.450123473,0.507299986,0.15769422,-1.428856614,-0.740181925,1.230912091,1.662871099,-0.604701855,1.335250808
-0.367784527,0.702533314,1.299987372,0.960305168,0.964769894,-0.428980717,-1.794191867,0.898117324,-1.838518623,1.083145213,240.3274365
0.984296445,-1.390429006,0.048848393,-0.666645193,0.014416563,2.140970296,0.496737757,1.317351305,2.164892589,-1.158001807,-39.26666981
0.986468594,0.405572369,-1.611253628,0.47608249,-0.037138445,-1.205523279,2.233722038,-0.119478176,-0.168743338,-0.639531489,-76.14931149
-0.344133401,1.084442988,-0.269452248,-0.21984637,-0.728847236,0.607570943,-0.015440909,0.312358493,-1.304597768,0.146043321,-90.84386969
-1.864855472,-0.267577168,-0.150362928,0.288012896,-0.196576987,-0.060091678,-1.671682913,-0.596197302,-0.318727423,0.708660067,-19.77897126
-1.578028583,0.126579307,0.153440953,-2.634318248,0.114897213,0.897197552,-0.833339073,-0.951652824,0.654668225,0.744633047,-242.7248697
-0.682074798,1.152348639,-1.460302435,0.187941776,-1.165202,-0.814153257,0.572471412,-1.156996456,-0.117981095,0.650965679,-147.5727634
-0.808512193,1.132591309,-1.120445859,-1.514489458,-0.0621034,0.046348699,0.386225374,0.735360827,0.938280898,0.187842407,-254.037069
1.553354699,0.039799454,1.780638599,1.829562596,0.347916078,-0.629886238,-0.575337368,0.824668625,-1.42926688,0.253183696,354.5038476
-0.52884392,-0.226942179,0.788381696,-0.016333751,1.066846462,0.044132206,-1.863349867,-1.181249665,0.225336018,-2.434474117,95.66124417
0.007350675,-1.082840529,-1.737686198,0.085343956,0.817992099,0.068206783,-0.070046444,-1.038734434,-0.187701606,0.725418827,-128.0755403
1.21025202,-0.215069264,0.650818997,-0.064766457,0.68490442,1.006234675,-0.406707015,0.004862255,0.821408323,0.288895144,81.88379797
-0.287934956,-0.25274359,0.616434828,-0.046452,-0.983702324,-0.972880656,-1.187067308,-1.142961793,-0.372814492,-0.951815666,-2.363932416
0.710424534,-1.055844637,0.422014359,-0.216715011,0.403170167,-1.359968214,1.867231287,-0.7308349,-2.21728371,-1.563929265,29.25116025
0.775128526,-0.452252771,-1.563374531,0.171379947,-0.526075908,-2.550536229,0.178081567,1.763041692,-0.534584268,-0.973212698,-143.1736694
1.164371303,1.050905169,-0.278300009,0.985079552,0.804691505,0.341138477,0.077141756,-1.982903767,-0.638888766,-0.472146334,102.8021759
-1.094247826,2.368045592,-1.907219071,0.138950573,1.436568352,0.813616536,0.715414041,0.136223162,0.378155936,0.251963604,-99.82312504
-0.36833271,-0.480359672,0.564864132,-0.488799798,0.038084506,1.586114131,0.207929692,0.77477339,0.664552414,0.65048964,28.05542246
-0.030572784,-1.311621377,-0.846454817,-0.761242239,-0.024026326,0.55190985,1.249289356,0.344378865,-1.168000284,-0.996418662,-137.5393979
-0.945267079,-3.159088014,0.776453433,0.073302029,0.143881763,0.091439903,1.099700038,-0.699212847,0.135541314,0.291622251,84.28069967
-0.131780371,0.175421821,1.442821475,-1.108749408,-0.755792225,-0.110373336,0.212363746,-0.728264654,-0.834945049,-1.192645163,-7.22768053
-0.332272701,-0.612550902,0.656116202,0.769215277,-0.47084983,2.056585821,-0.139595127,-1.417639757,0.245819222,0.606795025,112.9124911
-0.579128837,-0.45781697,-0.113876608,0.015033926,1.089379836,0.033567648,-0.599649511,0.900775132,0.349827913,0.430739934,29.30400996
-1.720580399,0.15055643,1.059426623,-0.849389683,-1.625627521,1.154957063,0.71576457,-1.106230282,0.222803419,-0.363701301,-33.04663638
-0.664966511,-1.542822149,1.16298088,-0.619871071,-0.056085726,1.047176655,0.70710616,-0.107127217,-0.965575006,-0.717498602,48.94213299
0.061770871,-0.061195741,-0.071317891,1.242950203,0.424902532,-1.523470509,1.172251513,0.508368677,0.298427899,0.569783351,139.2348387
-0.246745876,-1.413076127,-1.055111535,-0.240578727,-0.882107293,0.867427691,0.828785396,-1.642588134,1.049687019,-1.158785465,-150.4861481
-0.829143485,0.021665412,1.34133007,0.092421147,-0.181645139,-0.473523382,0.135282509,-0.241314904,-0.309243908,-1.447217779,115.2031954
0.816259719,0.398212878,-1.315318604,-0.751584081,-0.05298154,-1.113090028,1.261250581,1.494195951,0.677527827,-1.850835763,-187.0460285
0.405354169,-1.138580734,-0.542975707,0.294454597,-0.409165069,1.012692205,-0.866034445,-0.556734512,-0.732108775,0.278745754,-36.31849152
-1.430858584,0.683062711,0.712724569,0.218507586,-0.330034646,-0.701089501,2.143365983,1.789088983,-1.394988899,-0.805785897,86.71476847
0.782873735,-0.43112557,-0.989957793,-0.03500761,-0.182568974,-0.496932025,-0.811000864,0.212739776,0.258661148,-1.11404645,-91.90065913
0.328985279,0.459188523,0.156832167,-0.856190105,0.592769486,-0.856476089,0.02586651,0.086547648,0.082370451,1.305081592,-45.80686633
-0.555125156,-2.157036725,0.0358026,0.138147556,-0.069455138,-0.224306828,-2.415363262,0.732218073,-2.229575574,0.01465591,-11.13797629
-0.176407054,0.353679596,0.626244266,-0.994717274,0.392272527,-0.585185853,-0.284930819,-1.250428545,-1.823492735,1.100391824,-20.75747279
-1.577753228,-0.781740472,-1.195352559,0.621952242,1.603369492,1.006335569,-0.372387185,-0.83313778,0.147705821,-1.467272398,28.21129954
0.530683123,-0.663436157,-0.168300423,0.599103332,-1.269465266,-0.380763404,-1.207759393,-0.482983926,-0.849720921,0.809112791,-22.98350513
-0.982292243,1.017021522,0.75934083,-0.120487899,0.818068193,1.606465231,3.009206576,0.26803354,-1.973423369,0.11269822,99.50180587
0.379699677,-0.311467195,0.530801584,-1.073190274,0.472639763,0.605404505,0.115596739,0.116508052,0.32158454,-0.029766488,-26.09355991
-0.638030166,0.282352664,0.700497063,-0.754604382,-0.003912509,1.868032925,0.503089253,-0.501757761,-0.056506125,0.275093477,-9.070343043
-1.779438925,-0.533004082,-0.598279334,-0.868767545,0.943715506,0.287272514,0.613460166,-0.905797213,0.830498134,-0.032503893,-98.04893004
1.056041606,-1.509551622,-0.665140299,1.293933523,-0.222565071,-0.843596613,0.179523302,-2.412550818,0.404408154,1.848938619,52.42835754
-0.1454716,0.929896445,-0.922657808,-1.208030388,-0.238483304,-1.952463253,-0.072299,-0.687522422,0.300946605,0.70182203,-204.3384825
0.1487235,1.181118848,0.407330144,1.033801821,-0.372316437,-0.80609594,-0.382439357,0.612686418,0.982507039,-0.595909769,109.9510981
0.503859934,0.08519593,0.576356018,-2.34224687,-0.480543426,-1.437545781,1.592852064,-0.885970082,1.360294993,0.170566027,-182.020409
0.633301236,0.11426523,1.674801678,1.144205159,-0.650233086,0.254534301,1.082956829,-1.244362484,0.519733306,0.794115935,251.320116
-0.265560513,1.370101854,-0.476551423,-1.304589444,0.125886531,0.983852344,-0.893595014,-1.196665592,0.012223548,-1.641380116,-166.9275204
1.435915351,0.517808042,-0.036147982,0.001743863,-0.898787219,-0.378608484,-0.475585932,-0.512479497,-0.693794821,-0.45464418,-41.16980968
0.824206384,-1.354641497,-1.058131496,0.829655727,0.621261784,-0.145188659,-0.509377679,-1.189425645,0.52793948,-0.299299788,11.56821955
-0.463129864,-0.020076198,-0.273151872,0.375543373,-1.112629537,0.260281473,-1.778125634,-0.833060371,-0.155106883,-1.27955668,-49.9280742
0.659025952,-1.561042576,-0.786827631,-0.22350706,-0.148971665,0.727547374,-0.019476465,-1.344340472,-0.142774953,-1.929482263,-93.65596766
-0.363612212,-0.056945624,-0.544919087,0.399136114,-0.096713112,0.211017467,-0.037634702,0.150301761,0.114227649,1.103301882,-14.1371639
2.105856344,0.7641583,-0.643872011,1.111145215,0.401429659,-3.082562175,0.390192611,1.038386037,-1.083596545,1.124095895,37.45395132
0.007773579,-1.179017091,-1.186203348,-0.62855623,-0.51116357,1.165854258,-1.063058296,-0.911391463,-0.334283308,-0.564977984,-197.6673466
0.963879117,2.210523002,0.633776881,0.413799097,0.30982071,-1.187598419,-0.185287659,-0.147002002,0.043811472,-0.1298207,106.9951638
-0.527994022,1.35306916,0.592329547,0.099313815,-0.184551442,-0.07434533,-0.390408738,-0.611177152,-0.652528293,0.51614404,67.66634479
-1.907581998,2.615266657,-0.34352177,0.391468118,-1.587822142,-2.581739178,-2.671178683,0.136962111,-0.354577802,-0.011610212,-73.13054609
-1.606256788,0.39495797,-0.803110834,-0.731857308,-0.504633742,-0.802271834,2.721912148,0.491993487,1.101737862,0.844455872,-142.9685744
-1.981964486,-1.499181202,-1.353754675,0.734476745,-1.037991355,2.779963624,-2.077119854,-1.544935922,2.145824925,-0.23527391,-110.2546921
2.464701984,-2.153745748,0.695128572,-0.636168781,-2.379778222,-0.428724081,-0.104901423,-0.372896639,-0.364706585,0.67682258,-87.09998971
-0.103692394,0.801091839,0.088184719,0.58007353,-1.742393167,-0.292790231,-0.549233415,1.045492223,0.108111975,0.261712833,-0.619615893
-0.080426576,-0.526366143,1.631464967,-0.443505958,0.37865347,-0.698077749,-0.36012244,0.495112455,0.212873872,0.926464087,138.0462333
0.116146071,0.915676856,0.54385869,0.926744184,-0.636562542,2.414247892,0.101182885,-1.109611654,1.995213201,1.385828072,142.0487952
1.345871058,0.088309013,-0.693233337,-0.72016102,-1.6485676,1.060404211,-2.531583129,-0.113142537,-0.246159824,0.566120947,-197.5363363
0.985220173,-1.398357074,-0.993433599,-0.72443976,-0.039516542,0.520560796,0.289451073,0.541050984,0.130743859,-1.423336795,-172.9649705
0.975823337,0.008857704,-1.443925547,0.444853538,0.288028368,-1.972089027,0.411565719,0.805574703,1.120967024,-0.941403169,-98.04445143
0.322518995,0.607128275,0.794546018,0.555628603,0.617109231,0.189494537,-0.811021761,-0.298495726,-1.451589667,-0.286269689,136.0559663
-0.759183546,-0.821286384,-0.456168347,0.502574774,0.76339308,0.491739641,-0.328889497,0.481967827,0.169693158,0.719327602,38.49275432
-0.369224883,0.349792767,0.332889229,1.069144864,0.895096463,-0.611702075,1.112738803,0.950860958,1.350770131,-1.727259491,166.313829
0.475840377,-1.277257668,1.013841161,-0.549708402,-0.825932355,-0.152950729,0.328220332,-1.700756937,1.597699326,-0.700020293,13.87395797
-0.503499071,0.779930345,0.453514849,1.096481557,-2.030275151,0.375820326,-1.77575829,1.680086649,1.343534654,0.371563906,55.82022202
-0.684987179,0.801181764,-0.154649707,-1.813293472,0.89184058,1.601074306,-0.019318304,1.588447176,1.167217733,0.101630054,-144.1698268
-0.405050953,-0.798472797,1.399097479,0.620829945,0.145995914,1.04452643,-0.617796273,1.217548022,-0.727464806,-0.497134024,186.4081218
0.534207862,-0.726741905,-1.133421018,0.349923715,0.230610849,-0.587856305,-0.895354374,-0.860756802,2.337827745,1.062853693,-66.0554041
1.116430749,0.963737877,0.625228471,1.164475847,0.402718189,1.784635607,-0.964657589,-0.079122222,2.425412592,-0.165082662,175.200968
0.042249604,-0.404153906,0.916627689,0.284511983,1.946821962,-0.059609845,-0.266939687,0.331673962,-0.029954646,1.676021459,185.8492326
0.149597958,0.097827175,-0.257620486,-0.069633453,-0.436155442,-1.380598706,0.689164457,-0.014270353,-0.273729252,-0.683634282,-41.51877463
-0.234019859,0.466358374,0.498221748,1.140149039,0.246504778,-1.111457957,1.580540687,-1.257577859,-0.810857511,-1.015094192,168.1936845
1.414840663,-0.87419927,-1.443200794,0.638186999,-0.587737969,1.592024899,1.744311115,0.409140923,0.204797877,0.663597869,-80.0237855
0.423507874,-1.60470501,-0.067446559,1.193611755,1.569628587,1.120936512,-0.342304843,0.445677907,0.207488798,0.902091312,172.9640361
0.779349004,-0.039019519,1.370536144,0.6952029,0.757495149,-1.05014074,0.283751024,1.249618905,-0.846850966,-0.987873341,216.8145214
-0.497360792,-1.698236942,-0.540018077,0.616078872,0.044979727,0.043243997,0.902083438,-0.02226219,-0.26848986,-0.018167633,0.989926765
-0.402449316,-1.311823906,2.237284385,0.525588335,1.115934422,-1.296182553,0.983757294,-0.209509615,-0.503706837,-0.647096531,292.940283
1.067802498,-0.546425048,0.640626249,-0.222393228,1.744357236,0.661357018,2.31820569,-0.421531414,1.3985916,0.230814502,107.4095364
-0.974060157,-1.951742609,-1.178691132,0.352038613,-1.082158136,-0.858844278,0.30915772,1.527132384,0.005085396,-0.68404603,-99.62569149
-0.143524669,-1.415233931,-0.535245704,-0.213296576,-0.216792032,0.473341183,2.036042833,0.583433569,-1.041005218,-0.416899636,-75.3743027
0.444372964,1.942557589,-0.128789524,-0.115244782,-0.296822389,1.781091995,-1.345505146,-0.030070617,-0.652876119,0.571798123,-32.73449731
-0.22160339,1.730815193,1.49600317,-0.293692526,-1.663386711,-0.431765489,-1.05510163,-0.693697968,-0.796224123,-0.414563863,28.83249471
1.033612838,0.796932565,0.628917061,-0.309108016,-1.732973213,0.079093497,-0.0820325,-0.541259574,0.205688917,0.427185471,-33.96479033
0.813517217,-1.230864316,-1.062303714,0.473592431,0.068562975,-1.550663431,-0.919424234,-0.322061516,-0.783253292,1.549934405,-42.16507259
-0.657500816,-0.557715106,-0.021648382,0.316010411,1.714737847,0.893080465,-2.115141006,-0.858104692,-0.695996495,-0.434889948,81.99439253
-1.054105437,-2.058680686,-0.100841348,-0.600156495,0.107808328,1.061795338,-0.7936165,0.78949876,-1.749162802,0.317258581,-65.29765962
-0.227106008,-0.141757554,0.16540366,-1.382017569,0.533207318,0.703142542,-0.48361714,-2.531769316,-1.05122003,0.841780775,-80.47992567
-1.227162999,0.316104994,-1.755646612,0.535579968,-1.785502269,-0.998370944,-0.433872622,-0.140239949,-0.429746663,-0.350994142,-172.8583437
-0.067277465,-1.074661039,0.432352714,-0.717181901,-0.630846403,0.257373106,-2.032353764,-1.131067236,0.021092748,-1.321555787,-51.27784684
0.274283716,-0.174167665,-0.419372187,0.136540952,-0.118941421,-1.118436504,-0.709913897,0.078417698,0.008772775,-0.21443169,-24.31297665
-0.401815747,-0.168414858,2.20215522,1.28644228,0.241459299,-0.277339457,0.210529263,1.162044338,-1.35633497,-1.373069834,334.2503125
0.321456104,-2.625368538,0.70574538,1.673050642,0.206587663,0.460182981,0.67570055,0.131531944,0.702251919,1.742614176,231.5527924
0.854467344,-0.242615186,-1.585270079,-0.854327378,-0.350758221,-1.03711682,-1.198822427,0.119481753,-0.496032198,-0.328686767,-238.8410698
-1.400716461,-0.593279961,0.360373975,-1.169512197,-1.749169741,1.321305249,-0.463599299,-0.581387797,-1.007832052,0.000971284,-155.0101587
0.17991437,0.837830535,-1.0560308,-0.256945125,0.506157655,1.807608508,0.307832373,1.202576505,-1.397805478,2.068226042,-103.6840735
0.535645469,-1.537989831,0.346063998,-1.664232188,-1.007579659,-0.235583517,0.979887595,1.370757393,1.7841287,-0.871173034,-155.7850652
-1.282794754,0.925765426,1.036777845,-0.107814987,-0.155814214,-2.990406305,0.708144055,-0.731601479,-0.456370791,0.008495017,72.04976601
-1.326827139,1.155948937,0.294041087,0.853823575,-1.116439532,0.451703953,-0.724001723,1.996169721,-0.552780717,0.299956469,74.61297048
-1.879384706,0.66607948,0.42839861,-0.949402363,0.010008347,0.068126456,-1.725509601,1.233551713,1.072099098,-0.312102092,-41.87794336
0.759136622,-0.817808797,2.179205112,0.751904227,-0.024367842,-0.361335387,-0.933575252,-1.056338867,0.332436911,0.028103904,255.0264452
-0.01361816,1.806056874,-1.334238148,-0.868554438,-0.429881636,-3.21121861,0.243749924,1.189508879,-0.295565964,-0.205232645,-210.1691312
0.32659596,-0.513313089,0.681660651,2.380387746,0.543524333,-0.770226983,1.125679932,0.293747352,-0.620264297,0.243103058,338.9459371
-0.202190335,-0.937057676,-1.547531082,-0.480420219,-0.155926097,1.284979715,0.379123633,0.740078366,0.020029749,-0.532701088,-188.4485075
-0.73741974,-0.439868962,0.289839957,-1.191997007,-1.547052922,-0.640743866,-0.818998573,-1.000690116,1.876899275,0.923336942,-132.510275
-2.255791331,0.431009692,0.410383277,1.21466678,0.411357631,-0.720455071,-0.144866755,-0.986942737,0.016374242,0.405824087,173.3382078
0.787553407,0.016914217,-0.305650095,-1.187406155,1.338677974,0.903718361,-1.180963618,-0.384222615,-0.45876683,-1.838107565,-83.60623665
0.72089991,-1.034488004,-0.140454079,2.371308044,0.340719845,0.877951467,0.033988038,2.211993308,-0.507578573,-0.086985334,235.2680366
-0.755460801,2.233115917,0.687902083,-0.347161482,-1.047774946,-1.116940884,0.917772151,0.793262496,-0.64492846,1.210166095,-4.063196426
1.721964288,1.421893089,1.369114368,-0.394158097,-2.177236069,3.071336702,-1.617151714,1.03746667,0.277479241,-0.526955144,10.30832961
-1.192896194,1.476912296,0.155918586,-0.115971253,-1.176919892,-1.583895591,0.594466482,1.195185402,-0.324978594,-1.22872676,-37.8609739
-1.060731624,1.474460327,-2.96521053,1.327554651,0.766137585,-0.207947599,-0.156944805,1.395707482,-0.320517724,0.141776561,-119.1031911
0.264948601,0.097288729,0.01294398,0.061781823,-0.039360625,0.185669559,0.129911673,-0.152210951,-1.10386419,0.060242031,7.202768942
1.152022303,-0.52781481,1.083271199,-1.228487318,-0.176969334,1.907263509,-1.519419146,0.636669941,0.307815014,2.017370472,-40.29666572
1.311934849,1.118235255,0.749789878,0.743840389,-1.270763833,1.780234651,-0.530391591,-0.330025733,1.262959462,0.296050715,90.75588852
-0.04700455,-1.082528146,-0.049534564,0.045803256,-0.244450361,-1.128884007,-0.144542985,-0.044572766,0.338742658,-0.935782005,-14.49385113
0.760744762,0.018382033,0.201436544,0.163776871,-0.182450003,0.856413506,0.054726425,1.418396869,-0.30541722,0.092804546,30.65416074
-0.55085747,2.670675375,-0.203132046,-0.403593337,-0.3049813,0.028848895,0.85666512,0.160704551,2.256752472,0.194021005,-76.99414389
-1.058061717,-0.543939767,0.487008968,0.092531392,0.551573539,0.629082619,1.025819533,-0.587451275,0.737322616,1.237796504,79.00817975
0.549139792,-0.701940819,-0.427550292,0.100225479,-0.407726356,-0.805992119,-0.280038775,1.267668434,0.430686253,0.268666846,-49.56991841
-1.478586246,1.143754043,0.326927374,-0.219100529,1.676437312,0.018418379,0.829405581,0.770865194,0.235614558,-2.211135309,86.84079239
0.109070583,-0.755951389,-0.591797465,-1.679484458,0.216094866,-0.56614694,0.198225193,-1.481658563,-0.062054852,1.115167894,-206.9938618
-0.462629277,0.45517567,-0.904295187,0.790617719,-0.071706346,-1.28141498,0.81453546,-1.459786672,-0.82830254,-1.902626236,-7.193092172
1.231009311,-0.431944035,0.373128997,1.486827198,-1.741700606,0.285791716,0.315279282,1.082761615,-0.317031236,0.18614301,98.2053793
0.391459498,0.78364913,1.092239442,-0.550144898,-1.163239829,1.446686169,0.163925953,0.674499198,0.197707441,0.22598746,3.486627961
-0.017894977,-0.976400049,0.020417167,-1.465673857,-0.992578007,0.338357442,-1.769050304,0.202280408,-0.383874741,0.366746408,-180.1170993
-0.860414883,0.488600194,-0.467078472,0.328949477,-0.825298299,-0.003656803,0.430996136,1.670639158,-0.477742179,2.18840947,-47.36798762
-0.790428714,1.23969453,1.062627497,0.922427751,-0.08740171,-0.376604744,0.184832888,1.077336887,-0.943486179,1.190538984,197.2759936
0.539611899,-1.958604597,1.201006529,0.219896626,0.317444359,-2.334281209,0.502203551,0.556307623,0.110911073,0.752393381,147.1422412
-0.313058031,-0.000708595,0.719757942,-1.293272958,-0.190903792,1.80434811,-0.956436377,0.355613349,1.484116029,0.472406278,-76.47902516
0.112698509,0.880877471,-0.892511025,-2.547606673,0.29248748,0.250980869,-0.906131233,-0.841855666,-0.613296957,-1.007868578,-319.6276337
0.687335818,0.479137161,0.337046775,-0.934358185,0.437956109,-1.19136909,-1.053315526,-0.190499345,-0.559882519,0.382290441,-22.0316186
1.134232447,-0.718307057,0.269729527,-0.417837776,1.636850511,0.161396914,-0.295190411,-1.38934242,-1.018636289,-0.76430475,39.23353695
-0.275945776,0.459033905,0.55038047,-1.684224798,0.807419182,1.263364085,-0.089000537,-0.415548271,0.252365924,-0.55789226,-84.72740981
-0.006401936,0.962414054,1.464462512,-0.976471798,0.57871375,1.285536819,0.956510881,0.895916698,-2.39642495,-0.742747168,74.70797711
-1.536079677,1.580183666,-0.57155216,-1.392812786,-1.35712742,-0.319576609,-1.23679489,1.489165063,0.953451298,-1.140944488,-250.1069056
-1.065682698,-1.683732568,-1.597619729,1.490137522,-0.520630607,0.922977565,2.054514889,-1.154634339,-0.335785939,1.542806774,-6.67249336
-0.80708806,-0.333423708,-1.735630876,0.384231917,-1.25546801,1.265198888,0.293271375,-0.400222952,0.359521062,-1.73130681,-181.0097669
0.153421196,-1.199620952,0.924296932,-1.300711801,-1.264647272,0.634252876,0.638584666,0.907342946,0.476584147,-0.648273554,-93.82407476
0.667853913,-0.614981753,1.644380286,-2.017288977,1.206114589,-1.463818584,0.47859111,-0.49009446,-0.327007663,0.617620814,13.34318329
-0.374400448,-0.16224854,-0.367735583,0.395697507,0.703156316,0.141559267,0.01481601,-0.078926676,-0.188591851,0.935494396,29.87293409
-0.887492178,-0.4374583,-0.134017167,0.014688195,-0.609782904,1.196631487,-0.784898313,0.419532444,-0.120948149,0.648280434,-31.64891862
-1.384435604,-0.434073822,0.671477671,-0.678620618,0.653596684,-0.508614894,0.611583926,-0.026296201,0.481055724,-0.943532117,28.26735582
-0.491110148,-0.269503807,-1.93203695,-1.202812359,-0.420394425,-0.512026399,-0.034553006,-0.780494422,0.491173058,0.37927174,-313.4153436
0.020123416,-1.403227331,-0.404309805,-0.296902581,0.280897437,1.642034021,-0.370087583,1.231564366,0.436607256,0.248005538,-44.63374889
-0.711319911,0.595131186,-0.012365938,-0.328320943,-1.336977958,-0.149635944,-0.050080599,-0.794659184,0.177698046,1.471708898,-103.7724715
-0.379731125,1.076664652,-0.379891209,0.115860759,0.541379373,-0.470830377,0.174515662,-0.37529517,0.062945097,-0.352304873,-7.241740558
1.729300866,-1.491079924,1.57572045,0.018790511,1.505195999,-1.551026182,1.32292616,-0.760284439,-1.866245935,-0.551675138,226.5965409
2.768373606,-0.2515519,-0.435138748,-1.314878664,1.67720051,-0.806519832,0.219071563,-1.095870811,-0.835870256,-0.475392242,-100.9167507
0.546524416,0.095264064,-2.327599233,0.770480437,-2.06752332,-1.163099185,-0.618977568,-0.516048156,0.488154265,-0.454900668,-220.6610235
0.391927496,-0.647329542,-0.467619014,-0.423252624,-0.964303351,-0.261615187,-0.647150039,1.407819509,1.121717276,-0.688723046,-137.1263945
0.224339657,0.904017555,-2.189921705,1.194592221,-0.756763977,0.232786743,0.95838582,1.074318013,0.229074688,0.051660977,-86.76087094
0.715381315,0.718185726,-0.01926038,-0.262890829,0.784604288,2.412615422,0.022465893,1.114321695,-1.180812815,0.547119115,-18.34794145
-0.268229935,2.998734106,-1.519411891,-0.832401477,0.12159154,-0.432138114,0.656043567,0.974399355,1.245725078,-1.230192117,-218.7760242
0.238824326,0.964435644,-0.503558125,0.35181959,0.114126074,-0.226334416,0.313843032,-0.184165518,-0.38125095,1.897885838,-20.68990435
-0.467701201,0.346503882,1.1487657,-1.739713779,-2.848542621,0.771698711,-0.362440941,1.160826787,-1.294681476,-1.119669895,-180.4015041
0.829126772,0.552719745,-0.119705733,0.14799561,-1.182520022,-0.141343205,0.518834545,2.012030028,-0.88094941,0.077158026,-47.02680084
0.356667607,2.236971077,-0.965970925,-0.812169472,-1.450016356,0.262641988,-0.663338324,-1.410802285,0.203482003,-1.375149392,-225.5420398
-1.045694971,-0.208917957,1.692313019,-0.259721171,-1.36167503,1.625330309,0.035371417,-0.50290965,-0.771269417,-1.086710811,78.84011118
-0.127507979,-0.443926494,-0.098445314,1.343008084,1.804448972,0.286278223,0.874114082,0.929189562,-2.011491325,0.735443286,206.5135437
-0.699489505,0.480529663,-0.752757497,0.810530763,0.009347176,1.911894164,-0.254020566,1.564014018,-0.259275974,0.599262825,10.00829757
-0.755598248,-1.28530132,-0.477546714,0.020296284,-0.955849998,0.383670913,1.338415077,0.440566903,-1.732568802,-0.47352563,-83.16370262
0.442992706,0.669497557,0.232242855,-1.05352767,-0.506534493,1.490359982,-0.099472974,-0.43149738,0.125852804,0.386691539,-90.385303
-1.426834094,0.044958196,0.457364632,2.074383013,-1.893721428,-0.598528042,-1.195896357,-0.101985825,1.30975515,0.179379835,151.181402
0.116496696,-0.193222204,0.295070744,-0.526568121,0.079366013,-0.24389354,-0.19343888,-1.526678603,-0.477841787,-1.181034728,-17.55286982
0.388521873,-0.493047186,-1.154850677,0.478458689,1.448521361,-0.675467245,-0.492016731,-0.283231829,0.050138025,0.410141957,-8.443581163
-0.216748092,0.460932635,-0.545327646,0.743063739,-1.268718049,0.302057507,-1.822615594,0.926715277,-0.372654846,-1.411358894,-49.77977001
0.140556403,0.342982967,-1.502424598,-0.062748526,-0.780260725,-1.050384107,0.600116455,1.126457757,-0.534121642,-0.021418295,-153.721234
0.705548565,0.155525038,-0.516730438,-0.233135933,-0.32781531,0.951277389,1.447857766,-0.426786471,0.078115692,-0.279105856,-65.95525922
0.242828934,1.139960271,0.019241389,0.430562727,-0.480390249,1.881760123,0.494793457,0.162043368,-1.250390162,0.292862417,31.11951894
0.613517973,-1.022792565,-0.024354592,2.142270359,-0.573700004,0.522835488,1.72754317,0.120031327,0.038003478,0.43632367,198.9289084
0.377444141,-0.599327103,0.134860218,-0.007475705,1.396968567,-0.31769139,-0.744769312,0.352978575,0.760938483,-1.531780039,60.6530935
1.037806942,-0.048839391,-0.527016987,-0.772738803,0.171044069,1.974652362,1.304602703,-0.032838351,1.449309123,1.276694199,-114.5553447
1.623884993,0.38316819,0.731000627,0.538434957,1.254338361,-1.236135796,0.715734241,-0.686715343,2.185094895,2.394361901,174.4844491
-0.887314365,0.89176428,0.75576185,1.955526086,0.562295966,0.195533238,-0.595663702,0.661653767,-1.854136477,-0.686549744,268.4655516
0.084505806,-1.229353238,-0.091789847,0.514146908,-1.074327973,-1.904731219,0.182499311,-1.58875035,-1.079372513,0.560454253,9.158735912
-0.641164929,-0.265064997,-0.721569082,0.138856032,-0.479964643,1.453840237,0.831498867,1.911606067,-1.4241676,0.798091049,-84.10871288
-0.595686226,-0.675552041,0.829116284,-1.066380571,1.284053399,0.056243746,-0.61270201,0.635311784,2.694822332,-1.009296793,28.89652044
0.882257262,-0.111054978,0.923522599,1.424764392,1.011942908,0.531350275,0.58841811,-0.824151992,-0.590771298,0.205144441,271.0137791
0.680287166,-1.1579337,0.204319884,-1.187130332,-1.356545052,-0.220562534,-0.488012803,0.250430283,-0.212458725,0.182587804,-151.6775144
1.200413908,-0.656894279,2.013387248,0.136535331,-0.67771537,0.459972143,-0.365321551,-0.971614039,-1.34712629,0.184680306,160.7457655
1.578118058,0.985449686,-0.194697296,-0.064188177,0.745005313,-0.718832388,0.091752484,0.214713183,-0.116229043,0.252240396,3.6964126
1.04943229,0.481652284,-0.842855798,1.26279024,0.067553259,0.485638468,-0.054455543,0.534996035,-0.96265513,-1.120500671,33.87934961
-0.27616924,0.01849742,0.259374671,0.237261783,-0.368342351,1.306790082,1.662626701,-0.272254613,-0.457645301,0.740997033,22.35799473
-1.616241473,-0.013012375,-1.058274498,-0.587172721,-0.55402827,1.42683554,-1.346230816,0.477537342,-0.139621647,0.078779692,-185.9475016
0.923508616,-1.050623322,-0.845673104,-0.014098966,-0.183853893,-0.158305478,-0.062648222,0.79799455,0.084505146,0.241240248,-85.32916248
0.316916987,0.741373892,1.810526088,1.492722629,-1.299678552,-1.2978411,-0.852298999,0.046940116,0.128044243,-1.97659432,268.84788
1.126517894,-0.973866154,-0.679966695,0.503328774,-0.739510571,-0.549383384,-0.096749405,-0.414516217,0.261404503,-0.42842173,-63.66711876
0.51390785,0.179581782,0.871297297,-1.34597968,-0.474903657,0.586693801,0.12637958,-0.677744971,-1.000331325,1.938928999,-57.11104881
-0.708799626,1.911988238,-1.312858608,-0.187784408,0.188671573,-0.322074059,1.704084289,1.013346405,1.230967321,0.661989998,-118.1537827
-1.299809241,-0.544693187,0.925797043,-1.135742893,-0.498437981,0.421513647,-2.927059843,1.299333674,1.290095813,0.282553651,-41.15602693
-0.295433138,0.274129006,-0.314642176,0.900583003,0.311866916,0.430253017,-0.914481092,1.403120815,-1.041489387,-2.048145468,50.33248695
0.242462972,0.323755067,-0.734951877,-0.902910007,0.683618312,-0.710691992,1.767928667,-0.76476829,-1.861513361,0.960740012,-117.8295333
0.492715419,-0.304065258,-1.052523055,-2.086848529,-1.158793066,0.143630834,-1.083665833,-0.180135604,-0.559654181,0.068823658,-346.8935612
0.373684143,1.468493404,-0.068540036,-2.011999968,-1.535957298,0.174669556,-0.516144869,-0.999159943,0.767030794,0.063515558,-264.054909
-0.114539845,1.237816312,-1.320233207,1.831458766,0.491919172,-0.898414671,1.179440121,1.353872374,-1.713134529,-0.469175652,89.26399699
1.004930294,-0.392801017,-0.860523868,-0.07247772,0.543339597,0.309555647,-0.15650383,-0.763106353,2.301674852,-0.551737852,-62.12035792
-0.124998666,0.980358828,-0.014436019,-1.084921305,-0.290254443,-0.798772458,0.984509073,1.035052704,-0.072576226,-0.439614823,-99.52933905
0.550052099,-0.968344455,0.918316606,-1.570500604,1.392002286,0.179894151,-0.989628137,-0.22463315,-0.982487394,0.940771188,-24.84520781
-1.064045927,-0.17858227,-0.185736763,-1.112764078,-0.529024651,2.060826564,0.948339279,0.299520419,-0.491263028,-0.781559859,-140.7961767
-1.588084115,-0.0066645,-1.022812644,-0.875781275,0.065553725,-1.053636614,-0.402483683,0.579044898,0.551847581,0.445097258,-168.3360439
1.276315028,-0.514898993,-0.121231026,0.393357973,-0.495222244,-0.073200423,-0.418231068,1.023123276,-0.654528571,-0.777962571,2.384025959
-0.022436052,-0.057950542,-0.276889356,-0.671720789,1.309444101,-1.315441307,-1.254160987,2.091094273,-1.402369283,-0.555016702,-52.43968386
-0.009413162,0.12617916,-0.528362279,-0.078082098,-1.480675392,0.514851681,-0.911062518,0.409308231,-0.213757577,0.94604447,-131.2680285
-1.009115937,-1.298627952,0.09288455,-0.33011031,-0.810323435,0.486231418,-0.19496618,0.751666563,-0.659935743,-0.111792257,-68.40132101
0.744788783,-0.679391435,-0.712231075,1.156484055,-0.129322452,0.916309107,-1.234032252,-1.026073159,-1.48610305,0.189303859,5.026191375
-0.563198925,2.030009945,0.266994355,-2.209993547,0.999264806,1.525947865,-0.377887164,-0.197466776,0.358800826,-0.338263259,-147.3430268
-0.521088962,0.613536129,0.146235279,0.591289589,-0.167136084,0.033015877,0.668248124,-0.021362372,1.820034813,1.094166836,71.0494433
-0.149940719,-1.433151815,0.978889559,-1.371743129,-0.709788992,-0.614323144,1.608780856,-0.462939512,1.090861671,0.82822969,-60.51132608
0.128728681,-1.235333979,-0.377869454,0.159835352,-0.352478946,2.231496335,1.730116769,2.087272162,0.275985849,-1.679745327,-10.68649691
1.462254604,-0.290453916,-2.219777947,-1.399681505,-0.146853521,1.191090683,-0.249369625,0.032396214,-0.413423771,-1.16304265,-353.5695066
0.169164974,-0.279002935,-2.363569312,0.047053498,-0.278254189,-0.029371137,-0.381155745,-0.417411881,-0.205335184,-1.006527431,-225.2928013
-0.038134569,-0.21053494,0.525169313,-2.388531462,0.412071137,-1.38065217,-0.834338187,-0.803360433,0.118350201,-0.691054377,-151.445808
0.613536177,-1.142382025,-2.029552191,0.910667088,1.670021988,0.357307676,-0.261137335,0.899571014,-0.76480784,-0.353520995,-45.81934143
-0.340019791,-0.074937572,-0.661689871,-1.140578489,1.285759037,0.179429521,0.308128337,-0.027402291,0.54286372,-0.077180276,-127.2309488
-0.104342793,0.39330705,-1.615886787,0.299647688,0.765878279,0.204758882,0.932434871,2.814654444,0.700700612,-0.415100289,-82.05549115
-1.069024586,0.746764739,0.14211617,-1.708995412,0.32940079,0.101389778,0.026280843,-1.519173559,-1.400059263,0.444601941,-151.4554303
-0.077516066,-0.452396326,-0.81189153,-0.153448552,0.422662143,-0.241994212,0.450077173,0.16498714,-0.619710776,-3.081142824,-83.026648
-1.606602735,0.505389012,-0.09665391,1.612780233,-0.39129989,0.348095292,-0.699244064,0.270513475,1.419844487,0.059962858,113.5853364
1.751821781,0.297476735,-2.280415973,1.650102214,-0.840579748,-1.257629523,-1.462914887,-0.835667808,-1.791738592,-0.364001235,-106.3216151
-0.893068557,-0.496363129,-0.615981343,0.39358065,1.64382593,-0.713531136,1.03465737,0.93861077,0.191765633,0.486499017,50.29630524
-0.209968906,1.086056523,1.592978365,0.007284972,-0.79505209,0.545085756,-0.401794243,1.59597524,0.93928616,0.586849235,116.2609253
-1.955086114,-0.917615989,-0.185265915,-0.608239148,1.592225074,0.191993789,0.311389938,-0.177986208,0.441239822,0.469596483,-10.87808835
0.657763176,-0.069532286,-1.58358839,0.412998912,-1.352508689,-0.958778456,-0.214067698,0.265616993,0.690472686,0.379405398,-156.418158
0.608735589,-0.557130573,-1.096220325,-0.067871382,-1.125587114,-1.242246534,0.43163163,-2.249432454,2.571995317,0.739675468,-137.7876883
0.371206763,0.018230997,-2.179788661,-0.056836852,0.347673542,-0.268677878,-1.679502793,1.276263988,-0.187165548,-1.208303516,-204.353602
0.845406557,0.535856942,1.08686349,-1.716497577,0.501852049,1.117632442,-0.521830541,-0.383478019,1.224638731,-0.91117006,-48.10495402
-0.318227565,-0.275898394,0.497812766,1.889978644,1.008886137,-0.902166362,0.193378751,-1.743355271,-0.514762528,-0.108543332,244.7202813
-0.189180335,-0.1561939,-0.826491376,-0.866973456,-1.246340294,-0.174711038,0.043024485,-2.252533515,-0.34798955,1.067467851,-207.8817105
0.966917401,-0.723073105,0.943193303,0.445947777,-0.172626353,0.558232107,-0.606963446,-0.092165811,-1.358256986,1.335112668,125.3163352
-0.478146723,-0.304678963,-0.419313031,-0.498685024,1.774239618,0.996032503,0.319765513,1.562748785,0.318500853,-0.182699772,-5.073248052
0.605071496,0.513230061,-1.963088896,-0.759330071,-1.514436821,-0.916970768,-0.362748055,1.063987229,-0.130333959,0.691771235,-316.5374304
-0.008443449,-0.958657743,0.587148143,-0.52723883,0.524285599,-1.575000095,1.030408964,-1.20035524,-0.611156022,-0.548340112,25.27987327
0.568103205,-1.049655499,0.347561614,0.086697699,-1.10226974,-0.397195316,0.355668949,1.447305699,0.506240989,0.191577396,6.037911099
-1.276408423,0.359920933,-1.58562414,-0.440695583,-0.582199255,1.047669515,0.188055712,-2.035488456,-0.520746305,0.592407994,-212.300027
0.289715023,-1.204151076,-0.731497417,-0.705492532,1.074558608,-0.126986434,-0.844137724,-0.766961607,-1.582958077,0.567621975,-99.86149368
0.316446759,0.084620048,0.758713825,-1.766564508,-0.08052965,0.951564925,1.038298412,0.50515107,-0.531315819,-0.819844119,-101.0748366
0.365024029,0.291340549,-0.080932458,-1.340324262,0.653481878,1.719471167,0.163302791,1.021493928,-0.178959943,1.009096134,-111.1554258
-0.624120223,-1.564330326,0.147141819,0.429591303,0.378851229,2.867106817,-0.441319004,0.315171704,0.361001946,0.929479062,74.53068859
-0.553634329,1.890559905,-1.054158059,-0.647909436,0.868873142,1.662790594,-0.312979953,-0.753159372,-2.438379618,-0.185276726,-136.9340744
0.97218707,-0.356779829,-1.858769556,-0.980072217,-0.723817528,0.450582981,0.02753381,-0.293690226,0.913329412,1.395167393,-301.1273262
0.046885859,-0.652014124,-1.040485098,-0.220598521,-1.294420972,-0.201678028,0.356286548,0.136846008,0.29225261,-0.890822668,-155.4055826
-0.658175274,2.09884123,-0.320169508,-0.540285528,0.192192249,1.818278704,-0.93294847,-0.487639073,-0.350673394,-0.627754987,-79.40465203
-0.312098062,1.142520943,0.846466417,-0.311840751,-0.335886951,-0.054464952,-0.632619249,0.466647707,-0.952345181,-0.740820006,34.53696286
-0.597510195,1.422369862,1.194109403,-0.981165531,-0.677564652,-1.725806729,-0.464404262,-0.251538886,0.783390509,0.462060893,-12.79009069
1.380319575,1.857725829,-1.421083377,1.88589128,1.595934783,-0.2014919,0.099719846,-2.067266069,0.953378339,-0.18012639,95.47689481
-2.232593705,0.147694222,-1.582735902,1.382584483,0.338174609,-0.31859617,0.254817876,0.412452929,1.119761879,0.956901764,-12.82117315
1.029413101,0.796701927,0.671944608,0.384202072,0.668840131,-1.269998597,-0.994428522,-0.252763255,-1.183056185,0.24954819,111.6998433
-0.857894757,-1.674569626,1.38241863,0.463713879,-0.446483586,-1.079932282,0.671171359,-0.167835432,-0.37920953,-1.051131736,149.5141872
-0.182953396,0.790502398,-0.310647269,0.15385086,0.562931935,0.646192961,2.080884048,0.150007143,-0.24709199,-0.281568028,20.61260979
-0.118915651,-1.318655909,0.519032741,0.30925027,0.003962181,-0.827037565,0.50916268,-0.342380855,1.581881125,-0.760578873,84.72090305
0.817801428,0.70309424,-0.109066918,-0.904626697,-0.722537606,0.976952813,0.211433505,0.150018169,-0.029009253,0.039780273,-134.2911094
-0.396028219,1.217623175,-0.192382551,-0.037479454,-0.651939426,-0.626388575,-0.321244021,-0.607175275,-0.102320617,0.539667878,-44.09064154
2.216186579,0.003371992,-0.396956132,1.512375137,-1.592132334,-1.364528983,-0.992615041,0.846413161,1.188842868,-0.016811847,19.71990296
-0.911206199,-0.060054858,0.839322356,-0.829867998,0.432955915,-1.029200861,-0.178369592,0.474801617,0.209639217,-0.157675585,3.689728317
